subject_id,session_id,session_type,stage,image_set,session_number,session_date,plane_name,fov_index,targeted_structure,imaging_depth,frame_rate,scanimage_roi_index,genotype,name,in_capsule
782149,multiplane-ophys_782149_2025-03-25_09-46-08,TRAINING_0_gratings_autorewards_15min,TRAINING_0,,1,2025-03-25,VISp_0,0,VISp,40,10.63,0,Slc32a1-IRES-Cre/wt;Oi1(TIT2L-jGCaMP8s-WPRE-ICL-IRES-tTA2)/wt,multiplane-ophys_782149_2025-03-25_09-46-08_processed_2026-08-19_00-32-51,True
782149,multiplane-ophys_782149_2025-03-25_09-46-08,TRAINING_0_gratings_autorewards_15min,TRAINING_0,,1,2025-03-25,VISp_1,1,VISp,320,10.63,0,Slc32a1-IRES-Cre/wt;Oi1(TIT2L-jGCaMP8s-WPRE-ICL-IRES-tTA2)/wt,multiplane-ophys_782149_2025-03-25_09-46-08_processed_2026-08-19_00-32-51,True
782149,multiplane-ophys_782149_2025-03-25_09-46-08,TRAINING_0_gratings_autorewards_15min,TRAINING_0,,1,2025-03-25,VISp_2,2,VISp,80,10.63,0,Slc32a1-IRES-Cre/wt;Oi1(TIT2L-jGCaMP8s-WPRE-ICL-IRES-tTA2)/wt,multiplane-ophys_782149_2025-03-25_09-46-08_processed_2026-08-19_00-32-51,True
782149,multiplane-ophys_782149_2025-03-25_09-46-08,TRAINING_0_gratings_autorewards_15min,TRAINING_0,,1,2025-03-25,VISp_3,3,VISp,280,10.63,0,Slc32a1-IRES-Cre/wt;Oi1(TIT2L-jGCaMP8s-WPRE-ICL-IRES-tTA2)/wt,multiplane-ophys_782149_2025-03-25_09-46-08_processed_2026-08-19_00-32-51,True
782149,multiplane-ophys_782149_2025-03-25_09-46-08,TRAINING_0_gratings_autorewards_15min,TRAINING_0,,1,2025-03-25,VISp_4,4,VISp,120,10.63,0,Slc32a1-IRES-Cre/wt;Oi1(TIT2L-jGCaMP8s-WPRE-ICL-IRES-tTA2)/wt,multiplane-ophys_782149_2025-03-25_09-46-08_processed_2026-08-19_00-32-51,True
782149,multiplane-ophys_782149_2025-03-25_09-46-08,TRAINING_0_gratings_autorewards_15min,TRAINING_0,,1,2025-03-25,VISp_5,5,VISp,240,10.63,0,Slc32a1-IRES-Cre/wt;Oi1(TIT2L-jGCaMP8s-WPRE-ICL-IRES-tTA2)/wt,multiplane-ophys_782149_2025-03-25_09-46-08_processed_2026-08-19_00-32-51,True
782149,multiplane-ophys_782149_2025-03-25_09-46-08,TRAINING_0_gratings_autorewards_15min,TRAINING_0,,1,2025-03-25,VISp_6,6,VISp,160,10.63,0,Slc32a1-IRES-Cre/wt;Oi1(TIT2L-jGCaMP8s-WPRE-ICL-IRES-tTA2)/wt,multiplane-ophys_782149_2025-03-25_09-46-08_processed_2026-08-19_00-32-51,True
782149,multiplane-ophys_782149_2025-03-25_09-46-08,TRAINING_0_gratings_autorewards_15min,TRAINING_0,,1,2025-03-25,VISp_7,7,VISp,200,10.63,0,Slc32a1-IRES-Cre/wt;Oi1(TIT2L-jGCaMP8s-WPRE-ICL-IRES-tTA2)/wt,multiplane-ophys_782149_2025-03-25_09-46-08_processed_2026-08-19_00-32-51,True
782149,multiplane-ophys_782149_2025-03-28_10-55-25,TRAINING_1_gratings,TRAINING_1,,2,2025-03-28,VISp_0,0,VISp,160,9.48,0,Slc32a1-IRES-Cre/wt;Oi1(TIT2L-jGCaMP8s-WPRE-ICL-IRES-tTA2)/wt,multiplane-ophys_782149_2025-03-28_10-55-25_processed_2026-08-19_00-34-09,True
782149,multiplane-ophys_782149_2025-03-28_10-55-25,TRAINING_1_gratings,TRAINING_1,,2,2025-03-28,VISp_1,1,VISp,200,9.48,0,Slc32a1-IRES-Cre/wt;Oi1(TIT2L-jGCaMP8s-WPRE-ICL-IRES-tTA2)/wt,multiplane-ophys_782149_2025-03-28_10-55-25_processed_2026-08-19_00-34-09,True
782149,multiplane-ophys_782149_2025-03-28_10-55-25,TRAINING_1_gratings,TRAINING_1,,2,2025-03-28,VISp_2,2,VISp,114,9.48,0,Slc32a1-IRES-Cre/wt;Oi1(TIT2L-jGCaMP8s-WPRE-ICL-IRES-tTA2)/wt,multiplane-ophys_782149_2025-03-28_10-55-25_processed_2026-08-19_00-34-09,True
782149,multiplane-ophys_782149_2025-03-28_10-55-25,TRAINING_1_gratings,TRAINING_1,,2,2025-03-28,VISp_3,3,VISp,244,9.48,0,Slc32a1-IRES-Cre/wt;Oi1(TIT2L-jGCaMP8s-WPRE-ICL-IRES-tTA2)/wt,multiplane-ophys_782149_2025-03-28_10-55-25_processed_2026-08-19_00-34-09,True
782149,multiplane-ophys_782149_2025-03-28_10-55-25,TRAINING_1_gratings,TRAINING_1,,2,2025-03-28,VISp_4,4,VISp,80,9.48,0,Slc32a1-IRES-Cre/wt;Oi1(TIT2L-jGCaMP8s-WPRE-ICL-IRES-tTA2)/wt,multiplane-ophys_782149_2025-03-28_10-55-25_processed_2026-08-19_00-34-09,True
782149,multiplane-ophys_782149_2025-03-28_10-55-25,TRAINING_1_gratings,TRAINING_1,,2,2025-03-28,VISp_5,5,VISp,280,9.48,0,Slc32a1-IRES-Cre/wt;Oi1(TIT2L-jGCaMP8s-WPRE-ICL-IRES-tTA2)/wt,multiplane-ophys_782149_2025-03-28_10-55-25_processed_2026-08-19_00-34-09,True
782149,multiplane-ophys_782149_2025-03-28_10-55-25,TRAINING_1_gratings,TRAINING_1,,2,2025-03-28,VISp_6,6,VISp,40,9.48,0,Slc32a1-IRES-Cre/wt;Oi1(TIT2L-jGCaMP8s-WPRE-ICL-IRES-tTA2)/wt,multiplane-ophys_782149_2025-03-28_10-55-25_processed_2026-08-19_00-34-09,True
782149,multiplane-ophys_782149_2025-03-28_10-55-25,TRAINING_1_gratings,TRAINING_1,,2,2025-03-28,VISp_7,7,VISp,310,9.48,0,Slc32a1-IRES-Cre/wt;Oi1(TIT2L-jGCaMP8s-WPRE-ICL-IRES-tTA2)/wt,multiplane-ophys_782149_2025-03-28_10-55-25_processed_2026-08-19_00-34-09,True
782149,multiplane-ophys_782149_2025-03-29_10-10-29,TRAINING_1_gratings,TRAINING_1,,3,2025-03-29,VISp_0,0,VISp,158,9.48,0,Slc32a1-IRES-Cre/wt;Oi1(TIT2L-jGCaMP8s-WPRE-ICL-IRES-tTA2)/wt,multiplane-ophys_782149_2025-03-29_10-10-29_processed_2026-08-19_00-33-54,True
782149,multiplane-ophys_782149_2025-03-29_10-10-29,TRAINING_1_gratings,TRAINING_1,,3,2025-03-29,VISp_1,1,VISp,198,9.48,0,Slc32a1-IRES-Cre/wt;Oi1(TIT2L-jGCaMP8s-WPRE-ICL-IRES-tTA2)/wt,multiplane-ophys_782149_2025-03-29_10-10-29_processed_2026-08-19_00-33-54,True
782149,multiplane-ophys_782149_2025-03-29_10-10-29,TRAINING_1_gratings,TRAINING_1,,3,2025-03-29,VISp_2,2,VISp,114,9.48,0,Slc32a1-IRES-Cre/wt;Oi1(TIT2L-jGCaMP8s-WPRE-ICL-IRES-tTA2)/wt,multiplane-ophys_782149_2025-03-29_10-10-29_processed_2026-08-19_00-33-54,True
782149,multiplane-ophys_782149_2025-03-29_10-10-29,TRAINING_1_gratings,TRAINING_1,,3,2025-03-29,VISp_3,3,VISp,246,9.48,0,Slc32a1-IRES-Cre/wt;Oi1(TIT2L-jGCaMP8s-WPRE-ICL-IRES-tTA2)/wt,multiplane-ophys_782149_2025-03-29_10-10-29_processed_2026-08-19_00-33-54,True
782149,multiplane-ophys_782149_2025-03-29_10-10-29,TRAINING_1_gratings,TRAINING_1,,3,2025-03-29,VISp_4,4,VISp,80,9.48,0,Slc32a1-IRES-Cre/wt;Oi1(TIT2L-jGCaMP8s-WPRE-ICL-IRES-tTA2)/wt,multiplane-ophys_782149_2025-03-29_10-10-29_processed_2026-08-19_00-33-54,True
782149,multiplane-ophys_782149_2025-03-29_10-10-29,TRAINING_1_gratings,TRAINING_1,,3,2025-03-29,VISp_5,5,VISp,276,9.48,0,Slc32a1-IRES-Cre/wt;Oi1(TIT2L-jGCaMP8s-WPRE-ICL-IRES-tTA2)/wt,multiplane-ophys_782149_2025-03-29_10-10-29_processed_2026-08-19_00-33-54,True
782149,multiplane-ophys_782149_2025-03-29_10-10-29,TRAINING_1_gratings,TRAINING_1,,3,2025-03-29,VISp_6,6,VISp,43,9.48,0,Slc32a1-IRES-Cre/wt;Oi1(TIT2L-jGCaMP8s-WPRE-ICL-IRES-tTA2)/wt,multiplane-ophys_782149_2025-03-29_10-10-29_processed_2026-08-19_00-33-54,True
782149,multiplane-ophys_782149_2025-03-29_10-10-29,TRAINING_1_gratings,TRAINING_1,,3,2025-03-29,VISp_7,7,VISp,306,9.48,0,Slc32a1-IRES-Cre/wt;Oi1(TIT2L-jGCaMP8s-WPRE-ICL-IRES-tTA2)/wt,multiplane-ophys_782149_2025-03-29_10-10-29_processed_2026-08-19_00-33-54,True
782149,multiplane-ophys_782149_2025-03-31_12-23-33,TRAINING_1_gratings,TRAINING_1,,4,2025-03-31,VISp_0,0,VISp,160,9.48,0,Slc32a1-IRES-Cre/wt;Oi1(TIT2L-jGCaMP8s-WPRE-ICL-IRES-tTA2)/wt,multiplane-ophys_782149_2025-03-31_12-23-33_processed_2026-08-19_00-34-28,True
782149,multiplane-ophys_782149_2025-03-31_12-23-33,TRAINING_1_gratings,TRAINING_1,,4,2025-03-31,VISp_1,1,VISp,200,9.48,0,Slc32a1-IRES-Cre/wt;Oi1(TIT2L-jGCaMP8s-WPRE-ICL-IRES-tTA2)/wt,multiplane-ophys_782149_2025-03-31_12-23-33_processed_2026-08-19_00-34-28,True
782149,multiplane-ophys_782149_2025-03-31_12-23-33,TRAINING_1_gratings,TRAINING_1,,4,2025-03-31,VISp_2,2,VISp,115,9.48,0,Slc32a1-IRES-Cre/wt;Oi1(TIT2L-jGCaMP8s-WPRE-ICL-IRES-tTA2)/wt,multiplane-ophys_782149_2025-03-31_12-23-33_processed_2026-08-19_00-34-28,True
782149,multiplane-ophys_782149_2025-03-31_12-23-33,TRAINING_1_gratings,TRAINING_1,,4,2025-03-31,VISp_3,3,VISp,245,9.48,0,Slc32a1-IRES-Cre/wt;Oi1(TIT2L-jGCaMP8s-WPRE-ICL-IRES-tTA2)/wt,multiplane-ophys_782149_2025-03-31_12-23-33_processed_2026-08-19_00-34-28,True
782149,multiplane-ophys_782149_2025-03-31_12-23-33,TRAINING_1_gratings,TRAINING_1,,4,2025-03-31,VISp_4,4,VISp,80,9.48,0,Slc32a1-IRES-Cre/wt;Oi1(TIT2L-jGCaMP8s-WPRE-ICL-IRES-tTA2)/wt,multiplane-ophys_782149_2025-03-31_12-23-33_processed_2026-08-19_00-34-28,True
782149,multiplane-ophys_782149_2025-03-31_12-23-33,TRAINING_1_gratings,TRAINING_1,,4,2025-03-31,VISp_5,5,VISp,280,9.48,0,Slc32a1-IRES-Cre/wt;Oi1(TIT2L-jGCaMP8s-WPRE-ICL-IRES-tTA2)/wt,multiplane-ophys_782149_2025-03-31_12-23-33_processed_2026-08-19_00-34-28,True
782149,multiplane-ophys_782149_2025-03-31_12-23-33,TRAINING_1_gratings,TRAINING_1,,4,2025-03-31,VISp_6,6,VISp,40,9.48,0,Slc32a1-IRES-Cre/wt;Oi1(TIT2L-jGCaMP8s-WPRE-ICL-IRES-tTA2)/wt,multiplane-ophys_782149_2025-03-31_12-23-33_processed_2026-08-19_00-34-28,True
782149,multiplane-ophys_782149_2025-03-31_12-23-33,TRAINING_1_gratings,TRAINING_1,,4,2025-03-31,VISp_7,7,VISp,310,9.48,0,Slc32a1-IRES-Cre/wt;Oi1(TIT2L-jGCaMP8s-WPRE-ICL-IRES-tTA2)/wt,multiplane-ophys_782149_2025-03-31_12-23-33_processed_2026-08-19_00-34-28,True
782149,multiplane-ophys_782149_2025-04-01_09-42-11,TRAINING_2_gratings_flashed,TRAINING_2,,5,2025-04-01,VISp_0,0,VISp,160,9.48,0,Slc32a1-IRES-Cre/wt;Oi1(TIT2L-jGCaMP8s-WPRE-ICL-IRES-tTA2)/wt,multiplane-ophys_782149_2025-04-01_09-42-11_processed_2026-08-19_00-33-58,True
782149,multiplane-ophys_782149_2025-04-01_09-42-11,TRAINING_2_gratings_flashed,TRAINING_2,,5,2025-04-01,VISp_1,1,VISp,200,9.48,0,Slc32a1-IRES-Cre/wt;Oi1(TIT2L-jGCaMP8s-WPRE-ICL-IRES-tTA2)/wt,multiplane-ophys_782149_2025-04-01_09-42-11_processed_2026-08-19_00-33-58,True
782149,multiplane-ophys_782149_2025-04-01_09-42-11,TRAINING_2_gratings_flashed,TRAINING_2,,5,2025-04-01,VISp_2,2,VISp,115,9.48,0,Slc32a1-IRES-Cre/wt;Oi1(TIT2L-jGCaMP8s-WPRE-ICL-IRES-tTA2)/wt,multiplane-ophys_782149_2025-04-01_09-42-11_processed_2026-08-19_00-33-58,True
782149,multiplane-ophys_782149_2025-04-01_09-42-11,TRAINING_2_gratings_flashed,TRAINING_2,,5,2025-04-01,VISp_3,3,VISp,240,9.48,0,Slc32a1-IRES-Cre/wt;Oi1(TIT2L-jGCaMP8s-WPRE-ICL-IRES-tTA2)/wt,multiplane-ophys_782149_2025-04-01_09-42-11_processed_2026-08-19_00-33-58,True
782149,multiplane-ophys_782149_2025-04-01_09-42-11,TRAINING_2_gratings_flashed,TRAINING_2,,5,2025-04-01,VISp_4,4,VISp,85,9.48,0,Slc32a1-IRES-Cre/wt;Oi1(TIT2L-jGCaMP8s-WPRE-ICL-IRES-tTA2)/wt,multiplane-ophys_782149_2025-04-01_09-42-11_processed_2026-08-19_00-33-58,True
782149,multiplane-ophys_782149_2025-04-01_09-42-11,TRAINING_2_gratings_flashed,TRAINING_2,,5,2025-04-01,VISp_5,5,VISp,280,9.48,0,Slc32a1-IRES-Cre/wt;Oi1(TIT2L-jGCaMP8s-WPRE-ICL-IRES-tTA2)/wt,multiplane-ophys_782149_2025-04-01_09-42-11_processed_2026-08-19_00-33-58,True
782149,multiplane-ophys_782149_2025-04-01_09-42-11,TRAINING_2_gratings_flashed,TRAINING_2,,5,2025-04-01,VISp_6,6,VISp,40,9.48,0,Slc32a1-IRES-Cre/wt;Oi1(TIT2L-jGCaMP8s-WPRE-ICL-IRES-tTA2)/wt,multiplane-ophys_782149_2025-04-01_09-42-11_processed_2026-08-19_00-33-58,True
782149,multiplane-ophys_782149_2025-04-01_09-42-11,TRAINING_2_gratings_flashed,TRAINING_2,,5,2025-04-01,VISp_7,7,VISp,300,9.48,0,Slc32a1-IRES-Cre/wt;Oi1(TIT2L-jGCaMP8s-WPRE-ICL-IRES-tTA2)/wt,multiplane-ophys_782149_2025-04-01_09-42-11_processed_2026-08-19_00-33-58,True
782149,multiplane-ophys_782149_2025-04-02_12-16-24,TRAINING_3_images_A_10uL_reward,TRAINING_3,A,6,2025-04-02,VISp_0,0,VISp,160,9.48,0,Slc32a1-IRES-Cre/wt;Oi1(TIT2L-jGCaMP8s-WPRE-ICL-IRES-tTA2)/wt,multiplane-ophys_782149_2025-04-02_12-16-24_processed_2026-08-19_00-34-02,True
782149,multiplane-ophys_782149_2025-04-02_12-16-24,TRAINING_3_images_A_10uL_reward,TRAINING_3,A,6,2025-04-02,VISp_1,1,VISp,200,9.48,0,Slc32a1-IRES-Cre/wt;Oi1(TIT2L-jGCaMP8s-WPRE-ICL-IRES-tTA2)/wt,multiplane-ophys_782149_2025-04-02_12-16-24_processed_2026-08-19_00-34-02,True
782149,multiplane-ophys_782149_2025-04-02_12-16-24,TRAINING_3_images_A_10uL_reward,TRAINING_3,A,6,2025-04-02,VISp_2,2,VISp,116,9.48,0,Slc32a1-IRES-Cre/wt;Oi1(TIT2L-jGCaMP8s-WPRE-ICL-IRES-tTA2)/wt,multiplane-ophys_782149_2025-04-02_12-16-24_processed_2026-08-19_00-34-02,True
782149,multiplane-ophys_782149_2025-04-02_12-16-24,TRAINING_3_images_A_10uL_reward,TRAINING_3,A,6,2025-04-02,VISp_3,3,VISp,245,9.48,0,Slc32a1-IRES-Cre/wt;Oi1(TIT2L-jGCaMP8s-WPRE-ICL-IRES-tTA2)/wt,multiplane-ophys_782149_2025-04-02_12-16-24_processed_2026-08-19_00-34-02,True
782149,multiplane-ophys_782149_2025-04-02_12-16-24,TRAINING_3_images_A_10uL_reward,TRAINING_3,A,6,2025-04-02,VISp_4,4,VISp,80,9.48,0,Slc32a1-IRES-Cre/wt;Oi1(TIT2L-jGCaMP8s-WPRE-ICL-IRES-tTA2)/wt,multiplane-ophys_782149_2025-04-02_12-16-24_processed_2026-08-19_00-34-02,True
782149,multiplane-ophys_782149_2025-04-02_12-16-24,TRAINING_3_images_A_10uL_reward,TRAINING_3,A,6,2025-04-02,VISp_5,5,VISp,280,9.48,0,Slc32a1-IRES-Cre/wt;Oi1(TIT2L-jGCaMP8s-WPRE-ICL-IRES-tTA2)/wt,multiplane-ophys_782149_2025-04-02_12-16-24_processed_2026-08-19_00-34-02,True
782149,multiplane-ophys_782149_2025-04-02_12-16-24,TRAINING_3_images_A_10uL_reward,TRAINING_3,A,6,2025-04-02,VISp_6,6,VISp,40,9.48,0,Slc32a1-IRES-Cre/wt;Oi1(TIT2L-jGCaMP8s-WPRE-ICL-IRES-tTA2)/wt,multiplane-ophys_782149_2025-04-02_12-16-24_processed_2026-08-19_00-34-02,True
782149,multiplane-ophys_782149_2025-04-02_12-16-24,TRAINING_3_images_A_10uL_reward,TRAINING_3,A,6,2025-04-02,VISp_7,7,VISp,310,9.48,0,Slc32a1-IRES-Cre/wt;Oi1(TIT2L-jGCaMP8s-WPRE-ICL-IRES-tTA2)/wt,multiplane-ophys_782149_2025-04-02_12-16-24_processed_2026-08-19_00-34-02,True
782149,multiplane-ophys_782149_2025-04-04_11-39-31,TRAINING_3_images_A_10uL_reward,TRAINING_3,A,7,2025-04-04,VISp_0,0,VISp,160,9.48,0,Slc32a1-IRES-Cre/wt;Oi1(TIT2L-jGCaMP8s-WPRE-ICL-IRES-tTA2)/wt,multiplane-ophys_782149_2025-04-04_11-39-31_processed_2026-08-19_00-34-04,True
782149,multiplane-ophys_782149_2025-04-04_11-39-31,TRAINING_3_images_A_10uL_reward,TRAINING_3,A,7,2025-04-04,VISp_1,1,VISp,200,9.48,0,Slc32a1-IRES-Cre/wt;Oi1(TIT2L-jGCaMP8s-WPRE-ICL-IRES-tTA2)/wt,multiplane-ophys_782149_2025-04-04_11-39-31_processed_2026-08-19_00-34-04,True
782149,multiplane-ophys_782149_2025-04-04_11-39-31,TRAINING_3_images_A_10uL_reward,TRAINING_3,A,7,2025-04-04,VISp_2,2,VISp,115,9.48,0,Slc32a1-IRES-Cre/wt;Oi1(TIT2L-jGCaMP8s-WPRE-ICL-IRES-tTA2)/wt,multiplane-ophys_782149_2025-04-04_11-39-31_processed_2026-08-19_00-34-04,True
782149,multiplane-ophys_782149_2025-04-04_11-39-31,TRAINING_3_images_A_10uL_reward,TRAINING_3,A,7,2025-04-04,VISp_3,3,VISp,240,9.48,0,Slc32a1-IRES-Cre/wt;Oi1(TIT2L-jGCaMP8s-WPRE-ICL-IRES-tTA2)/wt,multiplane-ophys_782149_2025-04-04_11-39-31_processed_2026-08-19_00-34-04,True
782149,multiplane-ophys_782149_2025-04-04_11-39-31,TRAINING_3_images_A_10uL_reward,TRAINING_3,A,7,2025-04-04,VISp_4,4,VISp,80,9.48,0,Slc32a1-IRES-Cre/wt;Oi1(TIT2L-jGCaMP8s-WPRE-ICL-IRES-tTA2)/wt,multiplane-ophys_782149_2025-04-04_11-39-31_processed_2026-08-19_00-34-04,True
782149,multiplane-ophys_782149_2025-04-04_11-39-31,TRAINING_3_images_A_10uL_reward,TRAINING_3,A,7,2025-04-04,VISp_5,5,VISp,280,9.48,0,Slc32a1-IRES-Cre/wt;Oi1(TIT2L-jGCaMP8s-WPRE-ICL-IRES-tTA2)/wt,multiplane-ophys_782149_2025-04-04_11-39-31_processed_2026-08-19_00-34-04,True
782149,multiplane-ophys_782149_2025-04-04_11-39-31,TRAINING_3_images_A_10uL_reward,TRAINING_3,A,7,2025-04-04,VISp_6,6,VISp,40,9.48,0,Slc32a1-IRES-Cre/wt;Oi1(TIT2L-jGCaMP8s-WPRE-ICL-IRES-tTA2)/wt,multiplane-ophys_782149_2025-04-04_11-39-31_processed_2026-08-19_00-34-04,True
782149,multiplane-ophys_782149_2025-04-04_11-39-31,TRAINING_3_images_A_10uL_reward,TRAINING_3,A,7,2025-04-04,VISp_7,7,VISp,305,9.48,0,Slc32a1-IRES-Cre/wt;Oi1(TIT2L-jGCaMP8s-WPRE-ICL-IRES-tTA2)/wt,multiplane-ophys_782149_2025-04-04_11-39-31_processed_2026-08-19_00-34-04,True
782149,multiplane-ophys_782149_2025-04-08_09-28-39,TRAINING_3_images_A_10uL_reward,TRAINING_3,A,8,2025-04-08,VISp_0,0,VISp,155,9.48,0,Slc32a1-IRES-Cre/wt;Oi1(TIT2L-jGCaMP8s-WPRE-ICL-IRES-tTA2)/wt,multiplane-ophys_782149_2025-04-08_09-28-39_processed_2026-08-19_00-34-01,True
782149,multiplane-ophys_782149_2025-04-08_09-28-39,TRAINING_3_images_A_10uL_reward,TRAINING_3,A,8,2025-04-08,VISp_1,1,VISp,195,9.48,0,Slc32a1-IRES-Cre/wt;Oi1(TIT2L-jGCaMP8s-WPRE-ICL-IRES-tTA2)/wt,multiplane-ophys_782149_2025-04-08_09-28-39_processed_2026-08-19_00-34-01,True
782149,multiplane-ophys_782149_2025-04-08_09-28-39,TRAINING_3_images_A_10uL_reward,TRAINING_3,A,8,2025-04-08,VISp_2,2,VISp,110,9.48,0,Slc32a1-IRES-Cre/wt;Oi1(TIT2L-jGCaMP8s-WPRE-ICL-IRES-tTA2)/wt,multiplane-ophys_782149_2025-04-08_09-28-39_processed_2026-08-19_00-34-01,True
782149,multiplane-ophys_782149_2025-04-08_09-28-39,TRAINING_3_images_A_10uL_reward,TRAINING_3,A,8,2025-04-08,VISp_3,3,VISp,235,9.48,0,Slc32a1-IRES-Cre/wt;Oi1(TIT2L-jGCaMP8s-WPRE-ICL-IRES-tTA2)/wt,multiplane-ophys_782149_2025-04-08_09-28-39_processed_2026-08-19_00-34-01,True
782149,multiplane-ophys_782149_2025-04-08_09-28-39,TRAINING_3_images_A_10uL_reward,TRAINING_3,A,8,2025-04-08,VISp_4,4,VISp,75,9.48,0,Slc32a1-IRES-Cre/wt;Oi1(TIT2L-jGCaMP8s-WPRE-ICL-IRES-tTA2)/wt,multiplane-ophys_782149_2025-04-08_09-28-39_processed_2026-08-19_00-34-01,True
782149,multiplane-ophys_782149_2025-04-08_09-28-39,TRAINING_3_images_A_10uL_reward,TRAINING_3,A,8,2025-04-08,VISp_5,5,VISp,275,9.48,0,Slc32a1-IRES-Cre/wt;Oi1(TIT2L-jGCaMP8s-WPRE-ICL-IRES-tTA2)/wt,multiplane-ophys_782149_2025-04-08_09-28-39_processed_2026-08-19_00-34-01,True
782149,multiplane-ophys_782149_2025-04-08_09-28-39,TRAINING_3_images_A_10uL_reward,TRAINING_3,A,8,2025-04-08,VISp_6,6,VISp,35,9.48,0,Slc32a1-IRES-Cre/wt;Oi1(TIT2L-jGCaMP8s-WPRE-ICL-IRES-tTA2)/wt,multiplane-ophys_782149_2025-04-08_09-28-39_processed_2026-08-19_00-34-01,True
782149,multiplane-ophys_782149_2025-04-08_09-28-39,TRAINING_3_images_A_10uL_reward,TRAINING_3,A,8,2025-04-08,VISp_7,7,VISp,300,9.48,0,Slc32a1-IRES-Cre/wt;Oi1(TIT2L-jGCaMP8s-WPRE-ICL-IRES-tTA2)/wt,multiplane-ophys_782149_2025-04-08_09-28-39_processed_2026-08-19_00-34-01,True
782149,multiplane-ophys_782149_2025-04-09_09-46-45,TRAINING_4_images_A_training,TRAINING_4,A,9,2025-04-09,VISp_0,0,VISp,160,9.48,0,Slc32a1-IRES-Cre/wt;Oi1(TIT2L-jGCaMP8s-WPRE-ICL-IRES-tTA2)/wt,multiplane-ophys_782149_2025-04-09_09-46-45_processed_2026-08-19_00-33-57,True
782149,multiplane-ophys_782149_2025-04-09_09-46-45,TRAINING_4_images_A_training,TRAINING_4,A,9,2025-04-09,VISp_1,1,VISp,200,9.48,0,Slc32a1-IRES-Cre/wt;Oi1(TIT2L-jGCaMP8s-WPRE-ICL-IRES-tTA2)/wt,multiplane-ophys_782149_2025-04-09_09-46-45_processed_2026-08-19_00-33-57,True
782149,multiplane-ophys_782149_2025-04-09_09-46-45,TRAINING_4_images_A_training,TRAINING_4,A,9,2025-04-09,VISp_2,2,VISp,115,9.48,0,Slc32a1-IRES-Cre/wt;Oi1(TIT2L-jGCaMP8s-WPRE-ICL-IRES-tTA2)/wt,multiplane-ophys_782149_2025-04-09_09-46-45_processed_2026-08-19_00-33-57,True
782149,multiplane-ophys_782149_2025-04-09_09-46-45,TRAINING_4_images_A_training,TRAINING_4,A,9,2025-04-09,VISp_3,3,VISp,240,9.48,0,Slc32a1-IRES-Cre/wt;Oi1(TIT2L-jGCaMP8s-WPRE-ICL-IRES-tTA2)/wt,multiplane-ophys_782149_2025-04-09_09-46-45_processed_2026-08-19_00-33-57,True
782149,multiplane-ophys_782149_2025-04-09_09-46-45,TRAINING_4_images_A_training,TRAINING_4,A,9,2025-04-09,VISp_4,4,VISp,80,9.48,0,Slc32a1-IRES-Cre/wt;Oi1(TIT2L-jGCaMP8s-WPRE-ICL-IRES-tTA2)/wt,multiplane-ophys_782149_2025-04-09_09-46-45_processed_2026-08-19_00-33-57,True
782149,multiplane-ophys_782149_2025-04-09_09-46-45,TRAINING_4_images_A_training,TRAINING_4,A,9,2025-04-09,VISp_5,5,VISp,280,9.48,0,Slc32a1-IRES-Cre/wt;Oi1(TIT2L-jGCaMP8s-WPRE-ICL-IRES-tTA2)/wt,multiplane-ophys_782149_2025-04-09_09-46-45_processed_2026-08-19_00-33-57,True
782149,multiplane-ophys_782149_2025-04-09_09-46-45,TRAINING_4_images_A_training,TRAINING_4,A,9,2025-04-09,VISp_6,6,VISp,40,9.48,0,Slc32a1-IRES-Cre/wt;Oi1(TIT2L-jGCaMP8s-WPRE-ICL-IRES-tTA2)/wt,multiplane-ophys_782149_2025-04-09_09-46-45_processed_2026-08-19_00-33-57,True
782149,multiplane-ophys_782149_2025-04-09_09-46-45,TRAINING_4_images_A_training,TRAINING_4,A,9,2025-04-09,VISp_7,7,VISp,305,9.48,0,Slc32a1-IRES-Cre/wt;Oi1(TIT2L-jGCaMP8s-WPRE-ICL-IRES-tTA2)/wt,multiplane-ophys_782149_2025-04-09_09-46-45_processed_2026-08-19_00-33-57,True
782149,multiplane-ophys_782149_2025-04-10_09-26-55,TRAINING_5_images_A_epilogue,TRAINING_5,A,10,2025-04-10,VISp_0,0,VISp,155,9.48,0,Slc32a1-IRES-Cre/wt;Oi1(TIT2L-jGCaMP8s-WPRE-ICL-IRES-tTA2)/wt,multiplane-ophys_782149_2025-04-10_09-26-55_processed_2026-08-19_00-34-32,True
782149,multiplane-ophys_782149_2025-04-10_09-26-55,TRAINING_5_images_A_epilogue,TRAINING_5,A,10,2025-04-10,VISp_1,1,VISp,195,9.48,0,Slc32a1-IRES-Cre/wt;Oi1(TIT2L-jGCaMP8s-WPRE-ICL-IRES-tTA2)/wt,multiplane-ophys_782149_2025-04-10_09-26-55_processed_2026-08-19_00-34-32,True
782149,multiplane-ophys_782149_2025-04-10_09-26-55,TRAINING_5_images_A_epilogue,TRAINING_5,A,10,2025-04-10,VISp_2,2,VISp,110,9.48,0,Slc32a1-IRES-Cre/wt;Oi1(TIT2L-jGCaMP8s-WPRE-ICL-IRES-tTA2)/wt,multiplane-ophys_782149_2025-04-10_09-26-55_processed_2026-08-19_00-34-32,True
782149,multiplane-ophys_782149_2025-04-10_09-26-55,TRAINING_5_images_A_epilogue,TRAINING_5,A,10,2025-04-10,VISp_3,3,VISp,235,9.48,0,Slc32a1-IRES-Cre/wt;Oi1(TIT2L-jGCaMP8s-WPRE-ICL-IRES-tTA2)/wt,multiplane-ophys_782149_2025-04-10_09-26-55_processed_2026-08-19_00-34-32,True
782149,multiplane-ophys_782149_2025-04-10_09-26-55,TRAINING_5_images_A_epilogue,TRAINING_5,A,10,2025-04-10,VISp_4,4,VISp,75,9.48,0,Slc32a1-IRES-Cre/wt;Oi1(TIT2L-jGCaMP8s-WPRE-ICL-IRES-tTA2)/wt,multiplane-ophys_782149_2025-04-10_09-26-55_processed_2026-08-19_00-34-32,True
782149,multiplane-ophys_782149_2025-04-10_09-26-55,TRAINING_5_images_A_epilogue,TRAINING_5,A,10,2025-04-10,VISp_5,5,VISp,275,9.48,0,Slc32a1-IRES-Cre/wt;Oi1(TIT2L-jGCaMP8s-WPRE-ICL-IRES-tTA2)/wt,multiplane-ophys_782149_2025-04-10_09-26-55_processed_2026-08-19_00-34-32,True
782149,multiplane-ophys_782149_2025-04-10_09-26-55,TRAINING_5_images_A_epilogue,TRAINING_5,A,10,2025-04-10,VISp_6,6,VISp,35,9.48,0,Slc32a1-IRES-Cre/wt;Oi1(TIT2L-jGCaMP8s-WPRE-ICL-IRES-tTA2)/wt,multiplane-ophys_782149_2025-04-10_09-26-55_processed_2026-08-19_00-34-32,True
782149,multiplane-ophys_782149_2025-04-10_09-26-55,TRAINING_5_images_A_epilogue,TRAINING_5,A,10,2025-04-10,VISp_7,7,VISp,300,9.48,0,Slc32a1-IRES-Cre/wt;Oi1(TIT2L-jGCaMP8s-WPRE-ICL-IRES-tTA2)/wt,multiplane-ophys_782149_2025-04-10_09-26-55_processed_2026-08-19_00-34-32,True
782149,multiplane-ophys_782149_2025-04-11_09-47-54,TRAINING_5_images_A_handoff_ready,TRAINING_5,A,11,2025-04-11,VISp_0,0,VISp,160,9.48,0,Slc32a1-IRES-Cre/wt;Oi1(TIT2L-jGCaMP8s-WPRE-ICL-IRES-tTA2)/wt,multiplane-ophys_782149_2025-04-11_09-47-54_processed_2026-08-19_00-34-37,True
782149,multiplane-ophys_782149_2025-04-11_09-47-54,TRAINING_5_images_A_handoff_ready,TRAINING_5,A,11,2025-04-11,VISp_1,1,VISp,200,9.48,0,Slc32a1-IRES-Cre/wt;Oi1(TIT2L-jGCaMP8s-WPRE-ICL-IRES-tTA2)/wt,multiplane-ophys_782149_2025-04-11_09-47-54_processed_2026-08-19_00-34-37,True
782149,multiplane-ophys_782149_2025-04-11_09-47-54,TRAINING_5_images_A_handoff_ready,TRAINING_5,A,11,2025-04-11,VISp_2,2,VISp,115,9.48,0,Slc32a1-IRES-Cre/wt;Oi1(TIT2L-jGCaMP8s-WPRE-ICL-IRES-tTA2)/wt,multiplane-ophys_782149_2025-04-11_09-47-54_processed_2026-08-19_00-34-37,True
782149,multiplane-ophys_782149_2025-04-11_09-47-54,TRAINING_5_images_A_handoff_ready,TRAINING_5,A,11,2025-04-11,VISp_3,3,VISp,240,9.48,0,Slc32a1-IRES-Cre/wt;Oi1(TIT2L-jGCaMP8s-WPRE-ICL-IRES-tTA2)/wt,multiplane-ophys_782149_2025-04-11_09-47-54_processed_2026-08-19_00-34-37,True
782149,multiplane-ophys_782149_2025-04-11_09-47-54,TRAINING_5_images_A_handoff_ready,TRAINING_5,A,11,2025-04-11,VISp_4,4,VISp,80,9.48,0,Slc32a1-IRES-Cre/wt;Oi1(TIT2L-jGCaMP8s-WPRE-ICL-IRES-tTA2)/wt,multiplane-ophys_782149_2025-04-11_09-47-54_processed_2026-08-19_00-34-37,True
782149,multiplane-ophys_782149_2025-04-11_09-47-54,TRAINING_5_images_A_handoff_ready,TRAINING_5,A,11,2025-04-11,VISp_5,5,VISp,280,9.48,0,Slc32a1-IRES-Cre/wt;Oi1(TIT2L-jGCaMP8s-WPRE-ICL-IRES-tTA2)/wt,multiplane-ophys_782149_2025-04-11_09-47-54_processed_2026-08-19_00-34-37,True
782149,multiplane-ophys_782149_2025-04-11_09-47-54,TRAINING_5_images_A_handoff_ready,TRAINING_5,A,11,2025-04-11,VISp_6,6,VISp,40,9.48,0,Slc32a1-IRES-Cre/wt;Oi1(TIT2L-jGCaMP8s-WPRE-ICL-IRES-tTA2)/wt,multiplane-ophys_782149_2025-04-11_09-47-54_processed_2026-08-19_00-34-37,True
782149,multiplane-ophys_782149_2025-04-11_09-47-54,TRAINING_5_images_A_handoff_ready,TRAINING_5,A,11,2025-04-11,VISp_7,7,VISp,305,9.48,0,Slc32a1-IRES-Cre/wt;Oi1(TIT2L-jGCaMP8s-WPRE-ICL-IRES-tTA2)/wt,multiplane-ophys_782149_2025-04-11_09-47-54_processed_2026-08-19_00-34-37,True
782149,multiplane-ophys_782149_2025-04-14_12-01-21,TRAINING_5_images_A_handoff_lapsed,TRAINING_5,A,12,2025-04-14,VISp_0,0,VISp,160,9.48,0,Slc32a1-IRES-Cre/wt;Oi1(TIT2L-jGCaMP8s-WPRE-ICL-IRES-tTA2)/wt,multiplane-ophys_782149_2025-04-14_12-01-21_processed_2026-08-19_00-34-31,True
782149,multiplane-ophys_782149_2025-04-14_12-01-21,TRAINING_5_images_A_handoff_lapsed,TRAINING_5,A,12,2025-04-14,VISp_1,1,VISp,200,9.48,0,Slc32a1-IRES-Cre/wt;Oi1(TIT2L-jGCaMP8s-WPRE-ICL-IRES-tTA2)/wt,multiplane-ophys_782149_2025-04-14_12-01-21_processed_2026-08-19_00-34-31,True
782149,multiplane-ophys_782149_2025-04-14_12-01-21,TRAINING_5_images_A_handoff_lapsed,TRAINING_5,A,12,2025-04-14,VISp_2,2,VISp,115,9.48,0,Slc32a1-IRES-Cre/wt;Oi1(TIT2L-jGCaMP8s-WPRE-ICL-IRES-tTA2)/wt,multiplane-ophys_782149_2025-04-14_12-01-21_processed_2026-08-19_00-34-31,True
782149,multiplane-ophys_782149_2025-04-14_12-01-21,TRAINING_5_images_A_handoff_lapsed,TRAINING_5,A,12,2025-04-14,VISp_3,3,VISp,240,9.48,0,Slc32a1-IRES-Cre/wt;Oi1(TIT2L-jGCaMP8s-WPRE-ICL-IRES-tTA2)/wt,multiplane-ophys_782149_2025-04-14_12-01-21_processed_2026-08-19_00-34-31,True
782149,multiplane-ophys_782149_2025-04-14_12-01-21,TRAINING_5_images_A_handoff_lapsed,TRAINING_5,A,12,2025-04-14,VISp_4,4,VISp,80,9.48,0,Slc32a1-IRES-Cre/wt;Oi1(TIT2L-jGCaMP8s-WPRE-ICL-IRES-tTA2)/wt,multiplane-ophys_782149_2025-04-14_12-01-21_processed_2026-08-19_00-34-31,True
782149,multiplane-ophys_782149_2025-04-14_12-01-21,TRAINING_5_images_A_handoff_lapsed,TRAINING_5,A,12,2025-04-14,VISp_5,5,VISp,280,9.48,0,Slc32a1-IRES-Cre/wt;Oi1(TIT2L-jGCaMP8s-WPRE-ICL-IRES-tTA2)/wt,multiplane-ophys_782149_2025-04-14_12-01-21_processed_2026-08-19_00-34-31,True
782149,multiplane-ophys_782149_2025-04-14_12-01-21,TRAINING_5_images_A_handoff_lapsed,TRAINING_5,A,12,2025-04-14,VISp_6,6,VISp,40,9.48,0,Slc32a1-IRES-Cre/wt;Oi1(TIT2L-jGCaMP8s-WPRE-ICL-IRES-tTA2)/wt,multiplane-ophys_782149_2025-04-14_12-01-21_processed_2026-08-19_00-34-31,True
782149,multiplane-ophys_782149_2025-04-14_12-01-21,TRAINING_5_images_A_handoff_lapsed,TRAINING_5,A,12,2025-04-14,VISp_7,7,VISp,305,9.48,0,Slc32a1-IRES-Cre/wt;Oi1(TIT2L-jGCaMP8s-WPRE-ICL-IRES-tTA2)/wt,multiplane-ophys_782149_2025-04-14_12-01-21_processed_2026-08-19_00-34-31,True
782149,multiplane-ophys_782149_2025-04-15_09-36-40,OPHYS_1_images_A,OPHYS_1,A,13,2025-04-15,VISp_0,0,VISp,160,9.48,0,Slc32a1-IRES-Cre/wt;Oi1(TIT2L-jGCaMP8s-WPRE-ICL-IRES-tTA2)/wt,multiplane-ophys_782149_2025-04-15_09-36-40_processed_2026-08-19_00-34-44,True
782149,multiplane-ophys_782149_2025-04-15_09-36-40,OPHYS_1_images_A,OPHYS_1,A,13,2025-04-15,VISp_1,1,VISp,200,9.48,0,Slc32a1-IRES-Cre/wt;Oi1(TIT2L-jGCaMP8s-WPRE-ICL-IRES-tTA2)/wt,multiplane-ophys_782149_2025-04-15_09-36-40_processed_2026-08-19_00-34-44,True
782149,multiplane-ophys_782149_2025-04-15_09-36-40,OPHYS_1_images_A,OPHYS_1,A,13,2025-04-15,VISp_2,2,VISp,115,9.48,0,Slc32a1-IRES-Cre/wt;Oi1(TIT2L-jGCaMP8s-WPRE-ICL-IRES-tTA2)/wt,multiplane-ophys_782149_2025-04-15_09-36-40_processed_2026-08-19_00-34-44,True
782149,multiplane-ophys_782149_2025-04-15_09-36-40,OPHYS_1_images_A,OPHYS_1,A,13,2025-04-15,VISp_3,3,VISp,240,9.48,0,Slc32a1-IRES-Cre/wt;Oi1(TIT2L-jGCaMP8s-WPRE-ICL-IRES-tTA2)/wt,multiplane-ophys_782149_2025-04-15_09-36-40_processed_2026-08-19_00-34-44,True
782149,multiplane-ophys_782149_2025-04-15_09-36-40,OPHYS_1_images_A,OPHYS_1,A,13,2025-04-15,VISp_4,4,VISp,81,9.48,0,Slc32a1-IRES-Cre/wt;Oi1(TIT2L-jGCaMP8s-WPRE-ICL-IRES-tTA2)/wt,multiplane-ophys_782149_2025-04-15_09-36-40_processed_2026-08-19_00-34-44,True
782149,multiplane-ophys_782149_2025-04-15_09-36-40,OPHYS_1_images_A,OPHYS_1,A,13,2025-04-15,VISp_5,5,VISp,280,9.48,0,Slc32a1-IRES-Cre/wt;Oi1(TIT2L-jGCaMP8s-WPRE-ICL-IRES-tTA2)/wt,multiplane-ophys_782149_2025-04-15_09-36-40_processed_2026-08-19_00-34-44,True
782149,multiplane-ophys_782149_2025-04-15_09-36-40,OPHYS_1_images_A,OPHYS_1,A,13,2025-04-15,VISp_6,6,VISp,40,9.48,0,Slc32a1-IRES-Cre/wt;Oi1(TIT2L-jGCaMP8s-WPRE-ICL-IRES-tTA2)/wt,multiplane-ophys_782149_2025-04-15_09-36-40_processed_2026-08-19_00-34-44,True
782149,multiplane-ophys_782149_2025-04-15_09-36-40,OPHYS_1_images_A,OPHYS_1,A,13,2025-04-15,VISp_7,7,VISp,305,9.48,0,Slc32a1-IRES-Cre/wt;Oi1(TIT2L-jGCaMP8s-WPRE-ICL-IRES-tTA2)/wt,multiplane-ophys_782149_2025-04-15_09-36-40_processed_2026-08-19_00-34-44,True
782149,multiplane-ophys_782149_2025-04-16_09-36-19,OPHYS_1_images_A,OPHYS_1,A,14,2025-04-16,VISp_0,0,VISp,160,9.48,0,Slc32a1-IRES-Cre/wt;Oi1(TIT2L-jGCaMP8s-WPRE-ICL-IRES-tTA2)/wt,multiplane-ophys_782149_2025-04-16_09-36-19_processed_2026-08-19_00-34-50,True
782149,multiplane-ophys_782149_2025-04-16_09-36-19,OPHYS_1_images_A,OPHYS_1,A,14,2025-04-16,VISp_1,1,VISp,200,9.48,0,Slc32a1-IRES-Cre/wt;Oi1(TIT2L-jGCaMP8s-WPRE-ICL-IRES-tTA2)/wt,multiplane-ophys_782149_2025-04-16_09-36-19_processed_2026-08-19_00-34-50,True
782149,multiplane-ophys_782149_2025-04-16_09-36-19,OPHYS_1_images_A,OPHYS_1,A,14,2025-04-16,VISp_2,2,VISp,120,9.48,0,Slc32a1-IRES-Cre/wt;Oi1(TIT2L-jGCaMP8s-WPRE-ICL-IRES-tTA2)/wt,multiplane-ophys_782149_2025-04-16_09-36-19_processed_2026-08-19_00-34-50,True
782149,multiplane-ophys_782149_2025-04-16_09-36-19,OPHYS_1_images_A,OPHYS_1,A,14,2025-04-16,VISp_3,3,VISp,245,9.48,0,Slc32a1-IRES-Cre/wt;Oi1(TIT2L-jGCaMP8s-WPRE-ICL-IRES-tTA2)/wt,multiplane-ophys_782149_2025-04-16_09-36-19_processed_2026-08-19_00-34-50,True
782149,multiplane-ophys_782149_2025-04-16_09-36-19,OPHYS_1_images_A,OPHYS_1,A,14,2025-04-16,VISp_4,4,VISp,85,9.48,0,Slc32a1-IRES-Cre/wt;Oi1(TIT2L-jGCaMP8s-WPRE-ICL-IRES-tTA2)/wt,multiplane-ophys_782149_2025-04-16_09-36-19_processed_2026-08-19_00-34-50,True
782149,multiplane-ophys_782149_2025-04-16_09-36-19,OPHYS_1_images_A,OPHYS_1,A,14,2025-04-16,VISp_5,5,VISp,280,9.48,0,Slc32a1-IRES-Cre/wt;Oi1(TIT2L-jGCaMP8s-WPRE-ICL-IRES-tTA2)/wt,multiplane-ophys_782149_2025-04-16_09-36-19_processed_2026-08-19_00-34-50,True
782149,multiplane-ophys_782149_2025-04-16_09-36-19,OPHYS_1_images_A,OPHYS_1,A,14,2025-04-16,VISp_6,6,VISp,45,9.48,0,Slc32a1-IRES-Cre/wt;Oi1(TIT2L-jGCaMP8s-WPRE-ICL-IRES-tTA2)/wt,multiplane-ophys_782149_2025-04-16_09-36-19_processed_2026-08-19_00-34-50,True
782149,multiplane-ophys_782149_2025-04-16_09-36-19,OPHYS_1_images_A,OPHYS_1,A,14,2025-04-16,VISp_7,7,VISp,310,9.48,0,Slc32a1-IRES-Cre/wt;Oi1(TIT2L-jGCaMP8s-WPRE-ICL-IRES-tTA2)/wt,multiplane-ophys_782149_2025-04-16_09-36-19_processed_2026-08-19_00-34-50,True
782149,multiplane-ophys_782149_2025-04-23_08-59-23,TRAINING_4_images_A_training,TRAINING_4,A,15,2025-04-23,VISp_0,0,VISp,155,9.48,0,Slc32a1-IRES-Cre/wt;Oi1(TIT2L-jGCaMP8s-WPRE-ICL-IRES-tTA2)/wt,multiplane-ophys_782149_2025-04-23_08-59-23_processed_2026-08-19_00-34-19,True
782149,multiplane-ophys_782149_2025-04-23_08-59-23,TRAINING_4_images_A_training,TRAINING_4,A,15,2025-04-23,VISp_1,1,VISp,195,9.48,0,Slc32a1-IRES-Cre/wt;Oi1(TIT2L-jGCaMP8s-WPRE-ICL-IRES-tTA2)/wt,multiplane-ophys_782149_2025-04-23_08-59-23_processed_2026-08-19_00-34-19,True
782149,multiplane-ophys_782149_2025-04-23_08-59-23,TRAINING_4_images_A_training,TRAINING_4,A,15,2025-04-23,VISp_2,2,VISp,115,9.48,0,Slc32a1-IRES-Cre/wt;Oi1(TIT2L-jGCaMP8s-WPRE-ICL-IRES-tTA2)/wt,multiplane-ophys_782149_2025-04-23_08-59-23_processed_2026-08-19_00-34-19,True
782149,multiplane-ophys_782149_2025-04-23_08-59-23,TRAINING_4_images_A_training,TRAINING_4,A,15,2025-04-23,VISp_3,3,VISp,235,9.48,0,Slc32a1-IRES-Cre/wt;Oi1(TIT2L-jGCaMP8s-WPRE-ICL-IRES-tTA2)/wt,multiplane-ophys_782149_2025-04-23_08-59-23_processed_2026-08-19_00-34-19,True
782149,multiplane-ophys_782149_2025-04-23_08-59-23,TRAINING_4_images_A_training,TRAINING_4,A,15,2025-04-23,VISp_4,4,VISp,81,9.48,0,Slc32a1-IRES-Cre/wt;Oi1(TIT2L-jGCaMP8s-WPRE-ICL-IRES-tTA2)/wt,multiplane-ophys_782149_2025-04-23_08-59-23_processed_2026-08-19_00-34-19,True
782149,multiplane-ophys_782149_2025-04-23_08-59-23,TRAINING_4_images_A_training,TRAINING_4,A,15,2025-04-23,VISp_5,5,VISp,270,9.48,0,Slc32a1-IRES-Cre/wt;Oi1(TIT2L-jGCaMP8s-WPRE-ICL-IRES-tTA2)/wt,multiplane-ophys_782149_2025-04-23_08-59-23_processed_2026-08-19_00-34-19,True
782149,multiplane-ophys_782149_2025-04-23_08-59-23,TRAINING_4_images_A_training,TRAINING_4,A,15,2025-04-23,VISp_6,6,VISp,35,9.48,0,Slc32a1-IRES-Cre/wt;Oi1(TIT2L-jGCaMP8s-WPRE-ICL-IRES-tTA2)/wt,multiplane-ophys_782149_2025-04-23_08-59-23_processed_2026-08-19_00-34-19,True
782149,multiplane-ophys_782149_2025-04-23_08-59-23,TRAINING_4_images_A_training,TRAINING_4,A,15,2025-04-23,VISp_7,7,VISp,300,9.48,0,Slc32a1-IRES-Cre/wt;Oi1(TIT2L-jGCaMP8s-WPRE-ICL-IRES-tTA2)/wt,multiplane-ophys_782149_2025-04-23_08-59-23_processed_2026-08-19_00-34-19,True
782149,multiplane-ophys_782149_2025-04-25_09-14-05,TRAINING_5_images_A_epilogue,TRAINING_5,A,16,2025-04-25,VISp_0,0,VISp,155,9.48,0,Slc32a1-IRES-Cre/wt;Oi1(TIT2L-jGCaMP8s-WPRE-ICL-IRES-tTA2)/wt,multiplane-ophys_782149_2025-04-25_09-14-05_processed_2026-08-19_00-35-17,True
782149,multiplane-ophys_782149_2025-04-25_09-14-05,TRAINING_5_images_A_epilogue,TRAINING_5,A,16,2025-04-25,VISp_1,1,VISp,195,9.48,0,Slc32a1-IRES-Cre/wt;Oi1(TIT2L-jGCaMP8s-WPRE-ICL-IRES-tTA2)/wt,multiplane-ophys_782149_2025-04-25_09-14-05_processed_2026-08-19_00-35-17,True
782149,multiplane-ophys_782149_2025-04-25_09-14-05,TRAINING_5_images_A_epilogue,TRAINING_5,A,16,2025-04-25,VISp_2,2,VISp,110,9.48,0,Slc32a1-IRES-Cre/wt;Oi1(TIT2L-jGCaMP8s-WPRE-ICL-IRES-tTA2)/wt,multiplane-ophys_782149_2025-04-25_09-14-05_processed_2026-08-19_00-35-17,True
782149,multiplane-ophys_782149_2025-04-25_09-14-05,TRAINING_5_images_A_epilogue,TRAINING_5,A,16,2025-04-25,VISp_3,3,VISp,235,9.48,0,Slc32a1-IRES-Cre/wt;Oi1(TIT2L-jGCaMP8s-WPRE-ICL-IRES-tTA2)/wt,multiplane-ophys_782149_2025-04-25_09-14-05_processed_2026-08-19_00-35-17,True
782149,multiplane-ophys_782149_2025-04-25_09-14-05,TRAINING_5_images_A_epilogue,TRAINING_5,A,16,2025-04-25,VISp_4,4,VISp,80,9.48,0,Slc32a1-IRES-Cre/wt;Oi1(TIT2L-jGCaMP8s-WPRE-ICL-IRES-tTA2)/wt,multiplane-ophys_782149_2025-04-25_09-14-05_processed_2026-08-19_00-35-17,True
782149,multiplane-ophys_782149_2025-04-25_09-14-05,TRAINING_5_images_A_epilogue,TRAINING_5,A,16,2025-04-25,VISp_5,5,VISp,270,9.48,0,Slc32a1-IRES-Cre/wt;Oi1(TIT2L-jGCaMP8s-WPRE-ICL-IRES-tTA2)/wt,multiplane-ophys_782149_2025-04-25_09-14-05_processed_2026-08-19_00-35-17,True
782149,multiplane-ophys_782149_2025-04-25_09-14-05,TRAINING_5_images_A_epilogue,TRAINING_5,A,16,2025-04-25,VISp_6,6,VISp,35,9.48,0,Slc32a1-IRES-Cre/wt;Oi1(TIT2L-jGCaMP8s-WPRE-ICL-IRES-tTA2)/wt,multiplane-ophys_782149_2025-04-25_09-14-05_processed_2026-08-19_00-35-17,True
782149,multiplane-ophys_782149_2025-04-25_09-14-05,TRAINING_5_images_A_epilogue,TRAINING_5,A,16,2025-04-25,VISp_7,7,VISp,300,9.48,0,Slc32a1-IRES-Cre/wt;Oi1(TIT2L-jGCaMP8s-WPRE-ICL-IRES-tTA2)/wt,multiplane-ophys_782149_2025-04-25_09-14-05_processed_2026-08-19_00-35-17,True
782149,multiplane-ophys_782149_2025-04-28_10-02-28,OPHYS_4_images_B,OPHYS_4,B,17,2025-04-28,VISp_0,0,VISp,160,9.48,0,Slc32a1-IRES-Cre/wt;Oi1(TIT2L-jGCaMP8s-WPRE-ICL-IRES-tTA2)/wt,multiplane-ophys_782149_2025-04-28_10-02-28_processed_2026-08-19_00-34-43,True
782149,multiplane-ophys_782149_2025-04-28_10-02-28,OPHYS_4_images_B,OPHYS_4,B,17,2025-04-28,VISp_1,1,VISp,200,9.48,0,Slc32a1-IRES-Cre/wt;Oi1(TIT2L-jGCaMP8s-WPRE-ICL-IRES-tTA2)/wt,multiplane-ophys_782149_2025-04-28_10-02-28_processed_2026-08-19_00-34-43,True
782149,multiplane-ophys_782149_2025-04-28_10-02-28,OPHYS_4_images_B,OPHYS_4,B,17,2025-04-28,VISp_2,2,VISp,116,9.48,0,Slc32a1-IRES-Cre/wt;Oi1(TIT2L-jGCaMP8s-WPRE-ICL-IRES-tTA2)/wt,multiplane-ophys_782149_2025-04-28_10-02-28_processed_2026-08-19_00-34-43,True
782149,multiplane-ophys_782149_2025-04-28_10-02-28,OPHYS_4_images_B,OPHYS_4,B,17,2025-04-28,VISp_3,3,VISp,245,9.48,0,Slc32a1-IRES-Cre/wt;Oi1(TIT2L-jGCaMP8s-WPRE-ICL-IRES-tTA2)/wt,multiplane-ophys_782149_2025-04-28_10-02-28_processed_2026-08-19_00-34-43,True
782149,multiplane-ophys_782149_2025-04-28_10-02-28,OPHYS_4_images_B,OPHYS_4,B,17,2025-04-28,VISp_4,4,VISp,80,9.48,0,Slc32a1-IRES-Cre/wt;Oi1(TIT2L-jGCaMP8s-WPRE-ICL-IRES-tTA2)/wt,multiplane-ophys_782149_2025-04-28_10-02-28_processed_2026-08-19_00-34-43,True
782149,multiplane-ophys_782149_2025-04-28_10-02-28,OPHYS_4_images_B,OPHYS_4,B,17,2025-04-28,VISp_5,5,VISp,270,9.48,0,Slc32a1-IRES-Cre/wt;Oi1(TIT2L-jGCaMP8s-WPRE-ICL-IRES-tTA2)/wt,multiplane-ophys_782149_2025-04-28_10-02-28_processed_2026-08-19_00-34-43,True
782149,multiplane-ophys_782149_2025-04-28_10-02-28,OPHYS_4_images_B,OPHYS_4,B,17,2025-04-28,VISp_6,6,VISp,40,9.48,0,Slc32a1-IRES-Cre/wt;Oi1(TIT2L-jGCaMP8s-WPRE-ICL-IRES-tTA2)/wt,multiplane-ophys_782149_2025-04-28_10-02-28_processed_2026-08-19_00-34-43,True
782149,multiplane-ophys_782149_2025-04-28_10-02-28,OPHYS_4_images_B,OPHYS_4,B,17,2025-04-28,VISp_7,7,VISp,305,9.48,0,Slc32a1-IRES-Cre/wt;Oi1(TIT2L-jGCaMP8s-WPRE-ICL-IRES-tTA2)/wt,multiplane-ophys_782149_2025-04-28_10-02-28_processed_2026-08-19_00-34-43,True
782149,multiplane-ophys_782149_2025-04-29_09-15-23,OPHYS_4_images_B,OPHYS_4,B,18,2025-04-29,VISp_0,0,VISp,155,9.48,0,Slc32a1-IRES-Cre/wt;Oi1(TIT2L-jGCaMP8s-WPRE-ICL-IRES-tTA2)/wt,multiplane-ophys_782149_2025-04-29_09-15-23_processed_2026-08-19_00-34-55,True
782149,multiplane-ophys_782149_2025-04-29_09-15-23,OPHYS_4_images_B,OPHYS_4,B,18,2025-04-29,VISp_1,1,VISp,195,9.48,0,Slc32a1-IRES-Cre/wt;Oi1(TIT2L-jGCaMP8s-WPRE-ICL-IRES-tTA2)/wt,multiplane-ophys_782149_2025-04-29_09-15-23_processed_2026-08-19_00-34-55,True
782149,multiplane-ophys_782149_2025-04-29_09-15-23,OPHYS_4_images_B,OPHYS_4,B,18,2025-04-29,VISp_2,2,VISp,110,9.48,0,Slc32a1-IRES-Cre/wt;Oi1(TIT2L-jGCaMP8s-WPRE-ICL-IRES-tTA2)/wt,multiplane-ophys_782149_2025-04-29_09-15-23_processed_2026-08-19_00-34-55,True
782149,multiplane-ophys_782149_2025-04-29_09-15-23,OPHYS_4_images_B,OPHYS_4,B,18,2025-04-29,VISp_3,3,VISp,240,9.48,0,Slc32a1-IRES-Cre/wt;Oi1(TIT2L-jGCaMP8s-WPRE-ICL-IRES-tTA2)/wt,multiplane-ophys_782149_2025-04-29_09-15-23_processed_2026-08-19_00-34-55,True
782149,multiplane-ophys_782149_2025-04-29_09-15-23,OPHYS_4_images_B,OPHYS_4,B,18,2025-04-29,VISp_4,4,VISp,75,9.48,0,Slc32a1-IRES-Cre/wt;Oi1(TIT2L-jGCaMP8s-WPRE-ICL-IRES-tTA2)/wt,multiplane-ophys_782149_2025-04-29_09-15-23_processed_2026-08-19_00-34-55,True
782149,multiplane-ophys_782149_2025-04-29_09-15-23,OPHYS_4_images_B,OPHYS_4,B,18,2025-04-29,VISp_5,5,VISp,270,9.48,0,Slc32a1-IRES-Cre/wt;Oi1(TIT2L-jGCaMP8s-WPRE-ICL-IRES-tTA2)/wt,multiplane-ophys_782149_2025-04-29_09-15-23_processed_2026-08-19_00-34-55,True
782149,multiplane-ophys_782149_2025-04-29_09-15-23,OPHYS_4_images_B,OPHYS_4,B,18,2025-04-29,VISp_6,6,VISp,30,9.48,0,Slc32a1-IRES-Cre/wt;Oi1(TIT2L-jGCaMP8s-WPRE-ICL-IRES-tTA2)/wt,multiplane-ophys_782149_2025-04-29_09-15-23_processed_2026-08-19_00-34-55,True
782149,multiplane-ophys_782149_2025-04-29_09-15-23,OPHYS_4_images_B,OPHYS_4,B,18,2025-04-29,VISp_7,7,VISp,300,9.48,0,Slc32a1-IRES-Cre/wt;Oi1(TIT2L-jGCaMP8s-WPRE-ICL-IRES-tTA2)/wt,multiplane-ophys_782149_2025-04-29_09-15-23_processed_2026-08-19_00-34-55,True
782149,multiplane-ophys_782149_2025-04-30_11-37-48,OPHYS_6_images_B,OPHYS_6,B,19,2025-04-30,VISp_0,0,VISp,160,9.48,0,Slc32a1-IRES-Cre/wt;Oi1(TIT2L-jGCaMP8s-WPRE-ICL-IRES-tTA2)/wt,multiplane-ophys_782149_2025-04-30_11-37-48_processed_2026-08-19_00-34-45,True
782149,multiplane-ophys_782149_2025-04-30_11-37-48,OPHYS_6_images_B,OPHYS_6,B,19,2025-04-30,VISp_1,1,VISp,200,9.48,0,Slc32a1-IRES-Cre/wt;Oi1(TIT2L-jGCaMP8s-WPRE-ICL-IRES-tTA2)/wt,multiplane-ophys_782149_2025-04-30_11-37-48_processed_2026-08-19_00-34-45,True
782149,multiplane-ophys_782149_2025-04-30_11-37-48,OPHYS_6_images_B,OPHYS_6,B,19,2025-04-30,VISp_2,2,VISp,115,9.48,0,Slc32a1-IRES-Cre/wt;Oi1(TIT2L-jGCaMP8s-WPRE-ICL-IRES-tTA2)/wt,multiplane-ophys_782149_2025-04-30_11-37-48_processed_2026-08-19_00-34-45,True
782149,multiplane-ophys_782149_2025-04-30_11-37-48,OPHYS_6_images_B,OPHYS_6,B,19,2025-04-30,VISp_3,3,VISp,245,9.48,0,Slc32a1-IRES-Cre/wt;Oi1(TIT2L-jGCaMP8s-WPRE-ICL-IRES-tTA2)/wt,multiplane-ophys_782149_2025-04-30_11-37-48_processed_2026-08-19_00-34-45,True
782149,multiplane-ophys_782149_2025-04-30_11-37-48,OPHYS_6_images_B,OPHYS_6,B,19,2025-04-30,VISp_4,4,VISp,80,9.48,0,Slc32a1-IRES-Cre/wt;Oi1(TIT2L-jGCaMP8s-WPRE-ICL-IRES-tTA2)/wt,multiplane-ophys_782149_2025-04-30_11-37-48_processed_2026-08-19_00-34-45,True
782149,multiplane-ophys_782149_2025-04-30_11-37-48,OPHYS_6_images_B,OPHYS_6,B,19,2025-04-30,VISp_5,5,VISp,270,9.48,0,Slc32a1-IRES-Cre/wt;Oi1(TIT2L-jGCaMP8s-WPRE-ICL-IRES-tTA2)/wt,multiplane-ophys_782149_2025-04-30_11-37-48_processed_2026-08-19_00-34-45,True
782149,multiplane-ophys_782149_2025-04-30_11-37-48,OPHYS_6_images_B,OPHYS_6,B,19,2025-04-30,VISp_6,6,VISp,40,9.48,0,Slc32a1-IRES-Cre/wt;Oi1(TIT2L-jGCaMP8s-WPRE-ICL-IRES-tTA2)/wt,multiplane-ophys_782149_2025-04-30_11-37-48_processed_2026-08-19_00-34-45,True
782149,multiplane-ophys_782149_2025-04-30_11-37-48,OPHYS_6_images_B,OPHYS_6,B,19,2025-04-30,VISp_7,7,VISp,305,9.48,0,Slc32a1-IRES-Cre/wt;Oi1(TIT2L-jGCaMP8s-WPRE-ICL-IRES-tTA2)/wt,multiplane-ophys_782149_2025-04-30_11-37-48_processed_2026-08-19_00-34-45,True
782149,multiplane-ophys_782149_2025-05-01_09-20-00,OPHYS_6_images_B,OPHYS_6,B,20,2025-05-01,VISp_0,0,VISp,155,9.48,0,Slc32a1-IRES-Cre/wt;Oi1(TIT2L-jGCaMP8s-WPRE-ICL-IRES-tTA2)/wt,multiplane-ophys_782149_2025-05-01_09-20-00_processed_2026-08-19_00-35-10,True
782149,multiplane-ophys_782149_2025-05-01_09-20-00,OPHYS_6_images_B,OPHYS_6,B,20,2025-05-01,VISp_1,1,VISp,195,9.48,0,Slc32a1-IRES-Cre/wt;Oi1(TIT2L-jGCaMP8s-WPRE-ICL-IRES-tTA2)/wt,multiplane-ophys_782149_2025-05-01_09-20-00_processed_2026-08-19_00-35-10,True
782149,multiplane-ophys_782149_2025-05-01_09-20-00,OPHYS_6_images_B,OPHYS_6,B,20,2025-05-01,VISp_2,2,VISp,105,9.48,0,Slc32a1-IRES-Cre/wt;Oi1(TIT2L-jGCaMP8s-WPRE-ICL-IRES-tTA2)/wt,multiplane-ophys_782149_2025-05-01_09-20-00_processed_2026-08-19_00-35-10,True
782149,multiplane-ophys_782149_2025-05-01_09-20-00,OPHYS_6_images_B,OPHYS_6,B,20,2025-05-01,VISp_3,3,VISp,240,9.48,0,Slc32a1-IRES-Cre/wt;Oi1(TIT2L-jGCaMP8s-WPRE-ICL-IRES-tTA2)/wt,multiplane-ophys_782149_2025-05-01_09-20-00_processed_2026-08-19_00-35-10,True
782149,multiplane-ophys_782149_2025-05-01_09-20-00,OPHYS_6_images_B,OPHYS_6,B,20,2025-05-01,VISp_4,4,VISp,75,9.48,0,Slc32a1-IRES-Cre/wt;Oi1(TIT2L-jGCaMP8s-WPRE-ICL-IRES-tTA2)/wt,multiplane-ophys_782149_2025-05-01_09-20-00_processed_2026-08-19_00-35-10,True
782149,multiplane-ophys_782149_2025-05-01_09-20-00,OPHYS_6_images_B,OPHYS_6,B,20,2025-05-01,VISp_5,5,VISp,270,9.48,0,Slc32a1-IRES-Cre/wt;Oi1(TIT2L-jGCaMP8s-WPRE-ICL-IRES-tTA2)/wt,multiplane-ophys_782149_2025-05-01_09-20-00_processed_2026-08-19_00-35-10,True
782149,multiplane-ophys_782149_2025-05-01_09-20-00,OPHYS_6_images_B,OPHYS_6,B,20,2025-05-01,VISp_6,6,VISp,35,9.48,0,Slc32a1-IRES-Cre/wt;Oi1(TIT2L-jGCaMP8s-WPRE-ICL-IRES-tTA2)/wt,multiplane-ophys_782149_2025-05-01_09-20-00_processed_2026-08-19_00-35-10,True
782149,multiplane-ophys_782149_2025-05-01_09-20-00,OPHYS_6_images_B,OPHYS_6,B,20,2025-05-01,VISp_7,7,VISp,300,9.48,0,Slc32a1-IRES-Cre/wt;Oi1(TIT2L-jGCaMP8s-WPRE-ICL-IRES-tTA2)/wt,multiplane-ophys_782149_2025-05-01_09-20-00_processed_2026-08-19_00-35-10,True
782149,multiplane-ophys_782149_2025-05-02_10-55-09,STAGE_0,STAGE_0,,21,2025-05-02,VISp_0,0,VISp,160,9.48,0,Slc32a1-IRES-Cre/wt;Oi1(TIT2L-jGCaMP8s-WPRE-ICL-IRES-tTA2)/wt,multiplane-ophys_782149_2025-05-02_10-55-09_processed_2026-08-19_00-37-40,True
782149,multiplane-ophys_782149_2025-05-02_10-55-09,STAGE_0,STAGE_0,,21,2025-05-02,VISp_1,1,VISp,200,9.48,0,Slc32a1-IRES-Cre/wt;Oi1(TIT2L-jGCaMP8s-WPRE-ICL-IRES-tTA2)/wt,multiplane-ophys_782149_2025-05-02_10-55-09_processed_2026-08-19_00-37-40,True
782149,multiplane-ophys_782149_2025-05-02_10-55-09,STAGE_0,STAGE_0,,21,2025-05-02,VISp_2,2,VISp,110,9.48,0,Slc32a1-IRES-Cre/wt;Oi1(TIT2L-jGCaMP8s-WPRE-ICL-IRES-tTA2)/wt,multiplane-ophys_782149_2025-05-02_10-55-09_processed_2026-08-19_00-37-40,True
782149,multiplane-ophys_782149_2025-05-02_10-55-09,STAGE_0,STAGE_0,,21,2025-05-02,VISp_3,3,VISp,245,9.48,0,Slc32a1-IRES-Cre/wt;Oi1(TIT2L-jGCaMP8s-WPRE-ICL-IRES-tTA2)/wt,multiplane-ophys_782149_2025-05-02_10-55-09_processed_2026-08-19_00-37-40,True
782149,multiplane-ophys_782149_2025-05-02_10-55-09,STAGE_0,STAGE_0,,21,2025-05-02,VISp_4,4,VISp,81,9.48,0,Slc32a1-IRES-Cre/wt;Oi1(TIT2L-jGCaMP8s-WPRE-ICL-IRES-tTA2)/wt,multiplane-ophys_782149_2025-05-02_10-55-09_processed_2026-08-19_00-37-40,True
782149,multiplane-ophys_782149_2025-05-02_10-55-09,STAGE_0,STAGE_0,,21,2025-05-02,VISp_5,5,VISp,275,9.48,0,Slc32a1-IRES-Cre/wt;Oi1(TIT2L-jGCaMP8s-WPRE-ICL-IRES-tTA2)/wt,multiplane-ophys_782149_2025-05-02_10-55-09_processed_2026-08-19_00-37-40,True
782149,multiplane-ophys_782149_2025-05-02_10-55-09,STAGE_0,STAGE_0,,21,2025-05-02,VISp_6,6,VISp,40,9.48,0,Slc32a1-IRES-Cre/wt;Oi1(TIT2L-jGCaMP8s-WPRE-ICL-IRES-tTA2)/wt,multiplane-ophys_782149_2025-05-02_10-55-09_processed_2026-08-19_00-37-40,True
782149,multiplane-ophys_782149_2025-05-02_10-55-09,STAGE_0,STAGE_0,,21,2025-05-02,VISp_7,7,VISp,310,9.48,0,Slc32a1-IRES-Cre/wt;Oi1(TIT2L-jGCaMP8s-WPRE-ICL-IRES-tTA2)/wt,multiplane-ophys_782149_2025-05-02_10-55-09_processed_2026-08-19_00-37-40,True
782149,multiplane-ophys_782149_2025-05-05_11-39-29,STAGE_1,STAGE_1,,22,2025-05-05,VISp_0,0,VISp,160,9.48,0,Slc32a1-IRES-Cre/wt;Oi1(TIT2L-jGCaMP8s-WPRE-ICL-IRES-tTA2)/wt,multiplane-ophys_782149_2025-05-05_11-39-29_processed_2026-08-19_00-38-38,True
782149,multiplane-ophys_782149_2025-05-05_11-39-29,STAGE_1,STAGE_1,,22,2025-05-05,VISp_1,1,VISp,200,9.48,0,Slc32a1-IRES-Cre/wt;Oi1(TIT2L-jGCaMP8s-WPRE-ICL-IRES-tTA2)/wt,multiplane-ophys_782149_2025-05-05_11-39-29_processed_2026-08-19_00-38-38,True
782149,multiplane-ophys_782149_2025-05-05_11-39-29,STAGE_1,STAGE_1,,22,2025-05-05,VISp_2,2,VISp,115,9.48,0,Slc32a1-IRES-Cre/wt;Oi1(TIT2L-jGCaMP8s-WPRE-ICL-IRES-tTA2)/wt,multiplane-ophys_782149_2025-05-05_11-39-29_processed_2026-08-19_00-38-38,True
782149,multiplane-ophys_782149_2025-05-05_11-39-29,STAGE_1,STAGE_1,,22,2025-05-05,VISp_3,3,VISp,240,9.48,0,Slc32a1-IRES-Cre/wt;Oi1(TIT2L-jGCaMP8s-WPRE-ICL-IRES-tTA2)/wt,multiplane-ophys_782149_2025-05-05_11-39-29_processed_2026-08-19_00-38-38,True
782149,multiplane-ophys_782149_2025-05-05_11-39-29,STAGE_1,STAGE_1,,22,2025-05-05,VISp_4,4,VISp,80,9.48,0,Slc32a1-IRES-Cre/wt;Oi1(TIT2L-jGCaMP8s-WPRE-ICL-IRES-tTA2)/wt,multiplane-ophys_782149_2025-05-05_11-39-29_processed_2026-08-19_00-38-38,True
782149,multiplane-ophys_782149_2025-05-05_11-39-29,STAGE_1,STAGE_1,,22,2025-05-05,VISp_5,5,VISp,275,9.48,0,Slc32a1-IRES-Cre/wt;Oi1(TIT2L-jGCaMP8s-WPRE-ICL-IRES-tTA2)/wt,multiplane-ophys_782149_2025-05-05_11-39-29_processed_2026-08-19_00-38-38,True
782149,multiplane-ophys_782149_2025-05-05_11-39-29,STAGE_1,STAGE_1,,22,2025-05-05,VISp_6,6,VISp,40,9.48,0,Slc32a1-IRES-Cre/wt;Oi1(TIT2L-jGCaMP8s-WPRE-ICL-IRES-tTA2)/wt,multiplane-ophys_782149_2025-05-05_11-39-29_processed_2026-08-19_00-38-38,True
782149,multiplane-ophys_782149_2025-05-05_11-39-29,STAGE_1,STAGE_1,,22,2025-05-05,VISp_7,7,VISp,305,9.48,0,Slc32a1-IRES-Cre/wt;Oi1(TIT2L-jGCaMP8s-WPRE-ICL-IRES-tTA2)/wt,multiplane-ophys_782149_2025-05-05_11-39-29_processed_2026-08-19_00-38-38,True
782149,multiplane-ophys_782149_2025-05-06_09-18-12,STAGE_1,STAGE_1,,23,2025-05-06,VISp_0,0,VISp,155,9.48,0,Slc32a1-IRES-Cre/wt;Oi1(TIT2L-jGCaMP8s-WPRE-ICL-IRES-tTA2)/wt,multiplane-ophys_782149_2025-05-06_09-18-12_processed_2026-08-19_00-38-34,True
782149,multiplane-ophys_782149_2025-05-06_09-18-12,STAGE_1,STAGE_1,,23,2025-05-06,VISp_1,1,VISp,200,9.48,0,Slc32a1-IRES-Cre/wt;Oi1(TIT2L-jGCaMP8s-WPRE-ICL-IRES-tTA2)/wt,multiplane-ophys_782149_2025-05-06_09-18-12_processed_2026-08-19_00-38-34,True
782149,multiplane-ophys_782149_2025-05-06_09-18-12,STAGE_1,STAGE_1,,23,2025-05-06,VISp_2,2,VISp,115,9.48,0,Slc32a1-IRES-Cre/wt;Oi1(TIT2L-jGCaMP8s-WPRE-ICL-IRES-tTA2)/wt,multiplane-ophys_782149_2025-05-06_09-18-12_processed_2026-08-19_00-38-34,True
782149,multiplane-ophys_782149_2025-05-06_09-18-12,STAGE_1,STAGE_1,,23,2025-05-06,VISp_3,3,VISp,240,9.48,0,Slc32a1-IRES-Cre/wt;Oi1(TIT2L-jGCaMP8s-WPRE-ICL-IRES-tTA2)/wt,multiplane-ophys_782149_2025-05-06_09-18-12_processed_2026-08-19_00-38-34,True
782149,multiplane-ophys_782149_2025-05-06_09-18-12,STAGE_1,STAGE_1,,23,2025-05-06,VISp_4,4,VISp,80,9.48,0,Slc32a1-IRES-Cre/wt;Oi1(TIT2L-jGCaMP8s-WPRE-ICL-IRES-tTA2)/wt,multiplane-ophys_782149_2025-05-06_09-18-12_processed_2026-08-19_00-38-34,True
782149,multiplane-ophys_782149_2025-05-06_09-18-12,STAGE_1,STAGE_1,,23,2025-05-06,VISp_5,5,VISp,275,9.48,0,Slc32a1-IRES-Cre/wt;Oi1(TIT2L-jGCaMP8s-WPRE-ICL-IRES-tTA2)/wt,multiplane-ophys_782149_2025-05-06_09-18-12_processed_2026-08-19_00-38-34,True
782149,multiplane-ophys_782149_2025-05-06_09-18-12,STAGE_1,STAGE_1,,23,2025-05-06,VISp_6,6,VISp,40,9.48,0,Slc32a1-IRES-Cre/wt;Oi1(TIT2L-jGCaMP8s-WPRE-ICL-IRES-tTA2)/wt,multiplane-ophys_782149_2025-05-06_09-18-12_processed_2026-08-19_00-38-34,True
782149,multiplane-ophys_782149_2025-05-06_09-18-12,STAGE_1,STAGE_1,,23,2025-05-06,VISp_7,7,VISp,305,9.48,0,Slc32a1-IRES-Cre/wt;Oi1(TIT2L-jGCaMP8s-WPRE-ICL-IRES-tTA2)/wt,multiplane-ophys_782149_2025-05-06_09-18-12_processed_2026-08-19_00-38-34,True
782149,multiplane-ophys_782149_2025-05-07_09-10-44,STAGE_1,STAGE_1,,24,2025-05-07,VISp_0,0,VISp,155,9.48,0,Slc32a1-IRES-Cre/wt;Oi1(TIT2L-jGCaMP8s-WPRE-ICL-IRES-tTA2)/wt,multiplane-ophys_782149_2025-05-07_09-10-44_processed_2026-08-19_00-38-18,True
782149,multiplane-ophys_782149_2025-05-07_09-10-44,STAGE_1,STAGE_1,,24,2025-05-07,VISp_1,1,VISp,195,9.48,0,Slc32a1-IRES-Cre/wt;Oi1(TIT2L-jGCaMP8s-WPRE-ICL-IRES-tTA2)/wt,multiplane-ophys_782149_2025-05-07_09-10-44_processed_2026-08-19_00-38-18,True
782149,multiplane-ophys_782149_2025-05-07_09-10-44,STAGE_1,STAGE_1,,24,2025-05-07,VISp_2,2,VISp,115,9.48,0,Slc32a1-IRES-Cre/wt;Oi1(TIT2L-jGCaMP8s-WPRE-ICL-IRES-tTA2)/wt,multiplane-ophys_782149_2025-05-07_09-10-44_processed_2026-08-19_00-38-18,True
782149,multiplane-ophys_782149_2025-05-07_09-10-44,STAGE_1,STAGE_1,,24,2025-05-07,VISp_3,3,VISp,240,9.48,0,Slc32a1-IRES-Cre/wt;Oi1(TIT2L-jGCaMP8s-WPRE-ICL-IRES-tTA2)/wt,multiplane-ophys_782149_2025-05-07_09-10-44_processed_2026-08-19_00-38-18,True
782149,multiplane-ophys_782149_2025-05-07_09-10-44,STAGE_1,STAGE_1,,24,2025-05-07,VISp_4,4,VISp,80,9.48,0,Slc32a1-IRES-Cre/wt;Oi1(TIT2L-jGCaMP8s-WPRE-ICL-IRES-tTA2)/wt,multiplane-ophys_782149_2025-05-07_09-10-44_processed_2026-08-19_00-38-18,True
782149,multiplane-ophys_782149_2025-05-07_09-10-44,STAGE_1,STAGE_1,,24,2025-05-07,VISp_5,5,VISp,275,9.48,0,Slc32a1-IRES-Cre/wt;Oi1(TIT2L-jGCaMP8s-WPRE-ICL-IRES-tTA2)/wt,multiplane-ophys_782149_2025-05-07_09-10-44_processed_2026-08-19_00-38-18,True
782149,multiplane-ophys_782149_2025-05-07_09-10-44,STAGE_1,STAGE_1,,24,2025-05-07,VISp_6,6,VISp,35,9.48,0,Slc32a1-IRES-Cre/wt;Oi1(TIT2L-jGCaMP8s-WPRE-ICL-IRES-tTA2)/wt,multiplane-ophys_782149_2025-05-07_09-10-44_processed_2026-08-19_00-38-18,True
782149,multiplane-ophys_782149_2025-05-07_09-10-44,STAGE_1,STAGE_1,,24,2025-05-07,VISp_7,7,VISp,305,9.48,0,Slc32a1-IRES-Cre/wt;Oi1(TIT2L-jGCaMP8s-WPRE-ICL-IRES-tTA2)/wt,multiplane-ophys_782149_2025-05-07_09-10-44_processed_2026-08-19_00-38-18,True
788406,multiplane-ophys_788406_2025-05-29_11-29-10,TRAINING_0_gratings_autorewards_15min,TRAINING_0,,1,2025-05-29,VISp_0,0,VISp,160,9.42,0,Slc32a1-IRES-Cre/wt;Oi1(TIT2L-jGCaMP8s-WPRE-ICL-IRES-tTA2)/wt,multiplane-ophys_788406_2025-05-29_11-29-10_processed_2026-08-19_00-37-07,True
788406,multiplane-ophys_788406_2025-05-29_11-29-10,TRAINING_0_gratings_autorewards_15min,TRAINING_0,,1,2025-05-29,VISp_1,1,VISp,200,9.42,0,Slc32a1-IRES-Cre/wt;Oi1(TIT2L-jGCaMP8s-WPRE-ICL-IRES-tTA2)/wt,multiplane-ophys_788406_2025-05-29_11-29-10_processed_2026-08-19_00-37-07,True
788406,multiplane-ophys_788406_2025-05-29_11-29-10,TRAINING_0_gratings_autorewards_15min,TRAINING_0,,1,2025-05-29,VISp_2,2,VISp,120,9.42,0,Slc32a1-IRES-Cre/wt;Oi1(TIT2L-jGCaMP8s-WPRE-ICL-IRES-tTA2)/wt,multiplane-ophys_788406_2025-05-29_11-29-10_processed_2026-08-19_00-37-07,True
788406,multiplane-ophys_788406_2025-05-29_11-29-10,TRAINING_0_gratings_autorewards_15min,TRAINING_0,,1,2025-05-29,VISp_3,3,VISp,240,9.42,0,Slc32a1-IRES-Cre/wt;Oi1(TIT2L-jGCaMP8s-WPRE-ICL-IRES-tTA2)/wt,multiplane-ophys_788406_2025-05-29_11-29-10_processed_2026-08-19_00-37-07,True
788406,multiplane-ophys_788406_2025-05-29_11-29-10,TRAINING_0_gratings_autorewards_15min,TRAINING_0,,1,2025-05-29,VISp_4,4,VISp,80,9.42,0,Slc32a1-IRES-Cre/wt;Oi1(TIT2L-jGCaMP8s-WPRE-ICL-IRES-tTA2)/wt,multiplane-ophys_788406_2025-05-29_11-29-10_processed_2026-08-19_00-37-07,True
788406,multiplane-ophys_788406_2025-05-29_11-29-10,TRAINING_0_gratings_autorewards_15min,TRAINING_0,,1,2025-05-29,VISp_5,5,VISp,280,9.42,0,Slc32a1-IRES-Cre/wt;Oi1(TIT2L-jGCaMP8s-WPRE-ICL-IRES-tTA2)/wt,multiplane-ophys_788406_2025-05-29_11-29-10_processed_2026-08-19_00-37-07,True
788406,multiplane-ophys_788406_2025-05-29_11-29-10,TRAINING_0_gratings_autorewards_15min,TRAINING_0,,1,2025-05-29,VISp_6,6,VISp,40,9.42,0,Slc32a1-IRES-Cre/wt;Oi1(TIT2L-jGCaMP8s-WPRE-ICL-IRES-tTA2)/wt,multiplane-ophys_788406_2025-05-29_11-29-10_processed_2026-08-19_00-37-07,True
788406,multiplane-ophys_788406_2025-05-29_11-29-10,TRAINING_0_gratings_autorewards_15min,TRAINING_0,,1,2025-05-29,VISp_7,7,VISp,320,9.42,0,Slc32a1-IRES-Cre/wt;Oi1(TIT2L-jGCaMP8s-WPRE-ICL-IRES-tTA2)/wt,multiplane-ophys_788406_2025-05-29_11-29-10_processed_2026-08-19_00-37-07,True
788406,multiplane-ophys_788406_2025-05-31_12-37-36,TRAINING_1_gratings,TRAINING_1,,2,2025-05-31,VISp_0,0,VISp,152,9.42,0,Slc32a1-IRES-Cre/wt;Oi1(TIT2L-jGCaMP8s-WPRE-ICL-IRES-tTA2)/wt,multiplane-ophys_788406_2025-05-31_12-37-36_processed_2026-08-19_00-38-01,True
788406,multiplane-ophys_788406_2025-05-31_12-37-36,TRAINING_1_gratings,TRAINING_1,,2,2025-05-31,VISp_1,1,VISp,194,9.42,0,Slc32a1-IRES-Cre/wt;Oi1(TIT2L-jGCaMP8s-WPRE-ICL-IRES-tTA2)/wt,multiplane-ophys_788406_2025-05-31_12-37-36_processed_2026-08-19_00-38-01,True
788406,multiplane-ophys_788406_2025-05-31_12-37-36,TRAINING_1_gratings,TRAINING_1,,2,2025-05-31,VISp_2,2,VISp,120,9.42,0,Slc32a1-IRES-Cre/wt;Oi1(TIT2L-jGCaMP8s-WPRE-ICL-IRES-tTA2)/wt,multiplane-ophys_788406_2025-05-31_12-37-36_processed_2026-08-19_00-38-01,True
788406,multiplane-ophys_788406_2025-05-31_12-37-36,TRAINING_1_gratings,TRAINING_1,,2,2025-05-31,VISp_3,3,VISp,238,9.42,0,Slc32a1-IRES-Cre/wt;Oi1(TIT2L-jGCaMP8s-WPRE-ICL-IRES-tTA2)/wt,multiplane-ophys_788406_2025-05-31_12-37-36_processed_2026-08-19_00-38-01,True
788406,multiplane-ophys_788406_2025-05-31_12-37-36,TRAINING_1_gratings,TRAINING_1,,2,2025-05-31,VISp_4,4,VISp,78,9.42,0,Slc32a1-IRES-Cre/wt;Oi1(TIT2L-jGCaMP8s-WPRE-ICL-IRES-tTA2)/wt,multiplane-ophys_788406_2025-05-31_12-37-36_processed_2026-08-19_00-38-01,True
788406,multiplane-ophys_788406_2025-05-31_12-37-36,TRAINING_1_gratings,TRAINING_1,,2,2025-05-31,VISp_5,5,VISp,278,9.42,0,Slc32a1-IRES-Cre/wt;Oi1(TIT2L-jGCaMP8s-WPRE-ICL-IRES-tTA2)/wt,multiplane-ophys_788406_2025-05-31_12-37-36_processed_2026-08-19_00-38-01,True
788406,multiplane-ophys_788406_2025-05-31_12-37-36,TRAINING_1_gratings,TRAINING_1,,2,2025-05-31,VISp_6,6,VISp,35,9.42,0,Slc32a1-IRES-Cre/wt;Oi1(TIT2L-jGCaMP8s-WPRE-ICL-IRES-tTA2)/wt,multiplane-ophys_788406_2025-05-31_12-37-36_processed_2026-08-19_00-38-01,True
788406,multiplane-ophys_788406_2025-05-31_12-37-36,TRAINING_1_gratings,TRAINING_1,,2,2025-05-31,VISp_7,7,VISp,316,9.42,0,Slc32a1-IRES-Cre/wt;Oi1(TIT2L-jGCaMP8s-WPRE-ICL-IRES-tTA2)/wt,multiplane-ophys_788406_2025-05-31_12-37-36_processed_2026-08-19_00-38-01,True
788406,multiplane-ophys_788406_2025-06-04_07-29-18,TRAINING_1_gratings,TRAINING_1,,3,2025-06-04,VISp_0,0,VISp,168,10.63,0,Slc32a1-IRES-Cre/wt;Oi1(TIT2L-jGCaMP8s-WPRE-ICL-IRES-tTA2)/wt,multiplane-ophys_788406_2025-06-04_07-29-18_processed_2026-08-19_00-38-20,True
788406,multiplane-ophys_788406_2025-06-04_07-29-18,TRAINING_1_gratings,TRAINING_1,,3,2025-06-04,VISp_1,1,VISp,206,10.63,0,Slc32a1-IRES-Cre/wt;Oi1(TIT2L-jGCaMP8s-WPRE-ICL-IRES-tTA2)/wt,multiplane-ophys_788406_2025-06-04_07-29-18_processed_2026-08-19_00-38-20,True
788406,multiplane-ophys_788406_2025-06-04_07-29-18,TRAINING_1_gratings,TRAINING_1,,3,2025-06-04,VISp_2,2,VISp,126,10.63,0,Slc32a1-IRES-Cre/wt;Oi1(TIT2L-jGCaMP8s-WPRE-ICL-IRES-tTA2)/wt,multiplane-ophys_788406_2025-06-04_07-29-18_processed_2026-08-19_00-38-20,True
788406,multiplane-ophys_788406_2025-06-04_07-29-18,TRAINING_1_gratings,TRAINING_1,,3,2025-06-04,VISp_3,3,VISp,244,10.63,0,Slc32a1-IRES-Cre/wt;Oi1(TIT2L-jGCaMP8s-WPRE-ICL-IRES-tTA2)/wt,multiplane-ophys_788406_2025-06-04_07-29-18_processed_2026-08-19_00-38-20,True
788406,multiplane-ophys_788406_2025-06-04_07-29-18,TRAINING_1_gratings,TRAINING_1,,3,2025-06-04,VISp_4,4,VISp,88,10.63,0,Slc32a1-IRES-Cre/wt;Oi1(TIT2L-jGCaMP8s-WPRE-ICL-IRES-tTA2)/wt,multiplane-ophys_788406_2025-06-04_07-29-18_processed_2026-08-19_00-38-20,True
788406,multiplane-ophys_788406_2025-06-04_07-29-18,TRAINING_1_gratings,TRAINING_1,,3,2025-06-04,VISp_5,5,VISp,284,10.63,0,Slc32a1-IRES-Cre/wt;Oi1(TIT2L-jGCaMP8s-WPRE-ICL-IRES-tTA2)/wt,multiplane-ophys_788406_2025-06-04_07-29-18_processed_2026-08-19_00-38-20,True
788406,multiplane-ophys_788406_2025-06-04_07-29-18,TRAINING_1_gratings,TRAINING_1,,3,2025-06-04,VISp_6,6,VISp,46,10.63,0,Slc32a1-IRES-Cre/wt;Oi1(TIT2L-jGCaMP8s-WPRE-ICL-IRES-tTA2)/wt,multiplane-ophys_788406_2025-06-04_07-29-18_processed_2026-08-19_00-38-20,True
788406,multiplane-ophys_788406_2025-06-04_07-29-18,TRAINING_1_gratings,TRAINING_1,,3,2025-06-04,VISp_7,7,VISp,322,10.63,0,Slc32a1-IRES-Cre/wt;Oi1(TIT2L-jGCaMP8s-WPRE-ICL-IRES-tTA2)/wt,multiplane-ophys_788406_2025-06-04_07-29-18_processed_2026-08-19_00-38-20,True
788406,multiplane-ophys_788406_2025-06-05_09-20-38,TRAINING_1_gratings,TRAINING_1,,4,2025-06-05,VISp_0,0,VISp,157,10.63,0,Slc32a1-IRES-Cre/wt;Oi1(TIT2L-jGCaMP8s-WPRE-ICL-IRES-tTA2)/wt,multiplane-ophys_788406_2025-06-05_09-20-38_processed_2026-08-19_00-38-04,True
788406,multiplane-ophys_788406_2025-06-05_09-20-38,TRAINING_1_gratings,TRAINING_1,,4,2025-06-05,VISp_1,1,VISp,195,10.63,0,Slc32a1-IRES-Cre/wt;Oi1(TIT2L-jGCaMP8s-WPRE-ICL-IRES-tTA2)/wt,multiplane-ophys_788406_2025-06-05_09-20-38_processed_2026-08-19_00-38-04,True
788406,multiplane-ophys_788406_2025-06-05_09-20-38,TRAINING_1_gratings,TRAINING_1,,4,2025-06-05,VISp_2,2,VISp,120,10.63,0,Slc32a1-IRES-Cre/wt;Oi1(TIT2L-jGCaMP8s-WPRE-ICL-IRES-tTA2)/wt,multiplane-ophys_788406_2025-06-05_09-20-38_processed_2026-08-19_00-38-04,True
788406,multiplane-ophys_788406_2025-06-05_09-20-38,TRAINING_1_gratings,TRAINING_1,,4,2025-06-05,VISp_3,3,VISp,236,10.63,0,Slc32a1-IRES-Cre/wt;Oi1(TIT2L-jGCaMP8s-WPRE-ICL-IRES-tTA2)/wt,multiplane-ophys_788406_2025-06-05_09-20-38_processed_2026-08-19_00-38-04,True
788406,multiplane-ophys_788406_2025-06-05_09-20-38,TRAINING_1_gratings,TRAINING_1,,4,2025-06-05,VISp_4,4,VISp,81,10.63,0,Slc32a1-IRES-Cre/wt;Oi1(TIT2L-jGCaMP8s-WPRE-ICL-IRES-tTA2)/wt,multiplane-ophys_788406_2025-06-05_09-20-38_processed_2026-08-19_00-38-04,True
788406,multiplane-ophys_788406_2025-06-05_09-20-38,TRAINING_1_gratings,TRAINING_1,,4,2025-06-05,VISp_5,5,VISp,275,10.63,0,Slc32a1-IRES-Cre/wt;Oi1(TIT2L-jGCaMP8s-WPRE-ICL-IRES-tTA2)/wt,multiplane-ophys_788406_2025-06-05_09-20-38_processed_2026-08-19_00-38-04,True
788406,multiplane-ophys_788406_2025-06-05_09-20-38,TRAINING_1_gratings,TRAINING_1,,4,2025-06-05,VISp_6,6,VISp,37,10.63,0,Slc32a1-IRES-Cre/wt;Oi1(TIT2L-jGCaMP8s-WPRE-ICL-IRES-tTA2)/wt,multiplane-ophys_788406_2025-06-05_09-20-38_processed_2026-08-19_00-38-04,True
788406,multiplane-ophys_788406_2025-06-05_09-20-38,TRAINING_1_gratings,TRAINING_1,,4,2025-06-05,VISp_7,7,VISp,312,10.63,0,Slc32a1-IRES-Cre/wt;Oi1(TIT2L-jGCaMP8s-WPRE-ICL-IRES-tTA2)/wt,multiplane-ophys_788406_2025-06-05_09-20-38_processed_2026-08-19_00-38-04,True
788406,multiplane-ophys_788406_2025-06-06_09-04-24,TRAINING_1_gratings,TRAINING_1,,5,2025-06-06,VISp_0,0,VISp,150,10.63,0,Slc32a1-IRES-Cre/wt;Oi1(TIT2L-jGCaMP8s-WPRE-ICL-IRES-tTA2)/wt,multiplane-ophys_788406_2025-06-06_09-04-24_processed_2026-08-19_00-38-00,True
788406,multiplane-ophys_788406_2025-06-06_09-04-24,TRAINING_1_gratings,TRAINING_1,,5,2025-06-06,VISp_1,1,VISp,192,10.63,0,Slc32a1-IRES-Cre/wt;Oi1(TIT2L-jGCaMP8s-WPRE-ICL-IRES-tTA2)/wt,multiplane-ophys_788406_2025-06-06_09-04-24_processed_2026-08-19_00-38-00,True
788406,multiplane-ophys_788406_2025-06-06_09-04-24,TRAINING_1_gratings,TRAINING_1,,5,2025-06-06,VISp_2,2,VISp,108,10.63,0,Slc32a1-IRES-Cre/wt;Oi1(TIT2L-jGCaMP8s-WPRE-ICL-IRES-tTA2)/wt,multiplane-ophys_788406_2025-06-06_09-04-24_processed_2026-08-19_00-38-00,True
788406,multiplane-ophys_788406_2025-06-06_09-04-24,TRAINING_1_gratings,TRAINING_1,,5,2025-06-06,VISp_3,3,VISp,234,10.63,0,Slc32a1-IRES-Cre/wt;Oi1(TIT2L-jGCaMP8s-WPRE-ICL-IRES-tTA2)/wt,multiplane-ophys_788406_2025-06-06_09-04-24_processed_2026-08-19_00-38-00,True
788406,multiplane-ophys_788406_2025-06-06_09-04-24,TRAINING_1_gratings,TRAINING_1,,5,2025-06-06,VISp_4,4,VISp,72,10.63,0,Slc32a1-IRES-Cre/wt;Oi1(TIT2L-jGCaMP8s-WPRE-ICL-IRES-tTA2)/wt,multiplane-ophys_788406_2025-06-06_09-04-24_processed_2026-08-19_00-38-00,True
788406,multiplane-ophys_788406_2025-06-06_09-04-24,TRAINING_1_gratings,TRAINING_1,,5,2025-06-06,VISp_5,5,VISp,274,10.63,0,Slc32a1-IRES-Cre/wt;Oi1(TIT2L-jGCaMP8s-WPRE-ICL-IRES-tTA2)/wt,multiplane-ophys_788406_2025-06-06_09-04-24_processed_2026-08-19_00-38-00,True
788406,multiplane-ophys_788406_2025-06-06_09-04-24,TRAINING_1_gratings,TRAINING_1,,5,2025-06-06,VISp_6,6,VISp,34,10.63,0,Slc32a1-IRES-Cre/wt;Oi1(TIT2L-jGCaMP8s-WPRE-ICL-IRES-tTA2)/wt,multiplane-ophys_788406_2025-06-06_09-04-24_processed_2026-08-19_00-38-00,True
788406,multiplane-ophys_788406_2025-06-06_09-04-24,TRAINING_1_gratings,TRAINING_1,,5,2025-06-06,VISp_7,7,VISp,314,10.63,0,Slc32a1-IRES-Cre/wt;Oi1(TIT2L-jGCaMP8s-WPRE-ICL-IRES-tTA2)/wt,multiplane-ophys_788406_2025-06-06_09-04-24_processed_2026-08-19_00-38-00,True
788406,multiplane-ophys_788406_2025-06-10_08-54-07,TRAINING_1_gratings,TRAINING_1,,6,2025-06-10,VISp_0,0,VISp,154,10.63,0,Slc32a1-IRES-Cre/wt;Oi1(TIT2L-jGCaMP8s-WPRE-ICL-IRES-tTA2)/wt,multiplane-ophys_788406_2025-06-10_08-54-07_processed_2026-08-19_00-39-09,True
788406,multiplane-ophys_788406_2025-06-10_08-54-07,TRAINING_1_gratings,TRAINING_1,,6,2025-06-10,VISp_1,1,VISp,194,10.63,0,Slc32a1-IRES-Cre/wt;Oi1(TIT2L-jGCaMP8s-WPRE-ICL-IRES-tTA2)/wt,multiplane-ophys_788406_2025-06-10_08-54-07_processed_2026-08-19_00-39-09,True
788406,multiplane-ophys_788406_2025-06-10_08-54-07,TRAINING_1_gratings,TRAINING_1,,6,2025-06-10,VISp_2,2,VISp,120,10.63,0,Slc32a1-IRES-Cre/wt;Oi1(TIT2L-jGCaMP8s-WPRE-ICL-IRES-tTA2)/wt,multiplane-ophys_788406_2025-06-10_08-54-07_processed_2026-08-19_00-39-09,True
788406,multiplane-ophys_788406_2025-06-10_08-54-07,TRAINING_1_gratings,TRAINING_1,,6,2025-06-10,VISp_3,3,VISp,238,10.63,0,Slc32a1-IRES-Cre/wt;Oi1(TIT2L-jGCaMP8s-WPRE-ICL-IRES-tTA2)/wt,multiplane-ophys_788406_2025-06-10_08-54-07_processed_2026-08-19_00-39-09,True
788406,multiplane-ophys_788406_2025-06-10_08-54-07,TRAINING_1_gratings,TRAINING_1,,6,2025-06-10,VISp_4,4,VISp,80,10.63,0,Slc32a1-IRES-Cre/wt;Oi1(TIT2L-jGCaMP8s-WPRE-ICL-IRES-tTA2)/wt,multiplane-ophys_788406_2025-06-10_08-54-07_processed_2026-08-19_00-39-09,True
788406,multiplane-ophys_788406_2025-06-10_08-54-07,TRAINING_1_gratings,TRAINING_1,,6,2025-06-10,VISp_5,5,VISp,272,10.63,0,Slc32a1-IRES-Cre/wt;Oi1(TIT2L-jGCaMP8s-WPRE-ICL-IRES-tTA2)/wt,multiplane-ophys_788406_2025-06-10_08-54-07_processed_2026-08-19_00-39-09,True
788406,multiplane-ophys_788406_2025-06-10_08-54-07,TRAINING_1_gratings,TRAINING_1,,6,2025-06-10,VISp_6,6,VISp,42,10.63,0,Slc32a1-IRES-Cre/wt;Oi1(TIT2L-jGCaMP8s-WPRE-ICL-IRES-tTA2)/wt,multiplane-ophys_788406_2025-06-10_08-54-07_processed_2026-08-19_00-39-09,True
788406,multiplane-ophys_788406_2025-06-10_08-54-07,TRAINING_1_gratings,TRAINING_1,,6,2025-06-10,VISp_7,7,VISp,312,10.63,0,Slc32a1-IRES-Cre/wt;Oi1(TIT2L-jGCaMP8s-WPRE-ICL-IRES-tTA2)/wt,multiplane-ophys_788406_2025-06-10_08-54-07_processed_2026-08-19_00-39-09,True
788406,multiplane-ophys_788406_2025-06-11_08-54-38,TRAINING_1_gratings,TRAINING_1,,7,2025-06-11,VISp_0,0,VISp,156,10.63,0,Slc32a1-IRES-Cre/wt;Oi1(TIT2L-jGCaMP8s-WPRE-ICL-IRES-tTA2)/wt,multiplane-ophys_788406_2025-06-11_08-54-38_processed_2026-08-19_00-39-40,True
788406,multiplane-ophys_788406_2025-06-11_08-54-38,TRAINING_1_gratings,TRAINING_1,,7,2025-06-11,VISp_1,1,VISp,194,10.63,0,Slc32a1-IRES-Cre/wt;Oi1(TIT2L-jGCaMP8s-WPRE-ICL-IRES-tTA2)/wt,multiplane-ophys_788406_2025-06-11_08-54-38_processed_2026-08-19_00-39-40,True
788406,multiplane-ophys_788406_2025-06-11_08-54-38,TRAINING_1_gratings,TRAINING_1,,7,2025-06-11,VISp_2,2,VISp,114,10.63,0,Slc32a1-IRES-Cre/wt;Oi1(TIT2L-jGCaMP8s-WPRE-ICL-IRES-tTA2)/wt,multiplane-ophys_788406_2025-06-11_08-54-38_processed_2026-08-19_00-39-40,True
788406,multiplane-ophys_788406_2025-06-11_08-54-38,TRAINING_1_gratings,TRAINING_1,,7,2025-06-11,VISp_3,3,VISp,232,10.63,0,Slc32a1-IRES-Cre/wt;Oi1(TIT2L-jGCaMP8s-WPRE-ICL-IRES-tTA2)/wt,multiplane-ophys_788406_2025-06-11_08-54-38_processed_2026-08-19_00-39-40,True
788406,multiplane-ophys_788406_2025-06-11_08-54-38,TRAINING_1_gratings,TRAINING_1,,7,2025-06-11,VISp_4,4,VISp,82,10.63,0,Slc32a1-IRES-Cre/wt;Oi1(TIT2L-jGCaMP8s-WPRE-ICL-IRES-tTA2)/wt,multiplane-ophys_788406_2025-06-11_08-54-38_processed_2026-08-19_00-39-40,True
788406,multiplane-ophys_788406_2025-06-11_08-54-38,TRAINING_1_gratings,TRAINING_1,,7,2025-06-11,VISp_5,5,VISp,272,10.63,0,Slc32a1-IRES-Cre/wt;Oi1(TIT2L-jGCaMP8s-WPRE-ICL-IRES-tTA2)/wt,multiplane-ophys_788406_2025-06-11_08-54-38_processed_2026-08-19_00-39-40,True
788406,multiplane-ophys_788406_2025-06-11_08-54-38,TRAINING_1_gratings,TRAINING_1,,7,2025-06-11,VISp_6,6,VISp,40,10.63,0,Slc32a1-IRES-Cre/wt;Oi1(TIT2L-jGCaMP8s-WPRE-ICL-IRES-tTA2)/wt,multiplane-ophys_788406_2025-06-11_08-54-38_processed_2026-08-19_00-39-40,True
788406,multiplane-ophys_788406_2025-06-11_08-54-38,TRAINING_1_gratings,TRAINING_1,,7,2025-06-11,VISp_7,7,VISp,312,10.63,0,Slc32a1-IRES-Cre/wt;Oi1(TIT2L-jGCaMP8s-WPRE-ICL-IRES-tTA2)/wt,multiplane-ophys_788406_2025-06-11_08-54-38_processed_2026-08-19_00-39-40,True
788406,multiplane-ophys_788406_2025-06-13_09-35-46,TRAINING_1_gratings,TRAINING_1,,8,2025-06-13,VISp_0,0,VISp,154,10.63,0,Slc32a1-IRES-Cre/wt;Oi1(TIT2L-jGCaMP8s-WPRE-ICL-IRES-tTA2)/wt,multiplane-ophys_788406_2025-06-13_09-35-46_processed_2026-08-19_00-39-27,True
788406,multiplane-ophys_788406_2025-06-13_09-35-46,TRAINING_1_gratings,TRAINING_1,,8,2025-06-13,VISp_1,1,VISp,192,10.63,0,Slc32a1-IRES-Cre/wt;Oi1(TIT2L-jGCaMP8s-WPRE-ICL-IRES-tTA2)/wt,multiplane-ophys_788406_2025-06-13_09-35-46_processed_2026-08-19_00-39-27,True
788406,multiplane-ophys_788406_2025-06-13_09-35-46,TRAINING_1_gratings,TRAINING_1,,8,2025-06-13,VISp_2,2,VISp,116,10.63,0,Slc32a1-IRES-Cre/wt;Oi1(TIT2L-jGCaMP8s-WPRE-ICL-IRES-tTA2)/wt,multiplane-ophys_788406_2025-06-13_09-35-46_processed_2026-08-19_00-39-27,True
788406,multiplane-ophys_788406_2025-06-13_09-35-46,TRAINING_1_gratings,TRAINING_1,,8,2025-06-13,VISp_3,3,VISp,230,10.63,0,Slc32a1-IRES-Cre/wt;Oi1(TIT2L-jGCaMP8s-WPRE-ICL-IRES-tTA2)/wt,multiplane-ophys_788406_2025-06-13_09-35-46_processed_2026-08-19_00-39-27,True
788406,multiplane-ophys_788406_2025-06-13_09-35-46,TRAINING_1_gratings,TRAINING_1,,8,2025-06-13,VISp_4,4,VISp,80,10.63,0,Slc32a1-IRES-Cre/wt;Oi1(TIT2L-jGCaMP8s-WPRE-ICL-IRES-tTA2)/wt,multiplane-ophys_788406_2025-06-13_09-35-46_processed_2026-08-19_00-39-27,True
788406,multiplane-ophys_788406_2025-06-13_09-35-46,TRAINING_1_gratings,TRAINING_1,,8,2025-06-13,VISp_5,5,VISp,282,10.63,0,Slc32a1-IRES-Cre/wt;Oi1(TIT2L-jGCaMP8s-WPRE-ICL-IRES-tTA2)/wt,multiplane-ophys_788406_2025-06-13_09-35-46_processed_2026-08-19_00-39-27,True
788406,multiplane-ophys_788406_2025-06-13_09-35-46,TRAINING_1_gratings,TRAINING_1,,8,2025-06-13,VISp_6,6,VISp,38,10.63,0,Slc32a1-IRES-Cre/wt;Oi1(TIT2L-jGCaMP8s-WPRE-ICL-IRES-tTA2)/wt,multiplane-ophys_788406_2025-06-13_09-35-46_processed_2026-08-19_00-39-27,True
788406,multiplane-ophys_788406_2025-06-13_09-35-46,TRAINING_1_gratings,TRAINING_1,,8,2025-06-13,VISp_7,7,VISp,310,10.63,0,Slc32a1-IRES-Cre/wt;Oi1(TIT2L-jGCaMP8s-WPRE-ICL-IRES-tTA2)/wt,multiplane-ophys_788406_2025-06-13_09-35-46_processed_2026-08-19_00-39-27,True
788406,multiplane-ophys_788406_2025-06-14_10-03-45,TRAINING_1_gratings,TRAINING_1,,9,2025-06-14,VISp_0,0,VISp,146,10.63,0,Slc32a1-IRES-Cre/wt;Oi1(TIT2L-jGCaMP8s-WPRE-ICL-IRES-tTA2)/wt,multiplane-ophys_788406_2025-06-14_10-03-45_processed_2026-08-19_00-39-12,True
788406,multiplane-ophys_788406_2025-06-14_10-03-45,TRAINING_1_gratings,TRAINING_1,,9,2025-06-14,VISp_1,1,VISp,188,10.63,0,Slc32a1-IRES-Cre/wt;Oi1(TIT2L-jGCaMP8s-WPRE-ICL-IRES-tTA2)/wt,multiplane-ophys_788406_2025-06-14_10-03-45_processed_2026-08-19_00-39-12,True
788406,multiplane-ophys_788406_2025-06-14_10-03-45,TRAINING_1_gratings,TRAINING_1,,9,2025-06-14,VISp_2,2,VISp,110,10.63,0,Slc32a1-IRES-Cre/wt;Oi1(TIT2L-jGCaMP8s-WPRE-ICL-IRES-tTA2)/wt,multiplane-ophys_788406_2025-06-14_10-03-45_processed_2026-08-19_00-39-12,True
788406,multiplane-ophys_788406_2025-06-14_10-03-45,TRAINING_1_gratings,TRAINING_1,,9,2025-06-14,VISp_3,3,VISp,222,10.63,0,Slc32a1-IRES-Cre/wt;Oi1(TIT2L-jGCaMP8s-WPRE-ICL-IRES-tTA2)/wt,multiplane-ophys_788406_2025-06-14_10-03-45_processed_2026-08-19_00-39-12,True
788406,multiplane-ophys_788406_2025-06-14_10-03-45,TRAINING_1_gratings,TRAINING_1,,9,2025-06-14,VISp_4,4,VISp,72,10.63,0,Slc32a1-IRES-Cre/wt;Oi1(TIT2L-jGCaMP8s-WPRE-ICL-IRES-tTA2)/wt,multiplane-ophys_788406_2025-06-14_10-03-45_processed_2026-08-19_00-39-12,True
788406,multiplane-ophys_788406_2025-06-14_10-03-45,TRAINING_1_gratings,TRAINING_1,,9,2025-06-14,VISp_5,5,VISp,266,10.63,0,Slc32a1-IRES-Cre/wt;Oi1(TIT2L-jGCaMP8s-WPRE-ICL-IRES-tTA2)/wt,multiplane-ophys_788406_2025-06-14_10-03-45_processed_2026-08-19_00-39-12,True
788406,multiplane-ophys_788406_2025-06-14_10-03-45,TRAINING_1_gratings,TRAINING_1,,9,2025-06-14,VISp_6,6,VISp,30,10.63,0,Slc32a1-IRES-Cre/wt;Oi1(TIT2L-jGCaMP8s-WPRE-ICL-IRES-tTA2)/wt,multiplane-ophys_788406_2025-06-14_10-03-45_processed_2026-08-19_00-39-12,True
788406,multiplane-ophys_788406_2025-06-14_10-03-45,TRAINING_1_gratings,TRAINING_1,,9,2025-06-14,VISp_7,7,VISp,308,10.63,0,Slc32a1-IRES-Cre/wt;Oi1(TIT2L-jGCaMP8s-WPRE-ICL-IRES-tTA2)/wt,multiplane-ophys_788406_2025-06-14_10-03-45_processed_2026-08-19_00-39-12,True
788406,multiplane-ophys_788406_2025-06-17_09-08-48,TRAINING_1_gratings,TRAINING_1,,10,2025-06-17,VISp_0,0,VISp,158,10.63,0,Slc32a1-IRES-Cre/wt;Oi1(TIT2L-jGCaMP8s-WPRE-ICL-IRES-tTA2)/wt,multiplane-ophys_788406_2025-06-17_09-08-48_processed_2026-08-19_00-39-24,True
788406,multiplane-ophys_788406_2025-06-17_09-08-48,TRAINING_1_gratings,TRAINING_1,,10,2025-06-17,VISp_1,1,VISp,196,10.63,0,Slc32a1-IRES-Cre/wt;Oi1(TIT2L-jGCaMP8s-WPRE-ICL-IRES-tTA2)/wt,multiplane-ophys_788406_2025-06-17_09-08-48_processed_2026-08-19_00-39-24,True
788406,multiplane-ophys_788406_2025-06-17_09-08-48,TRAINING_1_gratings,TRAINING_1,,10,2025-06-17,VISp_2,2,VISp,120,10.63,0,Slc32a1-IRES-Cre/wt;Oi1(TIT2L-jGCaMP8s-WPRE-ICL-IRES-tTA2)/wt,multiplane-ophys_788406_2025-06-17_09-08-48_processed_2026-08-19_00-39-24,True
788406,multiplane-ophys_788406_2025-06-17_09-08-48,TRAINING_1_gratings,TRAINING_1,,10,2025-06-17,VISp_3,3,VISp,232,10.63,0,Slc32a1-IRES-Cre/wt;Oi1(TIT2L-jGCaMP8s-WPRE-ICL-IRES-tTA2)/wt,multiplane-ophys_788406_2025-06-17_09-08-48_processed_2026-08-19_00-39-24,True
788406,multiplane-ophys_788406_2025-06-17_09-08-48,TRAINING_1_gratings,TRAINING_1,,10,2025-06-17,VISp_4,4,VISp,80,10.63,0,Slc32a1-IRES-Cre/wt;Oi1(TIT2L-jGCaMP8s-WPRE-ICL-IRES-tTA2)/wt,multiplane-ophys_788406_2025-06-17_09-08-48_processed_2026-08-19_00-39-24,True
788406,multiplane-ophys_788406_2025-06-17_09-08-48,TRAINING_1_gratings,TRAINING_1,,10,2025-06-17,VISp_5,5,VISp,272,10.63,0,Slc32a1-IRES-Cre/wt;Oi1(TIT2L-jGCaMP8s-WPRE-ICL-IRES-tTA2)/wt,multiplane-ophys_788406_2025-06-17_09-08-48_processed_2026-08-19_00-39-24,True
788406,multiplane-ophys_788406_2025-06-17_09-08-48,TRAINING_1_gratings,TRAINING_1,,10,2025-06-17,VISp_6,6,VISp,38,10.63,0,Slc32a1-IRES-Cre/wt;Oi1(TIT2L-jGCaMP8s-WPRE-ICL-IRES-tTA2)/wt,multiplane-ophys_788406_2025-06-17_09-08-48_processed_2026-08-19_00-39-24,True
788406,multiplane-ophys_788406_2025-06-17_09-08-48,TRAINING_1_gratings,TRAINING_1,,10,2025-06-17,VISp_7,7,VISp,310,10.63,0,Slc32a1-IRES-Cre/wt;Oi1(TIT2L-jGCaMP8s-WPRE-ICL-IRES-tTA2)/wt,multiplane-ophys_788406_2025-06-17_09-08-48_processed_2026-08-19_00-39-24,True
788406,multiplane-ophys_788406_2025-06-18_12-47-45,TRAINING_1_gratings,TRAINING_1,,11,2025-06-18,VISp_0,0,VISp,152,10.63,0,Slc32a1-IRES-Cre/wt;Oi1(TIT2L-jGCaMP8s-WPRE-ICL-IRES-tTA2)/wt,multiplane-ophys_788406_2025-06-18_12-47-45_processed_2026-08-19_00-39-09,True
788406,multiplane-ophys_788406_2025-06-18_12-47-45,TRAINING_1_gratings,TRAINING_1,,11,2025-06-18,VISp_1,1,VISp,192,10.63,0,Slc32a1-IRES-Cre/wt;Oi1(TIT2L-jGCaMP8s-WPRE-ICL-IRES-tTA2)/wt,multiplane-ophys_788406_2025-06-18_12-47-45_processed_2026-08-19_00-39-09,True
788406,multiplane-ophys_788406_2025-06-18_12-47-45,TRAINING_1_gratings,TRAINING_1,,11,2025-06-18,VISp_2,2,VISp,112,10.63,0,Slc32a1-IRES-Cre/wt;Oi1(TIT2L-jGCaMP8s-WPRE-ICL-IRES-tTA2)/wt,multiplane-ophys_788406_2025-06-18_12-47-45_processed_2026-08-19_00-39-09,True
788406,multiplane-ophys_788406_2025-06-18_12-47-45,TRAINING_1_gratings,TRAINING_1,,11,2025-06-18,VISp_3,3,VISp,234,10.63,0,Slc32a1-IRES-Cre/wt;Oi1(TIT2L-jGCaMP8s-WPRE-ICL-IRES-tTA2)/wt,multiplane-ophys_788406_2025-06-18_12-47-45_processed_2026-08-19_00-39-09,True
788406,multiplane-ophys_788406_2025-06-18_12-47-45,TRAINING_1_gratings,TRAINING_1,,11,2025-06-18,VISp_4,4,VISp,72,10.63,0,Slc32a1-IRES-Cre/wt;Oi1(TIT2L-jGCaMP8s-WPRE-ICL-IRES-tTA2)/wt,multiplane-ophys_788406_2025-06-18_12-47-45_processed_2026-08-19_00-39-09,True
788406,multiplane-ophys_788406_2025-06-18_12-47-45,TRAINING_1_gratings,TRAINING_1,,11,2025-06-18,VISp_5,5,VISp,268,10.63,0,Slc32a1-IRES-Cre/wt;Oi1(TIT2L-jGCaMP8s-WPRE-ICL-IRES-tTA2)/wt,multiplane-ophys_788406_2025-06-18_12-47-45_processed_2026-08-19_00-39-09,True
788406,multiplane-ophys_788406_2025-06-18_12-47-45,TRAINING_1_gratings,TRAINING_1,,11,2025-06-18,VISp_6,6,VISp,36,10.63,0,Slc32a1-IRES-Cre/wt;Oi1(TIT2L-jGCaMP8s-WPRE-ICL-IRES-tTA2)/wt,multiplane-ophys_788406_2025-06-18_12-47-45_processed_2026-08-19_00-39-09,True
788406,multiplane-ophys_788406_2025-06-18_12-47-45,TRAINING_1_gratings,TRAINING_1,,11,2025-06-18,VISp_7,7,VISp,308,10.63,0,Slc32a1-IRES-Cre/wt;Oi1(TIT2L-jGCaMP8s-WPRE-ICL-IRES-tTA2)/wt,multiplane-ophys_788406_2025-06-18_12-47-45_processed_2026-08-19_00-39-09,True
788406,multiplane-ophys_788406_2025-06-20_10-38-42,TRAINING_1_gratings,TRAINING_1,,12,2025-06-20,VISp_0,0,VISp,150,10.63,0,Slc32a1-IRES-Cre/wt;Oi1(TIT2L-jGCaMP8s-WPRE-ICL-IRES-tTA2)/wt,multiplane-ophys_788406_2025-06-20_10-38-42_processed_2026-08-19_00-39-59,True
788406,multiplane-ophys_788406_2025-06-20_10-38-42,TRAINING_1_gratings,TRAINING_1,,12,2025-06-20,VISp_1,1,VISp,192,10.63,0,Slc32a1-IRES-Cre/wt;Oi1(TIT2L-jGCaMP8s-WPRE-ICL-IRES-tTA2)/wt,multiplane-ophys_788406_2025-06-20_10-38-42_processed_2026-08-19_00-39-59,True
788406,multiplane-ophys_788406_2025-06-20_10-38-42,TRAINING_1_gratings,TRAINING_1,,12,2025-06-20,VISp_2,2,VISp,112,10.63,0,Slc32a1-IRES-Cre/wt;Oi1(TIT2L-jGCaMP8s-WPRE-ICL-IRES-tTA2)/wt,multiplane-ophys_788406_2025-06-20_10-38-42_processed_2026-08-19_00-39-59,True
788406,multiplane-ophys_788406_2025-06-20_10-38-42,TRAINING_1_gratings,TRAINING_1,,12,2025-06-20,VISp_3,3,VISp,224,10.63,0,Slc32a1-IRES-Cre/wt;Oi1(TIT2L-jGCaMP8s-WPRE-ICL-IRES-tTA2)/wt,multiplane-ophys_788406_2025-06-20_10-38-42_processed_2026-08-19_00-39-59,True
788406,multiplane-ophys_788406_2025-06-20_10-38-42,TRAINING_1_gratings,TRAINING_1,,12,2025-06-20,VISp_4,4,VISp,68,10.63,0,Slc32a1-IRES-Cre/wt;Oi1(TIT2L-jGCaMP8s-WPRE-ICL-IRES-tTA2)/wt,multiplane-ophys_788406_2025-06-20_10-38-42_processed_2026-08-19_00-39-59,True
788406,multiplane-ophys_788406_2025-06-20_10-38-42,TRAINING_1_gratings,TRAINING_1,,12,2025-06-20,VISp_5,5,VISp,264,10.63,0,Slc32a1-IRES-Cre/wt;Oi1(TIT2L-jGCaMP8s-WPRE-ICL-IRES-tTA2)/wt,multiplane-ophys_788406_2025-06-20_10-38-42_processed_2026-08-19_00-39-59,True
788406,multiplane-ophys_788406_2025-06-20_10-38-42,TRAINING_1_gratings,TRAINING_1,,12,2025-06-20,VISp_6,6,VISp,28,10.63,0,Slc32a1-IRES-Cre/wt;Oi1(TIT2L-jGCaMP8s-WPRE-ICL-IRES-tTA2)/wt,multiplane-ophys_788406_2025-06-20_10-38-42_processed_2026-08-19_00-39-59,True
788406,multiplane-ophys_788406_2025-06-20_10-38-42,TRAINING_1_gratings,TRAINING_1,,12,2025-06-20,VISp_7,7,VISp,304,10.63,0,Slc32a1-IRES-Cre/wt;Oi1(TIT2L-jGCaMP8s-WPRE-ICL-IRES-tTA2)/wt,multiplane-ophys_788406_2025-06-20_10-38-42_processed_2026-08-19_00-39-59,True
788406,multiplane-ophys_788406_2025-06-25_12-18-34,TRAINING_2_gratings_flashed,TRAINING_2,,13,2025-06-25,VISp_0,0,VISp,148,10.63,0,Slc32a1-IRES-Cre/wt;Oi1(TIT2L-jGCaMP8s-WPRE-ICL-IRES-tTA2)/wt,multiplane-ophys_788406_2025-06-25_12-18-34_processed_2026-08-19_00-39-31,True
788406,multiplane-ophys_788406_2025-06-25_12-18-34,TRAINING_2_gratings_flashed,TRAINING_2,,13,2025-06-25,VISp_1,1,VISp,194,10.63,0,Slc32a1-IRES-Cre/wt;Oi1(TIT2L-jGCaMP8s-WPRE-ICL-IRES-tTA2)/wt,multiplane-ophys_788406_2025-06-25_12-18-34_processed_2026-08-19_00-39-31,True
788406,multiplane-ophys_788406_2025-06-25_12-18-34,TRAINING_2_gratings_flashed,TRAINING_2,,13,2025-06-25,VISp_2,2,VISp,112,10.63,0,Slc32a1-IRES-Cre/wt;Oi1(TIT2L-jGCaMP8s-WPRE-ICL-IRES-tTA2)/wt,multiplane-ophys_788406_2025-06-25_12-18-34_processed_2026-08-19_00-39-31,True
788406,multiplane-ophys_788406_2025-06-25_12-18-34,TRAINING_2_gratings_flashed,TRAINING_2,,13,2025-06-25,VISp_3,3,VISp,230,10.63,0,Slc32a1-IRES-Cre/wt;Oi1(TIT2L-jGCaMP8s-WPRE-ICL-IRES-tTA2)/wt,multiplane-ophys_788406_2025-06-25_12-18-34_processed_2026-08-19_00-39-31,True
788406,multiplane-ophys_788406_2025-06-25_12-18-34,TRAINING_2_gratings_flashed,TRAINING_2,,13,2025-06-25,VISp_4,4,VISp,74,10.63,0,Slc32a1-IRES-Cre/wt;Oi1(TIT2L-jGCaMP8s-WPRE-ICL-IRES-tTA2)/wt,multiplane-ophys_788406_2025-06-25_12-18-34_processed_2026-08-19_00-39-31,True
788406,multiplane-ophys_788406_2025-06-25_12-18-34,TRAINING_2_gratings_flashed,TRAINING_2,,13,2025-06-25,VISp_5,5,VISp,264,10.63,0,Slc32a1-IRES-Cre/wt;Oi1(TIT2L-jGCaMP8s-WPRE-ICL-IRES-tTA2)/wt,multiplane-ophys_788406_2025-06-25_12-18-34_processed_2026-08-19_00-39-31,True
788406,multiplane-ophys_788406_2025-06-25_12-18-34,TRAINING_2_gratings_flashed,TRAINING_2,,13,2025-06-25,VISp_6,6,VISp,32,10.63,0,Slc32a1-IRES-Cre/wt;Oi1(TIT2L-jGCaMP8s-WPRE-ICL-IRES-tTA2)/wt,multiplane-ophys_788406_2025-06-25_12-18-34_processed_2026-08-19_00-39-31,True
788406,multiplane-ophys_788406_2025-06-25_12-18-34,TRAINING_2_gratings_flashed,TRAINING_2,,13,2025-06-25,VISp_7,7,VISp,306,10.63,0,Slc32a1-IRES-Cre/wt;Oi1(TIT2L-jGCaMP8s-WPRE-ICL-IRES-tTA2)/wt,multiplane-ophys_788406_2025-06-25_12-18-34_processed_2026-08-19_00-39-31,True
788406,multiplane-ophys_788406_2025-06-26_12-16-41,TRAINING_2_gratings_flashed,TRAINING_2,,14,2025-06-26,VISp_0,0,VISp,150,10.63,0,Slc32a1-IRES-Cre/wt;Oi1(TIT2L-jGCaMP8s-WPRE-ICL-IRES-tTA2)/wt,multiplane-ophys_788406_2025-06-26_12-16-41_processed_2026-08-19_00-39-32,True
788406,multiplane-ophys_788406_2025-06-26_12-16-41,TRAINING_2_gratings_flashed,TRAINING_2,,14,2025-06-26,VISp_1,1,VISp,198,10.63,0,Slc32a1-IRES-Cre/wt;Oi1(TIT2L-jGCaMP8s-WPRE-ICL-IRES-tTA2)/wt,multiplane-ophys_788406_2025-06-26_12-16-41_processed_2026-08-19_00-39-32,True
788406,multiplane-ophys_788406_2025-06-26_12-16-41,TRAINING_2_gratings_flashed,TRAINING_2,,14,2025-06-26,VISp_2,2,VISp,122,10.63,0,Slc32a1-IRES-Cre/wt;Oi1(TIT2L-jGCaMP8s-WPRE-ICL-IRES-tTA2)/wt,multiplane-ophys_788406_2025-06-26_12-16-41_processed_2026-08-19_00-39-32,True
788406,multiplane-ophys_788406_2025-06-26_12-16-41,TRAINING_2_gratings_flashed,TRAINING_2,,14,2025-06-26,VISp_3,3,VISp,236,10.63,0,Slc32a1-IRES-Cre/wt;Oi1(TIT2L-jGCaMP8s-WPRE-ICL-IRES-tTA2)/wt,multiplane-ophys_788406_2025-06-26_12-16-41_processed_2026-08-19_00-39-32,True
788406,multiplane-ophys_788406_2025-06-26_12-16-41,TRAINING_2_gratings_flashed,TRAINING_2,,14,2025-06-26,VISp_4,4,VISp,70,10.63,0,Slc32a1-IRES-Cre/wt;Oi1(TIT2L-jGCaMP8s-WPRE-ICL-IRES-tTA2)/wt,multiplane-ophys_788406_2025-06-26_12-16-41_processed_2026-08-19_00-39-32,True
788406,multiplane-ophys_788406_2025-06-26_12-16-41,TRAINING_2_gratings_flashed,TRAINING_2,,14,2025-06-26,VISp_5,5,VISp,272,10.63,0,Slc32a1-IRES-Cre/wt;Oi1(TIT2L-jGCaMP8s-WPRE-ICL-IRES-tTA2)/wt,multiplane-ophys_788406_2025-06-26_12-16-41_processed_2026-08-19_00-39-32,True
788406,multiplane-ophys_788406_2025-06-26_12-16-41,TRAINING_2_gratings_flashed,TRAINING_2,,14,2025-06-26,VISp_6,6,VISp,34,10.63,0,Slc32a1-IRES-Cre/wt;Oi1(TIT2L-jGCaMP8s-WPRE-ICL-IRES-tTA2)/wt,multiplane-ophys_788406_2025-06-26_12-16-41_processed_2026-08-19_00-39-32,True
788406,multiplane-ophys_788406_2025-06-26_12-16-41,TRAINING_2_gratings_flashed,TRAINING_2,,14,2025-06-26,VISp_7,7,VISp,312,10.63,0,Slc32a1-IRES-Cre/wt;Oi1(TIT2L-jGCaMP8s-WPRE-ICL-IRES-tTA2)/wt,multiplane-ophys_788406_2025-06-26_12-16-41_processed_2026-08-19_00-39-32,True
788406,multiplane-ophys_788406_2025-07-01_11-50-55,TRAINING_3_images_A_10uL_reward,TRAINING_3,A,15,2025-07-01,VISp_0,0,VISp,156,10.63,0,Slc32a1-IRES-Cre/wt;Oi1(TIT2L-jGCaMP8s-WPRE-ICL-IRES-tTA2)/wt,multiplane-ophys_788406_2025-07-01_11-50-55_processed_2026-08-19_00-39-19,True
788406,multiplane-ophys_788406_2025-07-01_11-50-55,TRAINING_3_images_A_10uL_reward,TRAINING_3,A,15,2025-07-01,VISp_1,1,VISp,192,10.63,0,Slc32a1-IRES-Cre/wt;Oi1(TIT2L-jGCaMP8s-WPRE-ICL-IRES-tTA2)/wt,multiplane-ophys_788406_2025-07-01_11-50-55_processed_2026-08-19_00-39-19,True
788406,multiplane-ophys_788406_2025-07-01_11-50-55,TRAINING_3_images_A_10uL_reward,TRAINING_3,A,15,2025-07-01,VISp_2,2,VISp,122,10.63,0,Slc32a1-IRES-Cre/wt;Oi1(TIT2L-jGCaMP8s-WPRE-ICL-IRES-tTA2)/wt,multiplane-ophys_788406_2025-07-01_11-50-55_processed_2026-08-19_00-39-19,True
788406,multiplane-ophys_788406_2025-07-01_11-50-55,TRAINING_3_images_A_10uL_reward,TRAINING_3,A,15,2025-07-01,VISp_3,3,VISp,232,10.63,0,Slc32a1-IRES-Cre/wt;Oi1(TIT2L-jGCaMP8s-WPRE-ICL-IRES-tTA2)/wt,multiplane-ophys_788406_2025-07-01_11-50-55_processed_2026-08-19_00-39-19,True
788406,multiplane-ophys_788406_2025-07-01_11-50-55,TRAINING_3_images_A_10uL_reward,TRAINING_3,A,15,2025-07-01,VISp_4,4,VISp,78,10.63,0,Slc32a1-IRES-Cre/wt;Oi1(TIT2L-jGCaMP8s-WPRE-ICL-IRES-tTA2)/wt,multiplane-ophys_788406_2025-07-01_11-50-55_processed_2026-08-19_00-39-19,True
788406,multiplane-ophys_788406_2025-07-01_11-50-55,TRAINING_3_images_A_10uL_reward,TRAINING_3,A,15,2025-07-01,VISp_5,5,VISp,266,10.63,0,Slc32a1-IRES-Cre/wt;Oi1(TIT2L-jGCaMP8s-WPRE-ICL-IRES-tTA2)/wt,multiplane-ophys_788406_2025-07-01_11-50-55_processed_2026-08-19_00-39-19,True
788406,multiplane-ophys_788406_2025-07-01_11-50-55,TRAINING_3_images_A_10uL_reward,TRAINING_3,A,15,2025-07-01,VISp_6,6,VISp,37,10.63,0,Slc32a1-IRES-Cre/wt;Oi1(TIT2L-jGCaMP8s-WPRE-ICL-IRES-tTA2)/wt,multiplane-ophys_788406_2025-07-01_11-50-55_processed_2026-08-19_00-39-19,True
788406,multiplane-ophys_788406_2025-07-01_11-50-55,TRAINING_3_images_A_10uL_reward,TRAINING_3,A,15,2025-07-01,VISp_7,7,VISp,304,10.63,0,Slc32a1-IRES-Cre/wt;Oi1(TIT2L-jGCaMP8s-WPRE-ICL-IRES-tTA2)/wt,multiplane-ophys_788406_2025-07-01_11-50-55_processed_2026-08-19_00-39-19,True
788406,multiplane-ophys_788406_2025-07-02_12-17-09,TRAINING_3_images_A_10uL_reward,TRAINING_3,A,16,2025-07-02,VISp_0,0,VISp,154,10.63,0,Slc32a1-IRES-Cre/wt;Oi1(TIT2L-jGCaMP8s-WPRE-ICL-IRES-tTA2)/wt,multiplane-ophys_788406_2025-07-02_12-17-09_processed_2026-08-19_00-39-49,True
788406,multiplane-ophys_788406_2025-07-02_12-17-09,TRAINING_3_images_A_10uL_reward,TRAINING_3,A,16,2025-07-02,VISp_1,1,VISp,200,10.63,0,Slc32a1-IRES-Cre/wt;Oi1(TIT2L-jGCaMP8s-WPRE-ICL-IRES-tTA2)/wt,multiplane-ophys_788406_2025-07-02_12-17-09_processed_2026-08-19_00-39-49,True
788406,multiplane-ophys_788406_2025-07-02_12-17-09,TRAINING_3_images_A_10uL_reward,TRAINING_3,A,16,2025-07-02,VISp_2,2,VISp,120,10.63,0,Slc32a1-IRES-Cre/wt;Oi1(TIT2L-jGCaMP8s-WPRE-ICL-IRES-tTA2)/wt,multiplane-ophys_788406_2025-07-02_12-17-09_processed_2026-08-19_00-39-49,True
788406,multiplane-ophys_788406_2025-07-02_12-17-09,TRAINING_3_images_A_10uL_reward,TRAINING_3,A,16,2025-07-02,VISp_3,3,VISp,240,10.63,0,Slc32a1-IRES-Cre/wt;Oi1(TIT2L-jGCaMP8s-WPRE-ICL-IRES-tTA2)/wt,multiplane-ophys_788406_2025-07-02_12-17-09_processed_2026-08-19_00-39-49,True
788406,multiplane-ophys_788406_2025-07-02_12-17-09,TRAINING_3_images_A_10uL_reward,TRAINING_3,A,16,2025-07-02,VISp_4,4,VISp,82,10.63,0,Slc32a1-IRES-Cre/wt;Oi1(TIT2L-jGCaMP8s-WPRE-ICL-IRES-tTA2)/wt,multiplane-ophys_788406_2025-07-02_12-17-09_processed_2026-08-19_00-39-49,True
788406,multiplane-ophys_788406_2025-07-02_12-17-09,TRAINING_3_images_A_10uL_reward,TRAINING_3,A,16,2025-07-02,VISp_5,5,VISp,276,10.63,0,Slc32a1-IRES-Cre/wt;Oi1(TIT2L-jGCaMP8s-WPRE-ICL-IRES-tTA2)/wt,multiplane-ophys_788406_2025-07-02_12-17-09_processed_2026-08-19_00-39-49,True
788406,multiplane-ophys_788406_2025-07-02_12-17-09,TRAINING_3_images_A_10uL_reward,TRAINING_3,A,16,2025-07-02,VISp_6,6,VISp,44,10.63,0,Slc32a1-IRES-Cre/wt;Oi1(TIT2L-jGCaMP8s-WPRE-ICL-IRES-tTA2)/wt,multiplane-ophys_788406_2025-07-02_12-17-09_processed_2026-08-19_00-39-49,True
788406,multiplane-ophys_788406_2025-07-02_12-17-09,TRAINING_3_images_A_10uL_reward,TRAINING_3,A,16,2025-07-02,VISp_7,7,VISp,318,10.63,0,Slc32a1-IRES-Cre/wt;Oi1(TIT2L-jGCaMP8s-WPRE-ICL-IRES-tTA2)/wt,multiplane-ophys_788406_2025-07-02_12-17-09_processed_2026-08-19_00-39-49,True
788406,multiplane-ophys_788406_2025-07-03_12-12-35,TRAINING_3_images_A_10uL_reward,TRAINING_3,A,17,2025-07-03,VISp_0,0,VISp,166,10.63,0,Slc32a1-IRES-Cre/wt;Oi1(TIT2L-jGCaMP8s-WPRE-ICL-IRES-tTA2)/wt,multiplane-ophys_788406_2025-07-03_12-12-35_processed_2026-08-19_00-41-22,True
788406,multiplane-ophys_788406_2025-07-03_12-12-35,TRAINING_3_images_A_10uL_reward,TRAINING_3,A,17,2025-07-03,VISp_1,1,VISp,200,10.63,0,Slc32a1-IRES-Cre/wt;Oi1(TIT2L-jGCaMP8s-WPRE-ICL-IRES-tTA2)/wt,multiplane-ophys_788406_2025-07-03_12-12-35_processed_2026-08-19_00-41-22,True
788406,multiplane-ophys_788406_2025-07-03_12-12-35,TRAINING_3_images_A_10uL_reward,TRAINING_3,A,17,2025-07-03,VISp_2,2,VISp,124,10.63,0,Slc32a1-IRES-Cre/wt;Oi1(TIT2L-jGCaMP8s-WPRE-ICL-IRES-tTA2)/wt,multiplane-ophys_788406_2025-07-03_12-12-35_processed_2026-08-19_00-41-22,True
788406,multiplane-ophys_788406_2025-07-03_12-12-35,TRAINING_3_images_A_10uL_reward,TRAINING_3,A,17,2025-07-03,VISp_3,3,VISp,234,10.63,0,Slc32a1-IRES-Cre/wt;Oi1(TIT2L-jGCaMP8s-WPRE-ICL-IRES-tTA2)/wt,multiplane-ophys_788406_2025-07-03_12-12-35_processed_2026-08-19_00-41-22,True
788406,multiplane-ophys_788406_2025-07-03_12-12-35,TRAINING_3_images_A_10uL_reward,TRAINING_3,A,17,2025-07-03,VISp_4,4,VISp,82,10.63,0,Slc32a1-IRES-Cre/wt;Oi1(TIT2L-jGCaMP8s-WPRE-ICL-IRES-tTA2)/wt,multiplane-ophys_788406_2025-07-03_12-12-35_processed_2026-08-19_00-41-22,True
788406,multiplane-ophys_788406_2025-07-03_12-12-35,TRAINING_3_images_A_10uL_reward,TRAINING_3,A,17,2025-07-03,VISp_5,5,VISp,268,10.63,0,Slc32a1-IRES-Cre/wt;Oi1(TIT2L-jGCaMP8s-WPRE-ICL-IRES-tTA2)/wt,multiplane-ophys_788406_2025-07-03_12-12-35_processed_2026-08-19_00-41-22,True
788406,multiplane-ophys_788406_2025-07-03_12-12-35,TRAINING_3_images_A_10uL_reward,TRAINING_3,A,17,2025-07-03,VISp_6,6,VISp,44,10.63,0,Slc32a1-IRES-Cre/wt;Oi1(TIT2L-jGCaMP8s-WPRE-ICL-IRES-tTA2)/wt,multiplane-ophys_788406_2025-07-03_12-12-35_processed_2026-08-19_00-41-22,True
788406,multiplane-ophys_788406_2025-07-03_12-12-35,TRAINING_3_images_A_10uL_reward,TRAINING_3,A,17,2025-07-03,VISp_7,7,VISp,310,10.63,0,Slc32a1-IRES-Cre/wt;Oi1(TIT2L-jGCaMP8s-WPRE-ICL-IRES-tTA2)/wt,multiplane-ophys_788406_2025-07-03_12-12-35_processed_2026-08-19_00-41-22,True
788406,multiplane-ophys_788406_2025-07-07_10-32-03,TRAINING_4_images_A_training,TRAINING_4,A,18,2025-07-07,VISp_0,0,VISp,154,10.63,0,Slc32a1-IRES-Cre/wt;Oi1(TIT2L-jGCaMP8s-WPRE-ICL-IRES-tTA2)/wt,multiplane-ophys_788406_2025-07-07_10-32-03_processed_2026-08-19_00-42-41,True
788406,multiplane-ophys_788406_2025-07-07_10-32-03,TRAINING_4_images_A_training,TRAINING_4,A,18,2025-07-07,VISp_1,1,VISp,200,10.63,0,Slc32a1-IRES-Cre/wt;Oi1(TIT2L-jGCaMP8s-WPRE-ICL-IRES-tTA2)/wt,multiplane-ophys_788406_2025-07-07_10-32-03_processed_2026-08-19_00-42-41,True
788406,multiplane-ophys_788406_2025-07-07_10-32-03,TRAINING_4_images_A_training,TRAINING_4,A,18,2025-07-07,VISp_2,2,VISp,120,10.63,0,Slc32a1-IRES-Cre/wt;Oi1(TIT2L-jGCaMP8s-WPRE-ICL-IRES-tTA2)/wt,multiplane-ophys_788406_2025-07-07_10-32-03_processed_2026-08-19_00-42-41,True
788406,multiplane-ophys_788406_2025-07-07_10-32-03,TRAINING_4_images_A_training,TRAINING_4,A,18,2025-07-07,VISp_3,3,VISp,234,10.63,0,Slc32a1-IRES-Cre/wt;Oi1(TIT2L-jGCaMP8s-WPRE-ICL-IRES-tTA2)/wt,multiplane-ophys_788406_2025-07-07_10-32-03_processed_2026-08-19_00-42-41,True
788406,multiplane-ophys_788406_2025-07-07_10-32-03,TRAINING_4_images_A_training,TRAINING_4,A,18,2025-07-07,VISp_4,4,VISp,84,10.63,0,Slc32a1-IRES-Cre/wt;Oi1(TIT2L-jGCaMP8s-WPRE-ICL-IRES-tTA2)/wt,multiplane-ophys_788406_2025-07-07_10-32-03_processed_2026-08-19_00-42-41,True
788406,multiplane-ophys_788406_2025-07-07_10-32-03,TRAINING_4_images_A_training,TRAINING_4,A,18,2025-07-07,VISp_5,5,VISp,270,10.63,0,Slc32a1-IRES-Cre/wt;Oi1(TIT2L-jGCaMP8s-WPRE-ICL-IRES-tTA2)/wt,multiplane-ophys_788406_2025-07-07_10-32-03_processed_2026-08-19_00-42-41,True
788406,multiplane-ophys_788406_2025-07-07_10-32-03,TRAINING_4_images_A_training,TRAINING_4,A,18,2025-07-07,VISp_6,6,VISp,40,10.63,0,Slc32a1-IRES-Cre/wt;Oi1(TIT2L-jGCaMP8s-WPRE-ICL-IRES-tTA2)/wt,multiplane-ophys_788406_2025-07-07_10-32-03_processed_2026-08-19_00-42-41,True
788406,multiplane-ophys_788406_2025-07-07_10-32-03,TRAINING_4_images_A_training,TRAINING_4,A,18,2025-07-07,VISp_7,7,VISp,314,10.63,0,Slc32a1-IRES-Cre/wt;Oi1(TIT2L-jGCaMP8s-WPRE-ICL-IRES-tTA2)/wt,multiplane-ophys_788406_2025-07-07_10-32-03_processed_2026-08-19_00-42-41,True
788406,multiplane-ophys_788406_2025-07-08_10-15-16,TRAINING_5_images_A_epilogue,TRAINING_5,A,19,2025-07-08,VISp_0,0,VISp,150,10.63,0,Slc32a1-IRES-Cre/wt;Oi1(TIT2L-jGCaMP8s-WPRE-ICL-IRES-tTA2)/wt,multiplane-ophys_788406_2025-07-08_10-15-16_processed_2026-08-19_00-42-55,True
788406,multiplane-ophys_788406_2025-07-08_10-15-16,TRAINING_5_images_A_epilogue,TRAINING_5,A,19,2025-07-08,VISp_1,1,VISp,182,10.63,0,Slc32a1-IRES-Cre/wt;Oi1(TIT2L-jGCaMP8s-WPRE-ICL-IRES-tTA2)/wt,multiplane-ophys_788406_2025-07-08_10-15-16_processed_2026-08-19_00-42-55,True
788406,multiplane-ophys_788406_2025-07-08_10-15-16,TRAINING_5_images_A_epilogue,TRAINING_5,A,19,2025-07-08,VISp_2,2,VISp,100,10.63,0,Slc32a1-IRES-Cre/wt;Oi1(TIT2L-jGCaMP8s-WPRE-ICL-IRES-tTA2)/wt,multiplane-ophys_788406_2025-07-08_10-15-16_processed_2026-08-19_00-42-55,True
788406,multiplane-ophys_788406_2025-07-08_10-15-16,TRAINING_5_images_A_epilogue,TRAINING_5,A,19,2025-07-08,VISp_3,3,VISp,222,10.63,0,Slc32a1-IRES-Cre/wt;Oi1(TIT2L-jGCaMP8s-WPRE-ICL-IRES-tTA2)/wt,multiplane-ophys_788406_2025-07-08_10-15-16_processed_2026-08-19_00-42-55,True
788406,multiplane-ophys_788406_2025-07-08_10-15-16,TRAINING_5_images_A_epilogue,TRAINING_5,A,19,2025-07-08,VISp_4,4,VISp,64,10.63,0,Slc32a1-IRES-Cre/wt;Oi1(TIT2L-jGCaMP8s-WPRE-ICL-IRES-tTA2)/wt,multiplane-ophys_788406_2025-07-08_10-15-16_processed_2026-08-19_00-42-55,True
788406,multiplane-ophys_788406_2025-07-08_10-15-16,TRAINING_5_images_A_epilogue,TRAINING_5,A,19,2025-07-08,VISp_5,5,VISp,254,10.63,0,Slc32a1-IRES-Cre/wt;Oi1(TIT2L-jGCaMP8s-WPRE-ICL-IRES-tTA2)/wt,multiplane-ophys_788406_2025-07-08_10-15-16_processed_2026-08-19_00-42-55,True
788406,multiplane-ophys_788406_2025-07-08_10-15-16,TRAINING_5_images_A_epilogue,TRAINING_5,A,19,2025-07-08,VISp_6,6,VISp,30,10.63,0,Slc32a1-IRES-Cre/wt;Oi1(TIT2L-jGCaMP8s-WPRE-ICL-IRES-tTA2)/wt,multiplane-ophys_788406_2025-07-08_10-15-16_processed_2026-08-19_00-42-55,True
788406,multiplane-ophys_788406_2025-07-08_10-15-16,TRAINING_5_images_A_epilogue,TRAINING_5,A,19,2025-07-08,VISp_7,7,VISp,300,10.63,0,Slc32a1-IRES-Cre/wt;Oi1(TIT2L-jGCaMP8s-WPRE-ICL-IRES-tTA2)/wt,multiplane-ophys_788406_2025-07-08_10-15-16_processed_2026-08-19_00-42-55,True
788406,multiplane-ophys_788406_2025-07-10_13-36-01,TRAINING_5_images_A_handoff_ready,TRAINING_5,A,20,2025-07-10,VISp_0,0,VISp,156,10.63,0,Slc32a1-IRES-Cre/wt;Oi1(TIT2L-jGCaMP8s-WPRE-ICL-IRES-tTA2)/wt,multiplane-ophys_788406_2025-07-10_13-36-01_processed_2026-08-19_00-42-46,True
788406,multiplane-ophys_788406_2025-07-10_13-36-01,TRAINING_5_images_A_handoff_ready,TRAINING_5,A,20,2025-07-10,VISp_1,1,VISp,186,10.63,0,Slc32a1-IRES-Cre/wt;Oi1(TIT2L-jGCaMP8s-WPRE-ICL-IRES-tTA2)/wt,multiplane-ophys_788406_2025-07-10_13-36-01_processed_2026-08-19_00-42-46,True
788406,multiplane-ophys_788406_2025-07-10_13-36-01,TRAINING_5_images_A_handoff_ready,TRAINING_5,A,20,2025-07-10,VISp_2,2,VISp,114,10.63,0,Slc32a1-IRES-Cre/wt;Oi1(TIT2L-jGCaMP8s-WPRE-ICL-IRES-tTA2)/wt,multiplane-ophys_788406_2025-07-10_13-36-01_processed_2026-08-19_00-42-46,True
788406,multiplane-ophys_788406_2025-07-10_13-36-01,TRAINING_5_images_A_handoff_ready,TRAINING_5,A,20,2025-07-10,VISp_3,3,VISp,222,10.63,0,Slc32a1-IRES-Cre/wt;Oi1(TIT2L-jGCaMP8s-WPRE-ICL-IRES-tTA2)/wt,multiplane-ophys_788406_2025-07-10_13-36-01_processed_2026-08-19_00-42-46,True
788406,multiplane-ophys_788406_2025-07-10_13-36-01,TRAINING_5_images_A_handoff_ready,TRAINING_5,A,20,2025-07-10,VISp_4,4,VISp,64,10.63,0,Slc32a1-IRES-Cre/wt;Oi1(TIT2L-jGCaMP8s-WPRE-ICL-IRES-tTA2)/wt,multiplane-ophys_788406_2025-07-10_13-36-01_processed_2026-08-19_00-42-46,True
788406,multiplane-ophys_788406_2025-07-10_13-36-01,TRAINING_5_images_A_handoff_ready,TRAINING_5,A,20,2025-07-10,VISp_5,5,VISp,262,10.63,0,Slc32a1-IRES-Cre/wt;Oi1(TIT2L-jGCaMP8s-WPRE-ICL-IRES-tTA2)/wt,multiplane-ophys_788406_2025-07-10_13-36-01_processed_2026-08-19_00-42-46,True
788406,multiplane-ophys_788406_2025-07-10_13-36-01,TRAINING_5_images_A_handoff_ready,TRAINING_5,A,20,2025-07-10,VISp_6,6,VISp,34,10.63,0,Slc32a1-IRES-Cre/wt;Oi1(TIT2L-jGCaMP8s-WPRE-ICL-IRES-tTA2)/wt,multiplane-ophys_788406_2025-07-10_13-36-01_processed_2026-08-19_00-42-46,True
788406,multiplane-ophys_788406_2025-07-10_13-36-01,TRAINING_5_images_A_handoff_ready,TRAINING_5,A,20,2025-07-10,VISp_7,7,VISp,304,10.63,0,Slc32a1-IRES-Cre/wt;Oi1(TIT2L-jGCaMP8s-WPRE-ICL-IRES-tTA2)/wt,multiplane-ophys_788406_2025-07-10_13-36-01_processed_2026-08-19_00-42-46,True
788406,multiplane-ophys_788406_2025-07-11_12-25-37,OPHYS_1_images_A,OPHYS_1,A,21,2025-07-11,VISp_0,0,VISp,152,10.63,0,Slc32a1-IRES-Cre/wt;Oi1(TIT2L-jGCaMP8s-WPRE-ICL-IRES-tTA2)/wt,multiplane-ophys_788406_2025-07-11_12-25-37_processed_2026-08-19_00-42-59,True
788406,multiplane-ophys_788406_2025-07-11_12-25-37,OPHYS_1_images_A,OPHYS_1,A,21,2025-07-11,VISp_1,1,VISp,190,10.63,0,Slc32a1-IRES-Cre/wt;Oi1(TIT2L-jGCaMP8s-WPRE-ICL-IRES-tTA2)/wt,multiplane-ophys_788406_2025-07-11_12-25-37_processed_2026-08-19_00-42-59,True
788406,multiplane-ophys_788406_2025-07-11_12-25-37,OPHYS_1_images_A,OPHYS_1,A,21,2025-07-11,VISp_2,2,VISp,110,10.63,0,Slc32a1-IRES-Cre/wt;Oi1(TIT2L-jGCaMP8s-WPRE-ICL-IRES-tTA2)/wt,multiplane-ophys_788406_2025-07-11_12-25-37_processed_2026-08-19_00-42-59,True
788406,multiplane-ophys_788406_2025-07-11_12-25-37,OPHYS_1_images_A,OPHYS_1,A,21,2025-07-11,VISp_3,3,VISp,222,10.63,0,Slc32a1-IRES-Cre/wt;Oi1(TIT2L-jGCaMP8s-WPRE-ICL-IRES-tTA2)/wt,multiplane-ophys_788406_2025-07-11_12-25-37_processed_2026-08-19_00-42-59,True
788406,multiplane-ophys_788406_2025-07-11_12-25-37,OPHYS_1_images_A,OPHYS_1,A,21,2025-07-11,VISp_4,4,VISp,72,10.63,0,Slc32a1-IRES-Cre/wt;Oi1(TIT2L-jGCaMP8s-WPRE-ICL-IRES-tTA2)/wt,multiplane-ophys_788406_2025-07-11_12-25-37_processed_2026-08-19_00-42-59,True
788406,multiplane-ophys_788406_2025-07-11_12-25-37,OPHYS_1_images_A,OPHYS_1,A,21,2025-07-11,VISp_5,5,VISp,272,10.63,0,Slc32a1-IRES-Cre/wt;Oi1(TIT2L-jGCaMP8s-WPRE-ICL-IRES-tTA2)/wt,multiplane-ophys_788406_2025-07-11_12-25-37_processed_2026-08-19_00-42-59,True
788406,multiplane-ophys_788406_2025-07-11_12-25-37,OPHYS_1_images_A,OPHYS_1,A,21,2025-07-11,VISp_6,6,VISp,34,10.63,0,Slc32a1-IRES-Cre/wt;Oi1(TIT2L-jGCaMP8s-WPRE-ICL-IRES-tTA2)/wt,multiplane-ophys_788406_2025-07-11_12-25-37_processed_2026-08-19_00-42-59,True
788406,multiplane-ophys_788406_2025-07-11_12-25-37,OPHYS_1_images_A,OPHYS_1,A,21,2025-07-11,VISp_7,7,VISp,300,10.63,0,Slc32a1-IRES-Cre/wt;Oi1(TIT2L-jGCaMP8s-WPRE-ICL-IRES-tTA2)/wt,multiplane-ophys_788406_2025-07-11_12-25-37_processed_2026-08-19_00-42-59,True
788406,multiplane-ophys_788406_2025-07-14_12-20-34,OPHYS_1_images_A,OPHYS_1,A,22,2025-07-14,VISp_0,0,VISp,154,10.63,0,Slc32a1-IRES-Cre/wt;Oi1(TIT2L-jGCaMP8s-WPRE-ICL-IRES-tTA2)/wt,multiplane-ophys_788406_2025-07-14_12-20-34_processed_2026-08-19_00-42-55,True
788406,multiplane-ophys_788406_2025-07-14_12-20-34,OPHYS_1_images_A,OPHYS_1,A,22,2025-07-14,VISp_1,1,VISp,190,10.63,0,Slc32a1-IRES-Cre/wt;Oi1(TIT2L-jGCaMP8s-WPRE-ICL-IRES-tTA2)/wt,multiplane-ophys_788406_2025-07-14_12-20-34_processed_2026-08-19_00-42-55,True
788406,multiplane-ophys_788406_2025-07-14_12-20-34,OPHYS_1_images_A,OPHYS_1,A,22,2025-07-14,VISp_2,2,VISp,116,10.63,0,Slc32a1-IRES-Cre/wt;Oi1(TIT2L-jGCaMP8s-WPRE-ICL-IRES-tTA2)/wt,multiplane-ophys_788406_2025-07-14_12-20-34_processed_2026-08-19_00-42-55,True
788406,multiplane-ophys_788406_2025-07-14_12-20-34,OPHYS_1_images_A,OPHYS_1,A,22,2025-07-14,VISp_3,3,VISp,232,10.63,0,Slc32a1-IRES-Cre/wt;Oi1(TIT2L-jGCaMP8s-WPRE-ICL-IRES-tTA2)/wt,multiplane-ophys_788406_2025-07-14_12-20-34_processed_2026-08-19_00-42-55,True
788406,multiplane-ophys_788406_2025-07-14_12-20-34,OPHYS_1_images_A,OPHYS_1,A,22,2025-07-14,VISp_4,4,VISp,82,10.63,0,Slc32a1-IRES-Cre/wt;Oi1(TIT2L-jGCaMP8s-WPRE-ICL-IRES-tTA2)/wt,multiplane-ophys_788406_2025-07-14_12-20-34_processed_2026-08-19_00-42-55,True
788406,multiplane-ophys_788406_2025-07-14_12-20-34,OPHYS_1_images_A,OPHYS_1,A,22,2025-07-14,VISp_5,5,VISp,266,10.63,0,Slc32a1-IRES-Cre/wt;Oi1(TIT2L-jGCaMP8s-WPRE-ICL-IRES-tTA2)/wt,multiplane-ophys_788406_2025-07-14_12-20-34_processed_2026-08-19_00-42-55,True
788406,multiplane-ophys_788406_2025-07-14_12-20-34,OPHYS_1_images_A,OPHYS_1,A,22,2025-07-14,VISp_6,6,VISp,40,10.63,0,Slc32a1-IRES-Cre/wt;Oi1(TIT2L-jGCaMP8s-WPRE-ICL-IRES-tTA2)/wt,multiplane-ophys_788406_2025-07-14_12-20-34_processed_2026-08-19_00-42-55,True
788406,multiplane-ophys_788406_2025-07-14_12-20-34,OPHYS_1_images_A,OPHYS_1,A,22,2025-07-14,VISp_7,7,VISp,310,10.63,0,Slc32a1-IRES-Cre/wt;Oi1(TIT2L-jGCaMP8s-WPRE-ICL-IRES-tTA2)/wt,multiplane-ophys_788406_2025-07-14_12-20-34_processed_2026-08-19_00-42-55,True
788406,multiplane-ophys_788406_2025-07-15_10-39-07,OPHYS_4_images_B,OPHYS_4,B,23,2025-07-15,VISp_0,0,VISp,132,10.63,0,Slc32a1-IRES-Cre/wt;Oi1(TIT2L-jGCaMP8s-WPRE-ICL-IRES-tTA2)/wt,multiplane-ophys_788406_2025-07-15_10-39-07_processed_2026-08-19_00-43-01,True
788406,multiplane-ophys_788406_2025-07-15_10-39-07,OPHYS_4_images_B,OPHYS_4,B,23,2025-07-15,VISp_1,1,VISp,174,10.63,0,Slc32a1-IRES-Cre/wt;Oi1(TIT2L-jGCaMP8s-WPRE-ICL-IRES-tTA2)/wt,multiplane-ophys_788406_2025-07-15_10-39-07_processed_2026-08-19_00-43-01,True
788406,multiplane-ophys_788406_2025-07-15_10-39-07,OPHYS_4_images_B,OPHYS_4,B,23,2025-07-15,VISp_2,2,VISp,102,10.63,0,Slc32a1-IRES-Cre/wt;Oi1(TIT2L-jGCaMP8s-WPRE-ICL-IRES-tTA2)/wt,multiplane-ophys_788406_2025-07-15_10-39-07_processed_2026-08-19_00-43-01,True
788406,multiplane-ophys_788406_2025-07-15_10-39-07,OPHYS_4_images_B,OPHYS_4,B,23,2025-07-15,VISp_3,3,VISp,216,10.63,0,Slc32a1-IRES-Cre/wt;Oi1(TIT2L-jGCaMP8s-WPRE-ICL-IRES-tTA2)/wt,multiplane-ophys_788406_2025-07-15_10-39-07_processed_2026-08-19_00-43-01,True
788406,multiplane-ophys_788406_2025-07-15_10-39-07,OPHYS_4_images_B,OPHYS_4,B,23,2025-07-15,VISp_4,4,VISp,66,10.63,0,Slc32a1-IRES-Cre/wt;Oi1(TIT2L-jGCaMP8s-WPRE-ICL-IRES-tTA2)/wt,multiplane-ophys_788406_2025-07-15_10-39-07_processed_2026-08-19_00-43-01,True
788406,multiplane-ophys_788406_2025-07-15_10-39-07,OPHYS_4_images_B,OPHYS_4,B,23,2025-07-15,VISp_5,5,VISp,254,10.63,0,Slc32a1-IRES-Cre/wt;Oi1(TIT2L-jGCaMP8s-WPRE-ICL-IRES-tTA2)/wt,multiplane-ophys_788406_2025-07-15_10-39-07_processed_2026-08-19_00-43-01,True
788406,multiplane-ophys_788406_2025-07-15_10-39-07,OPHYS_4_images_B,OPHYS_4,B,23,2025-07-15,VISp_6,6,VISp,22,10.63,0,Slc32a1-IRES-Cre/wt;Oi1(TIT2L-jGCaMP8s-WPRE-ICL-IRES-tTA2)/wt,multiplane-ophys_788406_2025-07-15_10-39-07_processed_2026-08-19_00-43-01,True
788406,multiplane-ophys_788406_2025-07-15_10-39-07,OPHYS_4_images_B,OPHYS_4,B,23,2025-07-15,VISp_7,7,VISp,292,10.63,0,Slc32a1-IRES-Cre/wt;Oi1(TIT2L-jGCaMP8s-WPRE-ICL-IRES-tTA2)/wt,multiplane-ophys_788406_2025-07-15_10-39-07_processed_2026-08-19_00-43-01,True
788406,multiplane-ophys_788406_2025-07-16_12-07-35,OPHYS_4_images_B,OPHYS_4,B,24,2025-07-16,VISp_0,0,VISp,158,10.63,0,Slc32a1-IRES-Cre/wt;Oi1(TIT2L-jGCaMP8s-WPRE-ICL-IRES-tTA2)/wt,multiplane-ophys_788406_2025-07-16_12-07-35_processed_2026-08-19_00-42-52,True
788406,multiplane-ophys_788406_2025-07-16_12-07-35,OPHYS_4_images_B,OPHYS_4,B,24,2025-07-16,VISp_1,1,VISp,188,10.63,0,Slc32a1-IRES-Cre/wt;Oi1(TIT2L-jGCaMP8s-WPRE-ICL-IRES-tTA2)/wt,multiplane-ophys_788406_2025-07-16_12-07-35_processed_2026-08-19_00-42-52,True
788406,multiplane-ophys_788406_2025-07-16_12-07-35,OPHYS_4_images_B,OPHYS_4,B,24,2025-07-16,VISp_2,2,VISp,120,10.63,0,Slc32a1-IRES-Cre/wt;Oi1(TIT2L-jGCaMP8s-WPRE-ICL-IRES-tTA2)/wt,multiplane-ophys_788406_2025-07-16_12-07-35_processed_2026-08-19_00-42-52,True
788406,multiplane-ophys_788406_2025-07-16_12-07-35,OPHYS_4_images_B,OPHYS_4,B,24,2025-07-16,VISp_3,3,VISp,228,10.63,0,Slc32a1-IRES-Cre/wt;Oi1(TIT2L-jGCaMP8s-WPRE-ICL-IRES-tTA2)/wt,multiplane-ophys_788406_2025-07-16_12-07-35_processed_2026-08-19_00-42-52,True
788406,multiplane-ophys_788406_2025-07-16_12-07-35,OPHYS_4_images_B,OPHYS_4,B,24,2025-07-16,VISp_4,4,VISp,78,10.63,0,Slc32a1-IRES-Cre/wt;Oi1(TIT2L-jGCaMP8s-WPRE-ICL-IRES-tTA2)/wt,multiplane-ophys_788406_2025-07-16_12-07-35_processed_2026-08-19_00-42-52,True
788406,multiplane-ophys_788406_2025-07-16_12-07-35,OPHYS_4_images_B,OPHYS_4,B,24,2025-07-16,VISp_5,5,VISp,262,10.63,0,Slc32a1-IRES-Cre/wt;Oi1(TIT2L-jGCaMP8s-WPRE-ICL-IRES-tTA2)/wt,multiplane-ophys_788406_2025-07-16_12-07-35_processed_2026-08-19_00-42-52,True
788406,multiplane-ophys_788406_2025-07-16_12-07-35,OPHYS_4_images_B,OPHYS_4,B,24,2025-07-16,VISp_6,6,VISp,40,10.63,0,Slc32a1-IRES-Cre/wt;Oi1(TIT2L-jGCaMP8s-WPRE-ICL-IRES-tTA2)/wt,multiplane-ophys_788406_2025-07-16_12-07-35_processed_2026-08-19_00-42-52,True
788406,multiplane-ophys_788406_2025-07-16_12-07-35,OPHYS_4_images_B,OPHYS_4,B,24,2025-07-16,VISp_7,7,VISp,302,10.63,0,Slc32a1-IRES-Cre/wt;Oi1(TIT2L-jGCaMP8s-WPRE-ICL-IRES-tTA2)/wt,multiplane-ophys_788406_2025-07-16_12-07-35_processed_2026-08-19_00-42-52,True
788406,multiplane-ophys_788406_2025-07-17_12-43-19,OPHYS_6_images_B,OPHYS_6,B,25,2025-07-17,VISp_0,0,VISp,146,10.63,0,Slc32a1-IRES-Cre/wt;Oi1(TIT2L-jGCaMP8s-WPRE-ICL-IRES-tTA2)/wt,multiplane-ophys_788406_2025-07-17_12-43-19_processed_2026-08-19_00-42-44,True
788406,multiplane-ophys_788406_2025-07-17_12-43-19,OPHYS_6_images_B,OPHYS_6,B,25,2025-07-17,VISp_1,1,VISp,192,10.63,0,Slc32a1-IRES-Cre/wt;Oi1(TIT2L-jGCaMP8s-WPRE-ICL-IRES-tTA2)/wt,multiplane-ophys_788406_2025-07-17_12-43-19_processed_2026-08-19_00-42-44,True
788406,multiplane-ophys_788406_2025-07-17_12-43-19,OPHYS_6_images_B,OPHYS_6,B,25,2025-07-17,VISp_2,2,VISp,120,10.63,0,Slc32a1-IRES-Cre/wt;Oi1(TIT2L-jGCaMP8s-WPRE-ICL-IRES-tTA2)/wt,multiplane-ophys_788406_2025-07-17_12-43-19_processed_2026-08-19_00-42-44,True
788406,multiplane-ophys_788406_2025-07-17_12-43-19,OPHYS_6_images_B,OPHYS_6,B,25,2025-07-17,VISp_3,3,VISp,228,10.63,0,Slc32a1-IRES-Cre/wt;Oi1(TIT2L-jGCaMP8s-WPRE-ICL-IRES-tTA2)/wt,multiplane-ophys_788406_2025-07-17_12-43-19_processed_2026-08-19_00-42-44,True
788406,multiplane-ophys_788406_2025-07-17_12-43-19,OPHYS_6_images_B,OPHYS_6,B,25,2025-07-17,VISp_4,4,VISp,74,10.63,0,Slc32a1-IRES-Cre/wt;Oi1(TIT2L-jGCaMP8s-WPRE-ICL-IRES-tTA2)/wt,multiplane-ophys_788406_2025-07-17_12-43-19_processed_2026-08-19_00-42-44,True
788406,multiplane-ophys_788406_2025-07-17_12-43-19,OPHYS_6_images_B,OPHYS_6,B,25,2025-07-17,VISp_5,5,VISp,262,10.63,0,Slc32a1-IRES-Cre/wt;Oi1(TIT2L-jGCaMP8s-WPRE-ICL-IRES-tTA2)/wt,multiplane-ophys_788406_2025-07-17_12-43-19_processed_2026-08-19_00-42-44,True
788406,multiplane-ophys_788406_2025-07-17_12-43-19,OPHYS_6_images_B,OPHYS_6,B,25,2025-07-17,VISp_6,6,VISp,36,10.63,0,Slc32a1-IRES-Cre/wt;Oi1(TIT2L-jGCaMP8s-WPRE-ICL-IRES-tTA2)/wt,multiplane-ophys_788406_2025-07-17_12-43-19_processed_2026-08-19_00-42-44,True
788406,multiplane-ophys_788406_2025-07-17_12-43-19,OPHYS_6_images_B,OPHYS_6,B,25,2025-07-17,VISp_7,7,VISp,302,10.63,0,Slc32a1-IRES-Cre/wt;Oi1(TIT2L-jGCaMP8s-WPRE-ICL-IRES-tTA2)/wt,multiplane-ophys_788406_2025-07-17_12-43-19_processed_2026-08-19_00-42-44,True
788406,multiplane-ophys_788406_2025-07-18_12-17-32,OPHYS_6_images_B,OPHYS_6,B,26,2025-07-18,VISp_0,0,VISp,156,10.63,0,Slc32a1-IRES-Cre/wt;Oi1(TIT2L-jGCaMP8s-WPRE-ICL-IRES-tTA2)/wt,multiplane-ophys_788406_2025-07-18_12-17-32_processed_2026-08-19_00-44-55,True
788406,multiplane-ophys_788406_2025-07-18_12-17-32,OPHYS_6_images_B,OPHYS_6,B,26,2025-07-18,VISp_1,1,VISp,190,10.63,0,Slc32a1-IRES-Cre/wt;Oi1(TIT2L-jGCaMP8s-WPRE-ICL-IRES-tTA2)/wt,multiplane-ophys_788406_2025-07-18_12-17-32_processed_2026-08-19_00-44-55,True
788406,multiplane-ophys_788406_2025-07-18_12-17-32,OPHYS_6_images_B,OPHYS_6,B,26,2025-07-18,VISp_2,2,VISp,120,10.63,0,Slc32a1-IRES-Cre/wt;Oi1(TIT2L-jGCaMP8s-WPRE-ICL-IRES-tTA2)/wt,multiplane-ophys_788406_2025-07-18_12-17-32_processed_2026-08-19_00-44-55,True
788406,multiplane-ophys_788406_2025-07-18_12-17-32,OPHYS_6_images_B,OPHYS_6,B,26,2025-07-18,VISp_3,3,VISp,228,10.63,0,Slc32a1-IRES-Cre/wt;Oi1(TIT2L-jGCaMP8s-WPRE-ICL-IRES-tTA2)/wt,multiplane-ophys_788406_2025-07-18_12-17-32_processed_2026-08-19_00-44-55,True
788406,multiplane-ophys_788406_2025-07-18_12-17-32,OPHYS_6_images_B,OPHYS_6,B,26,2025-07-18,VISp_4,4,VISp,82,10.63,0,Slc32a1-IRES-Cre/wt;Oi1(TIT2L-jGCaMP8s-WPRE-ICL-IRES-tTA2)/wt,multiplane-ophys_788406_2025-07-18_12-17-32_processed_2026-08-19_00-44-55,True
788406,multiplane-ophys_788406_2025-07-18_12-17-32,OPHYS_6_images_B,OPHYS_6,B,26,2025-07-18,VISp_5,5,VISp,270,10.63,0,Slc32a1-IRES-Cre/wt;Oi1(TIT2L-jGCaMP8s-WPRE-ICL-IRES-tTA2)/wt,multiplane-ophys_788406_2025-07-18_12-17-32_processed_2026-08-19_00-44-55,True
788406,multiplane-ophys_788406_2025-07-18_12-17-32,OPHYS_6_images_B,OPHYS_6,B,26,2025-07-18,VISp_6,6,VISp,40,10.63,0,Slc32a1-IRES-Cre/wt;Oi1(TIT2L-jGCaMP8s-WPRE-ICL-IRES-tTA2)/wt,multiplane-ophys_788406_2025-07-18_12-17-32_processed_2026-08-19_00-44-55,True
788406,multiplane-ophys_788406_2025-07-18_12-17-32,OPHYS_6_images_B,OPHYS_6,B,26,2025-07-18,VISp_7,7,VISp,308,10.63,0,Slc32a1-IRES-Cre/wt;Oi1(TIT2L-jGCaMP8s-WPRE-ICL-IRES-tTA2)/wt,multiplane-ophys_788406_2025-07-18_12-17-32_processed_2026-08-19_00-44-55,True
788406,multiplane-ophys_788406_2025-07-21_11-16-45,OPHYS_6_images_B,OPHYS_6,B,27,2025-07-21,VISp_0,0,VISp,146,10.63,0,Slc32a1-IRES-Cre/wt;Oi1(TIT2L-jGCaMP8s-WPRE-ICL-IRES-tTA2)/wt,multiplane-ophys_788406_2025-07-21_11-16-45_processed_2026-08-19_00-44-01,True
788406,multiplane-ophys_788406_2025-07-21_11-16-45,OPHYS_6_images_B,OPHYS_6,B,27,2025-07-21,VISp_1,1,VISp,190,10.63,0,Slc32a1-IRES-Cre/wt;Oi1(TIT2L-jGCaMP8s-WPRE-ICL-IRES-tTA2)/wt,multiplane-ophys_788406_2025-07-21_11-16-45_processed_2026-08-19_00-44-01,True
788406,multiplane-ophys_788406_2025-07-21_11-16-45,OPHYS_6_images_B,OPHYS_6,B,27,2025-07-21,VISp_2,2,VISp,116,10.63,0,Slc32a1-IRES-Cre/wt;Oi1(TIT2L-jGCaMP8s-WPRE-ICL-IRES-tTA2)/wt,multiplane-ophys_788406_2025-07-21_11-16-45_processed_2026-08-19_00-44-01,True
788406,multiplane-ophys_788406_2025-07-21_11-16-45,OPHYS_6_images_B,OPHYS_6,B,27,2025-07-21,VISp_3,3,VISp,226,10.63,0,Slc32a1-IRES-Cre/wt;Oi1(TIT2L-jGCaMP8s-WPRE-ICL-IRES-tTA2)/wt,multiplane-ophys_788406_2025-07-21_11-16-45_processed_2026-08-19_00-44-01,True
788406,multiplane-ophys_788406_2025-07-21_11-16-45,OPHYS_6_images_B,OPHYS_6,B,27,2025-07-21,VISp_4,4,VISp,72,10.63,0,Slc32a1-IRES-Cre/wt;Oi1(TIT2L-jGCaMP8s-WPRE-ICL-IRES-tTA2)/wt,multiplane-ophys_788406_2025-07-21_11-16-45_processed_2026-08-19_00-44-01,True
788406,multiplane-ophys_788406_2025-07-21_11-16-45,OPHYS_6_images_B,OPHYS_6,B,27,2025-07-21,VISp_5,5,VISp,260,10.63,0,Slc32a1-IRES-Cre/wt;Oi1(TIT2L-jGCaMP8s-WPRE-ICL-IRES-tTA2)/wt,multiplane-ophys_788406_2025-07-21_11-16-45_processed_2026-08-19_00-44-01,True
788406,multiplane-ophys_788406_2025-07-21_11-16-45,OPHYS_6_images_B,OPHYS_6,B,27,2025-07-21,VISp_6,6,VISp,28,10.63,0,Slc32a1-IRES-Cre/wt;Oi1(TIT2L-jGCaMP8s-WPRE-ICL-IRES-tTA2)/wt,multiplane-ophys_788406_2025-07-21_11-16-45_processed_2026-08-19_00-44-01,True
788406,multiplane-ophys_788406_2025-07-21_11-16-45,OPHYS_6_images_B,OPHYS_6,B,27,2025-07-21,VISp_7,7,VISp,308,10.63,0,Slc32a1-IRES-Cre/wt;Oi1(TIT2L-jGCaMP8s-WPRE-ICL-IRES-tTA2)/wt,multiplane-ophys_788406_2025-07-21_11-16-45_processed_2026-08-19_00-44-01,True
788406,multiplane-ophys_788406_2025-07-22_10-10-36,STAGE_0,STAGE_0,,28,2025-07-22,VISp_0,0,VISp,144,10.63,0,Slc32a1-IRES-Cre/wt;Oi1(TIT2L-jGCaMP8s-WPRE-ICL-IRES-tTA2)/wt,multiplane-ophys_788406_2025-07-22_10-10-36_processed_2026-08-19_00-44-25,True
788406,multiplane-ophys_788406_2025-07-22_10-10-36,STAGE_0,STAGE_0,,28,2025-07-22,VISp_1,1,VISp,192,10.63,0,Slc32a1-IRES-Cre/wt;Oi1(TIT2L-jGCaMP8s-WPRE-ICL-IRES-tTA2)/wt,multiplane-ophys_788406_2025-07-22_10-10-36_processed_2026-08-19_00-44-25,True
788406,multiplane-ophys_788406_2025-07-22_10-10-36,STAGE_0,STAGE_0,,28,2025-07-22,VISp_2,2,VISp,118,10.63,0,Slc32a1-IRES-Cre/wt;Oi1(TIT2L-jGCaMP8s-WPRE-ICL-IRES-tTA2)/wt,multiplane-ophys_788406_2025-07-22_10-10-36_processed_2026-08-19_00-44-25,True
788406,multiplane-ophys_788406_2025-07-22_10-10-36,STAGE_0,STAGE_0,,28,2025-07-22,VISp_3,3,VISp,234,10.63,0,Slc32a1-IRES-Cre/wt;Oi1(TIT2L-jGCaMP8s-WPRE-ICL-IRES-tTA2)/wt,multiplane-ophys_788406_2025-07-22_10-10-36_processed_2026-08-19_00-44-25,True
788406,multiplane-ophys_788406_2025-07-22_10-10-36,STAGE_0,STAGE_0,,28,2025-07-22,VISp_4,4,VISp,76,10.63,0,Slc32a1-IRES-Cre/wt;Oi1(TIT2L-jGCaMP8s-WPRE-ICL-IRES-tTA2)/wt,multiplane-ophys_788406_2025-07-22_10-10-36_processed_2026-08-19_00-44-25,True
788406,multiplane-ophys_788406_2025-07-22_10-10-36,STAGE_0,STAGE_0,,28,2025-07-22,VISp_5,5,VISp,270,10.63,0,Slc32a1-IRES-Cre/wt;Oi1(TIT2L-jGCaMP8s-WPRE-ICL-IRES-tTA2)/wt,multiplane-ophys_788406_2025-07-22_10-10-36_processed_2026-08-19_00-44-25,True
788406,multiplane-ophys_788406_2025-07-22_10-10-36,STAGE_0,STAGE_0,,28,2025-07-22,VISp_6,6,VISp,32,10.63,0,Slc32a1-IRES-Cre/wt;Oi1(TIT2L-jGCaMP8s-WPRE-ICL-IRES-tTA2)/wt,multiplane-ophys_788406_2025-07-22_10-10-36_processed_2026-08-19_00-44-25,True
788406,multiplane-ophys_788406_2025-07-22_10-10-36,STAGE_0,STAGE_0,,28,2025-07-22,VISp_7,7,VISp,314,10.63,0,Slc32a1-IRES-Cre/wt;Oi1(TIT2L-jGCaMP8s-WPRE-ICL-IRES-tTA2)/wt,multiplane-ophys_788406_2025-07-22_10-10-36_processed_2026-08-19_00-44-25,True
788406,multiplane-ophys_788406_2025-07-23_12-31-02,STAGE_0,STAGE_0,,29,2025-07-23,VISp_0,0,VISp,158,10.63,0,Slc32a1-IRES-Cre/wt;Oi1(TIT2L-jGCaMP8s-WPRE-ICL-IRES-tTA2)/wt,multiplane-ophys_788406_2025-07-23_12-31-02_processed_2026-08-19_00-44-15,True
788406,multiplane-ophys_788406_2025-07-23_12-31-02,STAGE_0,STAGE_0,,29,2025-07-23,VISp_1,1,VISp,202,10.63,0,Slc32a1-IRES-Cre/wt;Oi1(TIT2L-jGCaMP8s-WPRE-ICL-IRES-tTA2)/wt,multiplane-ophys_788406_2025-07-23_12-31-02_processed_2026-08-19_00-44-15,True
788406,multiplane-ophys_788406_2025-07-23_12-31-02,STAGE_0,STAGE_0,,29,2025-07-23,VISp_2,2,VISp,124,10.63,0,Slc32a1-IRES-Cre/wt;Oi1(TIT2L-jGCaMP8s-WPRE-ICL-IRES-tTA2)/wt,multiplane-ophys_788406_2025-07-23_12-31-02_processed_2026-08-19_00-44-15,True
788406,multiplane-ophys_788406_2025-07-23_12-31-02,STAGE_0,STAGE_0,,29,2025-07-23,VISp_3,3,VISp,236,10.63,0,Slc32a1-IRES-Cre/wt;Oi1(TIT2L-jGCaMP8s-WPRE-ICL-IRES-tTA2)/wt,multiplane-ophys_788406_2025-07-23_12-31-02_processed_2026-08-19_00-44-15,True
788406,multiplane-ophys_788406_2025-07-23_12-31-02,STAGE_0,STAGE_0,,29,2025-07-23,VISp_4,4,VISp,82,10.63,0,Slc32a1-IRES-Cre/wt;Oi1(TIT2L-jGCaMP8s-WPRE-ICL-IRES-tTA2)/wt,multiplane-ophys_788406_2025-07-23_12-31-02_processed_2026-08-19_00-44-15,True
788406,multiplane-ophys_788406_2025-07-23_12-31-02,STAGE_0,STAGE_0,,29,2025-07-23,VISp_5,5,VISp,274,10.63,0,Slc32a1-IRES-Cre/wt;Oi1(TIT2L-jGCaMP8s-WPRE-ICL-IRES-tTA2)/wt,multiplane-ophys_788406_2025-07-23_12-31-02_processed_2026-08-19_00-44-15,True
788406,multiplane-ophys_788406_2025-07-23_12-31-02,STAGE_0,STAGE_0,,29,2025-07-23,VISp_6,6,VISp,42,10.63,0,Slc32a1-IRES-Cre/wt;Oi1(TIT2L-jGCaMP8s-WPRE-ICL-IRES-tTA2)/wt,multiplane-ophys_788406_2025-07-23_12-31-02_processed_2026-08-19_00-44-15,True
788406,multiplane-ophys_788406_2025-07-23_12-31-02,STAGE_0,STAGE_0,,29,2025-07-23,VISp_7,7,VISp,316,10.63,0,Slc32a1-IRES-Cre/wt;Oi1(TIT2L-jGCaMP8s-WPRE-ICL-IRES-tTA2)/wt,multiplane-ophys_788406_2025-07-23_12-31-02_processed_2026-08-19_00-44-15,True
788406,multiplane-ophys_788406_2025-07-25_11-13-57,STAGE_1,STAGE_1,,30,2025-07-25,VISp_0,0,VISp,160,10.63,0,Slc32a1-IRES-Cre/wt;Oi1(TIT2L-jGCaMP8s-WPRE-ICL-IRES-tTA2)/wt,multiplane-ophys_788406_2025-07-25_11-13-57_processed_2026-08-19_00-44-00,True
788406,multiplane-ophys_788406_2025-07-25_11-13-57,STAGE_1,STAGE_1,,30,2025-07-25,VISp_1,1,VISp,188,10.63,0,Slc32a1-IRES-Cre/wt;Oi1(TIT2L-jGCaMP8s-WPRE-ICL-IRES-tTA2)/wt,multiplane-ophys_788406_2025-07-25_11-13-57_processed_2026-08-19_00-44-00,True
788406,multiplane-ophys_788406_2025-07-25_11-13-57,STAGE_1,STAGE_1,,30,2025-07-25,VISp_2,2,VISp,120,10.63,0,Slc32a1-IRES-Cre/wt;Oi1(TIT2L-jGCaMP8s-WPRE-ICL-IRES-tTA2)/wt,multiplane-ophys_788406_2025-07-25_11-13-57_processed_2026-08-19_00-44-00,True
788406,multiplane-ophys_788406_2025-07-25_11-13-57,STAGE_1,STAGE_1,,30,2025-07-25,VISp_3,3,VISp,232,10.63,0,Slc32a1-IRES-Cre/wt;Oi1(TIT2L-jGCaMP8s-WPRE-ICL-IRES-tTA2)/wt,multiplane-ophys_788406_2025-07-25_11-13-57_processed_2026-08-19_00-44-00,True
788406,multiplane-ophys_788406_2025-07-25_11-13-57,STAGE_1,STAGE_1,,30,2025-07-25,VISp_4,4,VISp,74,10.63,0,Slc32a1-IRES-Cre/wt;Oi1(TIT2L-jGCaMP8s-WPRE-ICL-IRES-tTA2)/wt,multiplane-ophys_788406_2025-07-25_11-13-57_processed_2026-08-19_00-44-00,True
788406,multiplane-ophys_788406_2025-07-25_11-13-57,STAGE_1,STAGE_1,,30,2025-07-25,VISp_5,5,VISp,262,10.63,0,Slc32a1-IRES-Cre/wt;Oi1(TIT2L-jGCaMP8s-WPRE-ICL-IRES-tTA2)/wt,multiplane-ophys_788406_2025-07-25_11-13-57_processed_2026-08-19_00-44-00,True
788406,multiplane-ophys_788406_2025-07-25_11-13-57,STAGE_1,STAGE_1,,30,2025-07-25,VISp_6,6,VISp,38,10.63,0,Slc32a1-IRES-Cre/wt;Oi1(TIT2L-jGCaMP8s-WPRE-ICL-IRES-tTA2)/wt,multiplane-ophys_788406_2025-07-25_11-13-57_processed_2026-08-19_00-44-00,True
788406,multiplane-ophys_788406_2025-07-25_11-13-57,STAGE_1,STAGE_1,,30,2025-07-25,VISp_7,7,VISp,312,10.63,0,Slc32a1-IRES-Cre/wt;Oi1(TIT2L-jGCaMP8s-WPRE-ICL-IRES-tTA2)/wt,multiplane-ophys_788406_2025-07-25_11-13-57_processed_2026-08-19_00-44-00,True
788406,multiplane-ophys_788406_2025-07-28_12-22-00,STAGE_1,STAGE_1,,31,2025-07-28,VISp_0,0,VISp,160,10.63,0,Slc32a1-IRES-Cre/wt;Oi1(TIT2L-jGCaMP8s-WPRE-ICL-IRES-tTA2)/wt,multiplane-ophys_788406_2025-07-28_12-22-00_processed_2026-08-19_00-43-25,True
788406,multiplane-ophys_788406_2025-07-28_12-22-00,STAGE_1,STAGE_1,,31,2025-07-28,VISp_1,1,VISp,192,10.63,0,Slc32a1-IRES-Cre/wt;Oi1(TIT2L-jGCaMP8s-WPRE-ICL-IRES-tTA2)/wt,multiplane-ophys_788406_2025-07-28_12-22-00_processed_2026-08-19_00-43-25,True
788406,multiplane-ophys_788406_2025-07-28_12-22-00,STAGE_1,STAGE_1,,31,2025-07-28,VISp_2,2,VISp,120,10.63,0,Slc32a1-IRES-Cre/wt;Oi1(TIT2L-jGCaMP8s-WPRE-ICL-IRES-tTA2)/wt,multiplane-ophys_788406_2025-07-28_12-22-00_processed_2026-08-19_00-43-25,True
788406,multiplane-ophys_788406_2025-07-28_12-22-00,STAGE_1,STAGE_1,,31,2025-07-28,VISp_3,3,VISp,236,10.63,0,Slc32a1-IRES-Cre/wt;Oi1(TIT2L-jGCaMP8s-WPRE-ICL-IRES-tTA2)/wt,multiplane-ophys_788406_2025-07-28_12-22-00_processed_2026-08-19_00-43-25,True
788406,multiplane-ophys_788406_2025-07-28_12-22-00,STAGE_1,STAGE_1,,31,2025-07-28,VISp_4,4,VISp,80,10.63,0,Slc32a1-IRES-Cre/wt;Oi1(TIT2L-jGCaMP8s-WPRE-ICL-IRES-tTA2)/wt,multiplane-ophys_788406_2025-07-28_12-22-00_processed_2026-08-19_00-43-25,True
788406,multiplane-ophys_788406_2025-07-28_12-22-00,STAGE_1,STAGE_1,,31,2025-07-28,VISp_5,5,VISp,272,10.63,0,Slc32a1-IRES-Cre/wt;Oi1(TIT2L-jGCaMP8s-WPRE-ICL-IRES-tTA2)/wt,multiplane-ophys_788406_2025-07-28_12-22-00_processed_2026-08-19_00-43-25,True
788406,multiplane-ophys_788406_2025-07-28_12-22-00,STAGE_1,STAGE_1,,31,2025-07-28,VISp_6,6,VISp,38,10.63,0,Slc32a1-IRES-Cre/wt;Oi1(TIT2L-jGCaMP8s-WPRE-ICL-IRES-tTA2)/wt,multiplane-ophys_788406_2025-07-28_12-22-00_processed_2026-08-19_00-43-25,True
788406,multiplane-ophys_788406_2025-07-28_12-22-00,STAGE_1,STAGE_1,,31,2025-07-28,VISp_7,7,VISp,318,10.63,0,Slc32a1-IRES-Cre/wt;Oi1(TIT2L-jGCaMP8s-WPRE-ICL-IRES-tTA2)/wt,multiplane-ophys_788406_2025-07-28_12-22-00_processed_2026-08-19_00-43-25,True
788406,multiplane-ophys_788406_2025-07-29_10-20-34,STAGE_1,STAGE_1,,32,2025-07-29,VISp_0,0,VISp,158,10.63,0,Slc32a1-IRES-Cre/wt;Oi1(TIT2L-jGCaMP8s-WPRE-ICL-IRES-tTA2)/wt,multiplane-ophys_788406_2025-07-29_10-20-34_processed_2026-08-19_00-44-03,True
788406,multiplane-ophys_788406_2025-07-29_10-20-34,STAGE_1,STAGE_1,,32,2025-07-29,VISp_1,1,VISp,196,10.63,0,Slc32a1-IRES-Cre/wt;Oi1(TIT2L-jGCaMP8s-WPRE-ICL-IRES-tTA2)/wt,multiplane-ophys_788406_2025-07-29_10-20-34_processed_2026-08-19_00-44-03,True
788406,multiplane-ophys_788406_2025-07-29_10-20-34,STAGE_1,STAGE_1,,32,2025-07-29,VISp_2,2,VISp,120,10.63,0,Slc32a1-IRES-Cre/wt;Oi1(TIT2L-jGCaMP8s-WPRE-ICL-IRES-tTA2)/wt,multiplane-ophys_788406_2025-07-29_10-20-34_processed_2026-08-19_00-44-03,True
788406,multiplane-ophys_788406_2025-07-29_10-20-34,STAGE_1,STAGE_1,,32,2025-07-29,VISp_3,3,VISp,236,10.63,0,Slc32a1-IRES-Cre/wt;Oi1(TIT2L-jGCaMP8s-WPRE-ICL-IRES-tTA2)/wt,multiplane-ophys_788406_2025-07-29_10-20-34_processed_2026-08-19_00-44-03,True
788406,multiplane-ophys_788406_2025-07-29_10-20-34,STAGE_1,STAGE_1,,32,2025-07-29,VISp_4,4,VISp,74,10.63,0,Slc32a1-IRES-Cre/wt;Oi1(TIT2L-jGCaMP8s-WPRE-ICL-IRES-tTA2)/wt,multiplane-ophys_788406_2025-07-29_10-20-34_processed_2026-08-19_00-44-03,True
788406,multiplane-ophys_788406_2025-07-29_10-20-34,STAGE_1,STAGE_1,,32,2025-07-29,VISp_5,5,VISp,272,10.63,0,Slc32a1-IRES-Cre/wt;Oi1(TIT2L-jGCaMP8s-WPRE-ICL-IRES-tTA2)/wt,multiplane-ophys_788406_2025-07-29_10-20-34_processed_2026-08-19_00-44-03,True
788406,multiplane-ophys_788406_2025-07-29_10-20-34,STAGE_1,STAGE_1,,32,2025-07-29,VISp_6,6,VISp,36,10.63,0,Slc32a1-IRES-Cre/wt;Oi1(TIT2L-jGCaMP8s-WPRE-ICL-IRES-tTA2)/wt,multiplane-ophys_788406_2025-07-29_10-20-34_processed_2026-08-19_00-44-03,True
788406,multiplane-ophys_788406_2025-07-29_10-20-34,STAGE_1,STAGE_1,,32,2025-07-29,VISp_7,7,VISp,312,10.63,0,Slc32a1-IRES-Cre/wt;Oi1(TIT2L-jGCaMP8s-WPRE-ICL-IRES-tTA2)/wt,multiplane-ophys_788406_2025-07-29_10-20-34_processed_2026-08-19_00-44-03,True
790322,multiplane-ophys_790322_2025-06-11_15-09-29,TRAINING_0_gratings_autorewards_15min,TRAINING_0,,1,2025-06-11,VISp_0,0,VISp,160,10.63,0,Slc32a1-IRES-Cre/wt;Oi1(TIT2L-jGCaMP8s-WPRE-ICL-IRES-tTA2)/wt,multiplane-ophys_790322_2025-06-11_15-09-29_processed_2026-08-19_00-42-46,True
790322,multiplane-ophys_790322_2025-06-11_15-09-29,TRAINING_0_gratings_autorewards_15min,TRAINING_0,,1,2025-06-11,VISp_1,1,VISp,206,10.63,0,Slc32a1-IRES-Cre/wt;Oi1(TIT2L-jGCaMP8s-WPRE-ICL-IRES-tTA2)/wt,multiplane-ophys_790322_2025-06-11_15-09-29_processed_2026-08-19_00-42-46,True
790322,multiplane-ophys_790322_2025-06-11_15-09-29,TRAINING_0_gratings_autorewards_15min,TRAINING_0,,1,2025-06-11,VISp_2,2,VISp,120,10.63,0,Slc32a1-IRES-Cre/wt;Oi1(TIT2L-jGCaMP8s-WPRE-ICL-IRES-tTA2)/wt,multiplane-ophys_790322_2025-06-11_15-09-29_processed_2026-08-19_00-42-46,True
790322,multiplane-ophys_790322_2025-06-11_15-09-29,TRAINING_0_gratings_autorewards_15min,TRAINING_0,,1,2025-06-11,VISp_3,3,VISp,246,10.63,0,Slc32a1-IRES-Cre/wt;Oi1(TIT2L-jGCaMP8s-WPRE-ICL-IRES-tTA2)/wt,multiplane-ophys_790322_2025-06-11_15-09-29_processed_2026-08-19_00-42-46,True
790322,multiplane-ophys_790322_2025-06-11_15-09-29,TRAINING_0_gratings_autorewards_15min,TRAINING_0,,1,2025-06-11,VISp_4,4,VISp,80,10.63,0,Slc32a1-IRES-Cre/wt;Oi1(TIT2L-jGCaMP8s-WPRE-ICL-IRES-tTA2)/wt,multiplane-ophys_790322_2025-06-11_15-09-29_processed_2026-08-19_00-42-46,True
790322,multiplane-ophys_790322_2025-06-11_15-09-29,TRAINING_0_gratings_autorewards_15min,TRAINING_0,,1,2025-06-11,VISp_5,5,VISp,274,10.63,0,Slc32a1-IRES-Cre/wt;Oi1(TIT2L-jGCaMP8s-WPRE-ICL-IRES-tTA2)/wt,multiplane-ophys_790322_2025-06-11_15-09-29_processed_2026-08-19_00-42-46,True
790322,multiplane-ophys_790322_2025-06-11_15-09-29,TRAINING_0_gratings_autorewards_15min,TRAINING_0,,1,2025-06-11,VISp_6,6,VISp,32,10.63,0,Slc32a1-IRES-Cre/wt;Oi1(TIT2L-jGCaMP8s-WPRE-ICL-IRES-tTA2)/wt,multiplane-ophys_790322_2025-06-11_15-09-29_processed_2026-08-19_00-42-46,True
790322,multiplane-ophys_790322_2025-06-11_15-09-29,TRAINING_0_gratings_autorewards_15min,TRAINING_0,,1,2025-06-11,VISp_7,7,VISp,324,10.63,0,Slc32a1-IRES-Cre/wt;Oi1(TIT2L-jGCaMP8s-WPRE-ICL-IRES-tTA2)/wt,multiplane-ophys_790322_2025-06-11_15-09-29_processed_2026-08-19_00-42-46,True
790322,multiplane-ophys_790322_2025-06-12_15-23-11,TRAINING_1_gratings,TRAINING_1,,2,2025-06-12,VISp_0,0,VISp,160,10.63,0,Slc32a1-IRES-Cre/wt;Oi1(TIT2L-jGCaMP8s-WPRE-ICL-IRES-tTA2)/wt,multiplane-ophys_790322_2025-06-12_15-23-11_processed_2026-08-19_00-43-34,True
790322,multiplane-ophys_790322_2025-06-12_15-23-11,TRAINING_1_gratings,TRAINING_1,,2,2025-06-12,VISp_1,1,VISp,208,10.63,0,Slc32a1-IRES-Cre/wt;Oi1(TIT2L-jGCaMP8s-WPRE-ICL-IRES-tTA2)/wt,multiplane-ophys_790322_2025-06-12_15-23-11_processed_2026-08-19_00-43-34,True
790322,multiplane-ophys_790322_2025-06-12_15-23-11,TRAINING_1_gratings,TRAINING_1,,2,2025-06-12,VISp_2,2,VISp,120,10.63,0,Slc32a1-IRES-Cre/wt;Oi1(TIT2L-jGCaMP8s-WPRE-ICL-IRES-tTA2)/wt,multiplane-ophys_790322_2025-06-12_15-23-11_processed_2026-08-19_00-43-34,True
790322,multiplane-ophys_790322_2025-06-12_15-23-11,TRAINING_1_gratings,TRAINING_1,,2,2025-06-12,VISp_3,3,VISp,246,10.63,0,Slc32a1-IRES-Cre/wt;Oi1(TIT2L-jGCaMP8s-WPRE-ICL-IRES-tTA2)/wt,multiplane-ophys_790322_2025-06-12_15-23-11_processed_2026-08-19_00-43-34,True
790322,multiplane-ophys_790322_2025-06-12_15-23-11,TRAINING_1_gratings,TRAINING_1,,2,2025-06-12,VISp_4,4,VISp,80,10.63,0,Slc32a1-IRES-Cre/wt;Oi1(TIT2L-jGCaMP8s-WPRE-ICL-IRES-tTA2)/wt,multiplane-ophys_790322_2025-06-12_15-23-11_processed_2026-08-19_00-43-34,True
790322,multiplane-ophys_790322_2025-06-12_15-23-11,TRAINING_1_gratings,TRAINING_1,,2,2025-06-12,VISp_5,5,VISp,272,10.63,0,Slc32a1-IRES-Cre/wt;Oi1(TIT2L-jGCaMP8s-WPRE-ICL-IRES-tTA2)/wt,multiplane-ophys_790322_2025-06-12_15-23-11_processed_2026-08-19_00-43-34,True
790322,multiplane-ophys_790322_2025-06-12_15-23-11,TRAINING_1_gratings,TRAINING_1,,2,2025-06-12,VISp_6,6,VISp,32,10.63,0,Slc32a1-IRES-Cre/wt;Oi1(TIT2L-jGCaMP8s-WPRE-ICL-IRES-tTA2)/wt,multiplane-ophys_790322_2025-06-12_15-23-11_processed_2026-08-19_00-43-34,True
790322,multiplane-ophys_790322_2025-06-12_15-23-11,TRAINING_1_gratings,TRAINING_1,,2,2025-06-12,VISp_7,7,VISp,322,10.63,0,Slc32a1-IRES-Cre/wt;Oi1(TIT2L-jGCaMP8s-WPRE-ICL-IRES-tTA2)/wt,multiplane-ophys_790322_2025-06-12_15-23-11_processed_2026-08-19_00-43-34,True
790322,multiplane-ophys_790322_2025-06-13_14-57-49,TRAINING_1_gratings,TRAINING_1,,3,2025-06-13,VISp_0,0,VISp,162,10.63,0,Slc32a1-IRES-Cre/wt;Oi1(TIT2L-jGCaMP8s-WPRE-ICL-IRES-tTA2)/wt,multiplane-ophys_790322_2025-06-13_14-57-49_processed_2026-08-19_00-44-45,True
790322,multiplane-ophys_790322_2025-06-13_14-57-49,TRAINING_1_gratings,TRAINING_1,,3,2025-06-13,VISp_1,1,VISp,208,10.63,0,Slc32a1-IRES-Cre/wt;Oi1(TIT2L-jGCaMP8s-WPRE-ICL-IRES-tTA2)/wt,multiplane-ophys_790322_2025-06-13_14-57-49_processed_2026-08-19_00-44-45,True
790322,multiplane-ophys_790322_2025-06-13_14-57-49,TRAINING_1_gratings,TRAINING_1,,3,2025-06-13,VISp_2,2,VISp,120,10.63,0,Slc32a1-IRES-Cre/wt;Oi1(TIT2L-jGCaMP8s-WPRE-ICL-IRES-tTA2)/wt,multiplane-ophys_790322_2025-06-13_14-57-49_processed_2026-08-19_00-44-45,True
790322,multiplane-ophys_790322_2025-06-13_14-57-49,TRAINING_1_gratings,TRAINING_1,,3,2025-06-13,VISp_3,3,VISp,250,10.63,0,Slc32a1-IRES-Cre/wt;Oi1(TIT2L-jGCaMP8s-WPRE-ICL-IRES-tTA2)/wt,multiplane-ophys_790322_2025-06-13_14-57-49_processed_2026-08-19_00-44-45,True
790322,multiplane-ophys_790322_2025-06-13_14-57-49,TRAINING_1_gratings,TRAINING_1,,3,2025-06-13,VISp_4,4,VISp,80,10.63,0,Slc32a1-IRES-Cre/wt;Oi1(TIT2L-jGCaMP8s-WPRE-ICL-IRES-tTA2)/wt,multiplane-ophys_790322_2025-06-13_14-57-49_processed_2026-08-19_00-44-45,True
790322,multiplane-ophys_790322_2025-06-13_14-57-49,TRAINING_1_gratings,TRAINING_1,,3,2025-06-13,VISp_5,5,VISp,278,10.63,0,Slc32a1-IRES-Cre/wt;Oi1(TIT2L-jGCaMP8s-WPRE-ICL-IRES-tTA2)/wt,multiplane-ophys_790322_2025-06-13_14-57-49_processed_2026-08-19_00-44-45,True
790322,multiplane-ophys_790322_2025-06-13_14-57-49,TRAINING_1_gratings,TRAINING_1,,3,2025-06-13,VISp_6,6,VISp,32,10.63,0,Slc32a1-IRES-Cre/wt;Oi1(TIT2L-jGCaMP8s-WPRE-ICL-IRES-tTA2)/wt,multiplane-ophys_790322_2025-06-13_14-57-49_processed_2026-08-19_00-44-45,True
790322,multiplane-ophys_790322_2025-06-13_14-57-49,TRAINING_1_gratings,TRAINING_1,,3,2025-06-13,VISp_7,7,VISp,330,10.63,0,Slc32a1-IRES-Cre/wt;Oi1(TIT2L-jGCaMP8s-WPRE-ICL-IRES-tTA2)/wt,multiplane-ophys_790322_2025-06-13_14-57-49_processed_2026-08-19_00-44-45,True
790322,multiplane-ophys_790322_2025-06-16_12-24-56,TRAINING_1_gratings,TRAINING_1,,4,2025-06-16,VISp_0,0,VISp,160,10.63,0,Slc32a1-IRES-Cre/wt;Oi1(TIT2L-jGCaMP8s-WPRE-ICL-IRES-tTA2)/wt,multiplane-ophys_790322_2025-06-16_12-24-56_processed_2026-08-19_00-44-48,True
790322,multiplane-ophys_790322_2025-06-16_12-24-56,TRAINING_1_gratings,TRAINING_1,,4,2025-06-16,VISp_1,1,VISp,206,10.63,0,Slc32a1-IRES-Cre/wt;Oi1(TIT2L-jGCaMP8s-WPRE-ICL-IRES-tTA2)/wt,multiplane-ophys_790322_2025-06-16_12-24-56_processed_2026-08-19_00-44-48,True
790322,multiplane-ophys_790322_2025-06-16_12-24-56,TRAINING_1_gratings,TRAINING_1,,4,2025-06-16,VISp_2,2,VISp,114,10.63,0,Slc32a1-IRES-Cre/wt;Oi1(TIT2L-jGCaMP8s-WPRE-ICL-IRES-tTA2)/wt,multiplane-ophys_790322_2025-06-16_12-24-56_processed_2026-08-19_00-44-48,True
790322,multiplane-ophys_790322_2025-06-16_12-24-56,TRAINING_1_gratings,TRAINING_1,,4,2025-06-16,VISp_3,3,VISp,246,10.63,0,Slc32a1-IRES-Cre/wt;Oi1(TIT2L-jGCaMP8s-WPRE-ICL-IRES-tTA2)/wt,multiplane-ophys_790322_2025-06-16_12-24-56_processed_2026-08-19_00-44-48,True
790322,multiplane-ophys_790322_2025-06-16_12-24-56,TRAINING_1_gratings,TRAINING_1,,4,2025-06-16,VISp_4,4,VISp,76,10.63,0,Slc32a1-IRES-Cre/wt;Oi1(TIT2L-jGCaMP8s-WPRE-ICL-IRES-tTA2)/wt,multiplane-ophys_790322_2025-06-16_12-24-56_processed_2026-08-19_00-44-48,True
790322,multiplane-ophys_790322_2025-06-16_12-24-56,TRAINING_1_gratings,TRAINING_1,,4,2025-06-16,VISp_5,5,VISp,274,10.63,0,Slc32a1-IRES-Cre/wt;Oi1(TIT2L-jGCaMP8s-WPRE-ICL-IRES-tTA2)/wt,multiplane-ophys_790322_2025-06-16_12-24-56_processed_2026-08-19_00-44-48,True
790322,multiplane-ophys_790322_2025-06-16_12-24-56,TRAINING_1_gratings,TRAINING_1,,4,2025-06-16,VISp_6,6,VISp,26,10.63,0,Slc32a1-IRES-Cre/wt;Oi1(TIT2L-jGCaMP8s-WPRE-ICL-IRES-tTA2)/wt,multiplane-ophys_790322_2025-06-16_12-24-56_processed_2026-08-19_00-44-48,True
790322,multiplane-ophys_790322_2025-06-16_12-24-56,TRAINING_1_gratings,TRAINING_1,,4,2025-06-16,VISp_7,7,VISp,324,10.63,0,Slc32a1-IRES-Cre/wt;Oi1(TIT2L-jGCaMP8s-WPRE-ICL-IRES-tTA2)/wt,multiplane-ophys_790322_2025-06-16_12-24-56_processed_2026-08-19_00-44-48,True
790322,multiplane-ophys_790322_2025-06-17_15-44-27,TRAINING_2_gratings_flashed,TRAINING_2,,5,2025-06-17,VISp_0,0,VISp,164,10.63,0,Slc32a1-IRES-Cre/wt;Oi1(TIT2L-jGCaMP8s-WPRE-ICL-IRES-tTA2)/wt,multiplane-ophys_790322_2025-06-17_15-44-27_processed_2026-08-19_00-45-41,True
790322,multiplane-ophys_790322_2025-06-17_15-44-27,TRAINING_2_gratings_flashed,TRAINING_2,,5,2025-06-17,VISp_1,1,VISp,212,10.63,0,Slc32a1-IRES-Cre/wt;Oi1(TIT2L-jGCaMP8s-WPRE-ICL-IRES-tTA2)/wt,multiplane-ophys_790322_2025-06-17_15-44-27_processed_2026-08-19_00-45-41,True
790322,multiplane-ophys_790322_2025-06-17_15-44-27,TRAINING_2_gratings_flashed,TRAINING_2,,5,2025-06-17,VISp_2,2,VISp,120,10.63,0,Slc32a1-IRES-Cre/wt;Oi1(TIT2L-jGCaMP8s-WPRE-ICL-IRES-tTA2)/wt,multiplane-ophys_790322_2025-06-17_15-44-27_processed_2026-08-19_00-45-41,True
790322,multiplane-ophys_790322_2025-06-17_15-44-27,TRAINING_2_gratings_flashed,TRAINING_2,,5,2025-06-17,VISp_3,3,VISp,252,10.63,0,Slc32a1-IRES-Cre/wt;Oi1(TIT2L-jGCaMP8s-WPRE-ICL-IRES-tTA2)/wt,multiplane-ophys_790322_2025-06-17_15-44-27_processed_2026-08-19_00-45-41,True
790322,multiplane-ophys_790322_2025-06-17_15-44-27,TRAINING_2_gratings_flashed,TRAINING_2,,5,2025-06-17,VISp_4,4,VISp,86,10.63,0,Slc32a1-IRES-Cre/wt;Oi1(TIT2L-jGCaMP8s-WPRE-ICL-IRES-tTA2)/wt,multiplane-ophys_790322_2025-06-17_15-44-27_processed_2026-08-19_00-45-41,True
790322,multiplane-ophys_790322_2025-06-17_15-44-27,TRAINING_2_gratings_flashed,TRAINING_2,,5,2025-06-17,VISp_5,5,VISp,278,10.63,0,Slc32a1-IRES-Cre/wt;Oi1(TIT2L-jGCaMP8s-WPRE-ICL-IRES-tTA2)/wt,multiplane-ophys_790322_2025-06-17_15-44-27_processed_2026-08-19_00-45-41,True
790322,multiplane-ophys_790322_2025-06-17_15-44-27,TRAINING_2_gratings_flashed,TRAINING_2,,5,2025-06-17,VISp_6,6,VISp,38,10.63,0,Slc32a1-IRES-Cre/wt;Oi1(TIT2L-jGCaMP8s-WPRE-ICL-IRES-tTA2)/wt,multiplane-ophys_790322_2025-06-17_15-44-27_processed_2026-08-19_00-45-41,True
790322,multiplane-ophys_790322_2025-06-17_15-44-27,TRAINING_2_gratings_flashed,TRAINING_2,,5,2025-06-17,VISp_7,7,VISp,328,10.63,0,Slc32a1-IRES-Cre/wt;Oi1(TIT2L-jGCaMP8s-WPRE-ICL-IRES-tTA2)/wt,multiplane-ophys_790322_2025-06-17_15-44-27_processed_2026-08-19_00-45-41,True
790322,multiplane-ophys_790322_2025-06-18_14-34-44,TRAINING_2_gratings_flashed,TRAINING_2,,6,2025-06-18,VISp_0,0,VISp,160,10.63,0,Slc32a1-IRES-Cre/wt;Oi1(TIT2L-jGCaMP8s-WPRE-ICL-IRES-tTA2)/wt,multiplane-ophys_790322_2025-06-18_14-34-44_processed_2026-08-19_00-46-44,True
790322,multiplane-ophys_790322_2025-06-18_14-34-44,TRAINING_2_gratings_flashed,TRAINING_2,,6,2025-06-18,VISp_1,1,VISp,210,10.63,0,Slc32a1-IRES-Cre/wt;Oi1(TIT2L-jGCaMP8s-WPRE-ICL-IRES-tTA2)/wt,multiplane-ophys_790322_2025-06-18_14-34-44_processed_2026-08-19_00-46-44,True
790322,multiplane-ophys_790322_2025-06-18_14-34-44,TRAINING_2_gratings_flashed,TRAINING_2,,6,2025-06-18,VISp_2,2,VISp,120,10.63,0,Slc32a1-IRES-Cre/wt;Oi1(TIT2L-jGCaMP8s-WPRE-ICL-IRES-tTA2)/wt,multiplane-ophys_790322_2025-06-18_14-34-44_processed_2026-08-19_00-46-44,True
790322,multiplane-ophys_790322_2025-06-18_14-34-44,TRAINING_2_gratings_flashed,TRAINING_2,,6,2025-06-18,VISp_3,3,VISp,248,10.63,0,Slc32a1-IRES-Cre/wt;Oi1(TIT2L-jGCaMP8s-WPRE-ICL-IRES-tTA2)/wt,multiplane-ophys_790322_2025-06-18_14-34-44_processed_2026-08-19_00-46-44,True
790322,multiplane-ophys_790322_2025-06-18_14-34-44,TRAINING_2_gratings_flashed,TRAINING_2,,6,2025-06-18,VISp_4,4,VISp,80,10.63,0,Slc32a1-IRES-Cre/wt;Oi1(TIT2L-jGCaMP8s-WPRE-ICL-IRES-tTA2)/wt,multiplane-ophys_790322_2025-06-18_14-34-44_processed_2026-08-19_00-46-44,True
790322,multiplane-ophys_790322_2025-06-18_14-34-44,TRAINING_2_gratings_flashed,TRAINING_2,,6,2025-06-18,VISp_5,5,VISp,274,10.63,0,Slc32a1-IRES-Cre/wt;Oi1(TIT2L-jGCaMP8s-WPRE-ICL-IRES-tTA2)/wt,multiplane-ophys_790322_2025-06-18_14-34-44_processed_2026-08-19_00-46-44,True
790322,multiplane-ophys_790322_2025-06-18_14-34-44,TRAINING_2_gratings_flashed,TRAINING_2,,6,2025-06-18,VISp_6,6,VISp,30,10.63,0,Slc32a1-IRES-Cre/wt;Oi1(TIT2L-jGCaMP8s-WPRE-ICL-IRES-tTA2)/wt,multiplane-ophys_790322_2025-06-18_14-34-44_processed_2026-08-19_00-46-44,True
790322,multiplane-ophys_790322_2025-06-18_14-34-44,TRAINING_2_gratings_flashed,TRAINING_2,,6,2025-06-18,VISp_7,7,VISp,324,10.63,0,Slc32a1-IRES-Cre/wt;Oi1(TIT2L-jGCaMP8s-WPRE-ICL-IRES-tTA2)/wt,multiplane-ophys_790322_2025-06-18_14-34-44_processed_2026-08-19_00-46-44,True
790322,multiplane-ophys_790322_2025-06-23_12-18-18,TRAINING_3_images_A_10uL_reward,TRAINING_3,A,7,2025-06-23,VISp_0,0,VISp,160,10.63,0,Slc32a1-IRES-Cre/wt;Oi1(TIT2L-jGCaMP8s-WPRE-ICL-IRES-tTA2)/wt,multiplane-ophys_790322_2025-06-23_12-18-18_processed_2026-08-19_00-46-52,True
790322,multiplane-ophys_790322_2025-06-23_12-18-18,TRAINING_3_images_A_10uL_reward,TRAINING_3,A,7,2025-06-23,VISp_1,1,VISp,206,10.63,0,Slc32a1-IRES-Cre/wt;Oi1(TIT2L-jGCaMP8s-WPRE-ICL-IRES-tTA2)/wt,multiplane-ophys_790322_2025-06-23_12-18-18_processed_2026-08-19_00-46-52,True
790322,multiplane-ophys_790322_2025-06-23_12-18-18,TRAINING_3_images_A_10uL_reward,TRAINING_3,A,7,2025-06-23,VISp_2,2,VISp,120,10.63,0,Slc32a1-IRES-Cre/wt;Oi1(TIT2L-jGCaMP8s-WPRE-ICL-IRES-tTA2)/wt,multiplane-ophys_790322_2025-06-23_12-18-18_processed_2026-08-19_00-46-52,True
790322,multiplane-ophys_790322_2025-06-23_12-18-18,TRAINING_3_images_A_10uL_reward,TRAINING_3,A,7,2025-06-23,VISp_3,3,VISp,246,10.63,0,Slc32a1-IRES-Cre/wt;Oi1(TIT2L-jGCaMP8s-WPRE-ICL-IRES-tTA2)/wt,multiplane-ophys_790322_2025-06-23_12-18-18_processed_2026-08-19_00-46-52,True
790322,multiplane-ophys_790322_2025-06-23_12-18-18,TRAINING_3_images_A_10uL_reward,TRAINING_3,A,7,2025-06-23,VISp_4,4,VISp,80,10.63,0,Slc32a1-IRES-Cre/wt;Oi1(TIT2L-jGCaMP8s-WPRE-ICL-IRES-tTA2)/wt,multiplane-ophys_790322_2025-06-23_12-18-18_processed_2026-08-19_00-46-52,True
790322,multiplane-ophys_790322_2025-06-23_12-18-18,TRAINING_3_images_A_10uL_reward,TRAINING_3,A,7,2025-06-23,VISp_5,5,VISp,274,10.63,0,Slc32a1-IRES-Cre/wt;Oi1(TIT2L-jGCaMP8s-WPRE-ICL-IRES-tTA2)/wt,multiplane-ophys_790322_2025-06-23_12-18-18_processed_2026-08-19_00-46-52,True
790322,multiplane-ophys_790322_2025-06-23_12-18-18,TRAINING_3_images_A_10uL_reward,TRAINING_3,A,7,2025-06-23,VISp_6,6,VISp,34,10.63,0,Slc32a1-IRES-Cre/wt;Oi1(TIT2L-jGCaMP8s-WPRE-ICL-IRES-tTA2)/wt,multiplane-ophys_790322_2025-06-23_12-18-18_processed_2026-08-19_00-46-52,True
790322,multiplane-ophys_790322_2025-06-23_12-18-18,TRAINING_3_images_A_10uL_reward,TRAINING_3,A,7,2025-06-23,VISp_7,7,VISp,324,10.63,0,Slc32a1-IRES-Cre/wt;Oi1(TIT2L-jGCaMP8s-WPRE-ICL-IRES-tTA2)/wt,multiplane-ophys_790322_2025-06-23_12-18-18_processed_2026-08-19_00-46-52,True
790322,multiplane-ophys_790322_2025-06-24_12-14-55,TRAINING_3_images_A_10uL_reward,TRAINING_3,A,8,2025-06-24,VISp_0,0,VISp,156,10.63,0,Slc32a1-IRES-Cre/wt;Oi1(TIT2L-jGCaMP8s-WPRE-ICL-IRES-tTA2)/wt,multiplane-ophys_790322_2025-06-24_12-14-55_processed_2026-08-19_00-47-19,True
790322,multiplane-ophys_790322_2025-06-24_12-14-55,TRAINING_3_images_A_10uL_reward,TRAINING_3,A,8,2025-06-24,VISp_1,1,VISp,200,10.63,0,Slc32a1-IRES-Cre/wt;Oi1(TIT2L-jGCaMP8s-WPRE-ICL-IRES-tTA2)/wt,multiplane-ophys_790322_2025-06-24_12-14-55_processed_2026-08-19_00-47-19,True
790322,multiplane-ophys_790322_2025-06-24_12-14-55,TRAINING_3_images_A_10uL_reward,TRAINING_3,A,8,2025-06-24,VISp_2,2,VISp,116,10.63,0,Slc32a1-IRES-Cre/wt;Oi1(TIT2L-jGCaMP8s-WPRE-ICL-IRES-tTA2)/wt,multiplane-ophys_790322_2025-06-24_12-14-55_processed_2026-08-19_00-47-19,True
790322,multiplane-ophys_790322_2025-06-24_12-14-55,TRAINING_3_images_A_10uL_reward,TRAINING_3,A,8,2025-06-24,VISp_3,3,VISp,240,10.63,0,Slc32a1-IRES-Cre/wt;Oi1(TIT2L-jGCaMP8s-WPRE-ICL-IRES-tTA2)/wt,multiplane-ophys_790322_2025-06-24_12-14-55_processed_2026-08-19_00-47-19,True
790322,multiplane-ophys_790322_2025-06-24_12-14-55,TRAINING_3_images_A_10uL_reward,TRAINING_3,A,8,2025-06-24,VISp_4,4,VISp,74,10.63,0,Slc32a1-IRES-Cre/wt;Oi1(TIT2L-jGCaMP8s-WPRE-ICL-IRES-tTA2)/wt,multiplane-ophys_790322_2025-06-24_12-14-55_processed_2026-08-19_00-47-19,True
790322,multiplane-ophys_790322_2025-06-24_12-14-55,TRAINING_3_images_A_10uL_reward,TRAINING_3,A,8,2025-06-24,VISp_5,5,VISp,272,10.63,0,Slc32a1-IRES-Cre/wt;Oi1(TIT2L-jGCaMP8s-WPRE-ICL-IRES-tTA2)/wt,multiplane-ophys_790322_2025-06-24_12-14-55_processed_2026-08-19_00-47-19,True
790322,multiplane-ophys_790322_2025-06-24_12-14-55,TRAINING_3_images_A_10uL_reward,TRAINING_3,A,8,2025-06-24,VISp_6,6,VISp,26,10.63,0,Slc32a1-IRES-Cre/wt;Oi1(TIT2L-jGCaMP8s-WPRE-ICL-IRES-tTA2)/wt,multiplane-ophys_790322_2025-06-24_12-14-55_processed_2026-08-19_00-47-19,True
790322,multiplane-ophys_790322_2025-06-24_12-14-55,TRAINING_3_images_A_10uL_reward,TRAINING_3,A,8,2025-06-24,VISp_7,7,VISp,318,10.63,0,Slc32a1-IRES-Cre/wt;Oi1(TIT2L-jGCaMP8s-WPRE-ICL-IRES-tTA2)/wt,multiplane-ophys_790322_2025-06-24_12-14-55_processed_2026-08-19_00-47-19,True
790322,multiplane-ophys_790322_2025-06-25_14-02-09,TRAINING_3_images_A_10uL_reward,TRAINING_3,A,9,2025-06-25,VISp_0,0,VISp,158,10.63,0,Slc32a1-IRES-Cre/wt;Oi1(TIT2L-jGCaMP8s-WPRE-ICL-IRES-tTA2)/wt,multiplane-ophys_790322_2025-06-25_14-02-09_processed_2026-08-19_00-46-34,True
790322,multiplane-ophys_790322_2025-06-25_14-02-09,TRAINING_3_images_A_10uL_reward,TRAINING_3,A,9,2025-06-25,VISp_1,1,VISp,202,10.63,0,Slc32a1-IRES-Cre/wt;Oi1(TIT2L-jGCaMP8s-WPRE-ICL-IRES-tTA2)/wt,multiplane-ophys_790322_2025-06-25_14-02-09_processed_2026-08-19_00-46-34,True
790322,multiplane-ophys_790322_2025-06-25_14-02-09,TRAINING_3_images_A_10uL_reward,TRAINING_3,A,9,2025-06-25,VISp_2,2,VISp,116,10.63,0,Slc32a1-IRES-Cre/wt;Oi1(TIT2L-jGCaMP8s-WPRE-ICL-IRES-tTA2)/wt,multiplane-ophys_790322_2025-06-25_14-02-09_processed_2026-08-19_00-46-34,True
790322,multiplane-ophys_790322_2025-06-25_14-02-09,TRAINING_3_images_A_10uL_reward,TRAINING_3,A,9,2025-06-25,VISp_3,3,VISp,242,10.63,0,Slc32a1-IRES-Cre/wt;Oi1(TIT2L-jGCaMP8s-WPRE-ICL-IRES-tTA2)/wt,multiplane-ophys_790322_2025-06-25_14-02-09_processed_2026-08-19_00-46-34,True
790322,multiplane-ophys_790322_2025-06-25_14-02-09,TRAINING_3_images_A_10uL_reward,TRAINING_3,A,9,2025-06-25,VISp_4,4,VISp,78,10.63,0,Slc32a1-IRES-Cre/wt;Oi1(TIT2L-jGCaMP8s-WPRE-ICL-IRES-tTA2)/wt,multiplane-ophys_790322_2025-06-25_14-02-09_processed_2026-08-19_00-46-34,True
790322,multiplane-ophys_790322_2025-06-25_14-02-09,TRAINING_3_images_A_10uL_reward,TRAINING_3,A,9,2025-06-25,VISp_5,5,VISp,270,10.63,0,Slc32a1-IRES-Cre/wt;Oi1(TIT2L-jGCaMP8s-WPRE-ICL-IRES-tTA2)/wt,multiplane-ophys_790322_2025-06-25_14-02-09_processed_2026-08-19_00-46-34,True
790322,multiplane-ophys_790322_2025-06-25_14-02-09,TRAINING_3_images_A_10uL_reward,TRAINING_3,A,9,2025-06-25,VISp_6,6,VISp,30,10.63,0,Slc32a1-IRES-Cre/wt;Oi1(TIT2L-jGCaMP8s-WPRE-ICL-IRES-tTA2)/wt,multiplane-ophys_790322_2025-06-25_14-02-09_processed_2026-08-19_00-46-34,True
790322,multiplane-ophys_790322_2025-06-25_14-02-09,TRAINING_3_images_A_10uL_reward,TRAINING_3,A,9,2025-06-25,VISp_7,7,VISp,318,10.63,0,Slc32a1-IRES-Cre/wt;Oi1(TIT2L-jGCaMP8s-WPRE-ICL-IRES-tTA2)/wt,multiplane-ophys_790322_2025-06-25_14-02-09_processed_2026-08-19_00-46-34,True
790322,multiplane-ophys_790322_2025-06-26_14-34-26,TRAINING_4_images_A_training,TRAINING_4,A,10,2025-06-26,VISp_0,0,VISp,164,10.63,0,Slc32a1-IRES-Cre/wt;Oi1(TIT2L-jGCaMP8s-WPRE-ICL-IRES-tTA2)/wt,multiplane-ophys_790322_2025-06-26_14-34-26_processed_2026-08-19_00-46-42,True
790322,multiplane-ophys_790322_2025-06-26_14-34-26,TRAINING_4_images_A_training,TRAINING_4,A,10,2025-06-26,VISp_1,1,VISp,206,10.63,0,Slc32a1-IRES-Cre/wt;Oi1(TIT2L-jGCaMP8s-WPRE-ICL-IRES-tTA2)/wt,multiplane-ophys_790322_2025-06-26_14-34-26_processed_2026-08-19_00-46-42,True
790322,multiplane-ophys_790322_2025-06-26_14-34-26,TRAINING_4_images_A_training,TRAINING_4,A,10,2025-06-26,VISp_2,2,VISp,122,10.63,0,Slc32a1-IRES-Cre/wt;Oi1(TIT2L-jGCaMP8s-WPRE-ICL-IRES-tTA2)/wt,multiplane-ophys_790322_2025-06-26_14-34-26_processed_2026-08-19_00-46-42,True
790322,multiplane-ophys_790322_2025-06-26_14-34-26,TRAINING_4_images_A_training,TRAINING_4,A,10,2025-06-26,VISp_3,3,VISp,244,10.63,0,Slc32a1-IRES-Cre/wt;Oi1(TIT2L-jGCaMP8s-WPRE-ICL-IRES-tTA2)/wt,multiplane-ophys_790322_2025-06-26_14-34-26_processed_2026-08-19_00-46-42,True
790322,multiplane-ophys_790322_2025-06-26_14-34-26,TRAINING_4_images_A_training,TRAINING_4,A,10,2025-06-26,VISp_4,4,VISp,82,10.63,0,Slc32a1-IRES-Cre/wt;Oi1(TIT2L-jGCaMP8s-WPRE-ICL-IRES-tTA2)/wt,multiplane-ophys_790322_2025-06-26_14-34-26_processed_2026-08-19_00-46-42,True
790322,multiplane-ophys_790322_2025-06-26_14-34-26,TRAINING_4_images_A_training,TRAINING_4,A,10,2025-06-26,VISp_5,5,VISp,270,10.63,0,Slc32a1-IRES-Cre/wt;Oi1(TIT2L-jGCaMP8s-WPRE-ICL-IRES-tTA2)/wt,multiplane-ophys_790322_2025-06-26_14-34-26_processed_2026-08-19_00-46-42,True
790322,multiplane-ophys_790322_2025-06-26_14-34-26,TRAINING_4_images_A_training,TRAINING_4,A,10,2025-06-26,VISp_6,6,VISp,34,10.63,0,Slc32a1-IRES-Cre/wt;Oi1(TIT2L-jGCaMP8s-WPRE-ICL-IRES-tTA2)/wt,multiplane-ophys_790322_2025-06-26_14-34-26_processed_2026-08-19_00-46-42,True
790322,multiplane-ophys_790322_2025-06-26_14-34-26,TRAINING_4_images_A_training,TRAINING_4,A,10,2025-06-26,VISp_7,7,VISp,324,10.63,0,Slc32a1-IRES-Cre/wt;Oi1(TIT2L-jGCaMP8s-WPRE-ICL-IRES-tTA2)/wt,multiplane-ophys_790322_2025-06-26_14-34-26_processed_2026-08-19_00-46-42,True
790322,multiplane-ophys_790322_2025-06-30_11-27-24,TRAINING_5_images_A_epilogue,TRAINING_5,A,11,2025-06-30,VISp_0,0,VISp,160,10.63,0,Slc32a1-IRES-Cre/wt;Oi1(TIT2L-jGCaMP8s-WPRE-ICL-IRES-tTA2)/wt,multiplane-ophys_790322_2025-06-30_11-27-24_processed_2026-08-19_00-47-07,True
790322,multiplane-ophys_790322_2025-06-30_11-27-24,TRAINING_5_images_A_epilogue,TRAINING_5,A,11,2025-06-30,VISp_1,1,VISp,196,10.63,0,Slc32a1-IRES-Cre/wt;Oi1(TIT2L-jGCaMP8s-WPRE-ICL-IRES-tTA2)/wt,multiplane-ophys_790322_2025-06-30_11-27-24_processed_2026-08-19_00-47-07,True
790322,multiplane-ophys_790322_2025-06-30_11-27-24,TRAINING_5_images_A_epilogue,TRAINING_5,A,11,2025-06-30,VISp_2,2,VISp,120,10.63,0,Slc32a1-IRES-Cre/wt;Oi1(TIT2L-jGCaMP8s-WPRE-ICL-IRES-tTA2)/wt,multiplane-ophys_790322_2025-06-30_11-27-24_processed_2026-08-19_00-47-07,True
790322,multiplane-ophys_790322_2025-06-30_11-27-24,TRAINING_5_images_A_epilogue,TRAINING_5,A,11,2025-06-30,VISp_3,3,VISp,236,10.63,0,Slc32a1-IRES-Cre/wt;Oi1(TIT2L-jGCaMP8s-WPRE-ICL-IRES-tTA2)/wt,multiplane-ophys_790322_2025-06-30_11-27-24_processed_2026-08-19_00-47-07,True
790322,multiplane-ophys_790322_2025-06-30_11-27-24,TRAINING_5_images_A_epilogue,TRAINING_5,A,11,2025-06-30,VISp_4,4,VISp,80,10.63,0,Slc32a1-IRES-Cre/wt;Oi1(TIT2L-jGCaMP8s-WPRE-ICL-IRES-tTA2)/wt,multiplane-ophys_790322_2025-06-30_11-27-24_processed_2026-08-19_00-47-07,True
790322,multiplane-ophys_790322_2025-06-30_11-27-24,TRAINING_5_images_A_epilogue,TRAINING_5,A,11,2025-06-30,VISp_5,5,VISp,264,10.63,0,Slc32a1-IRES-Cre/wt;Oi1(TIT2L-jGCaMP8s-WPRE-ICL-IRES-tTA2)/wt,multiplane-ophys_790322_2025-06-30_11-27-24_processed_2026-08-19_00-47-07,True
790322,multiplane-ophys_790322_2025-06-30_11-27-24,TRAINING_5_images_A_epilogue,TRAINING_5,A,11,2025-06-30,VISp_6,6,VISp,36,10.63,0,Slc32a1-IRES-Cre/wt;Oi1(TIT2L-jGCaMP8s-WPRE-ICL-IRES-tTA2)/wt,multiplane-ophys_790322_2025-06-30_11-27-24_processed_2026-08-19_00-47-07,True
790322,multiplane-ophys_790322_2025-06-30_11-27-24,TRAINING_5_images_A_epilogue,TRAINING_5,A,11,2025-06-30,VISp_7,7,VISp,312,10.63,0,Slc32a1-IRES-Cre/wt;Oi1(TIT2L-jGCaMP8s-WPRE-ICL-IRES-tTA2)/wt,multiplane-ophys_790322_2025-06-30_11-27-24_processed_2026-08-19_00-47-07,True
790322,multiplane-ophys_790322_2025-07-01_13-35-26,TRAINING_5_images_A_handoff_ready,TRAINING_5,A,12,2025-07-01,VISp_0,0,VISp,166,10.63,0,Slc32a1-IRES-Cre/wt;Oi1(TIT2L-jGCaMP8s-WPRE-ICL-IRES-tTA2)/wt,multiplane-ophys_790322_2025-07-01_13-35-26_processed_2026-08-19_00-47-08,True
790322,multiplane-ophys_790322_2025-07-01_13-35-26,TRAINING_5_images_A_handoff_ready,TRAINING_5,A,12,2025-07-01,VISp_1,1,VISp,210,10.63,0,Slc32a1-IRES-Cre/wt;Oi1(TIT2L-jGCaMP8s-WPRE-ICL-IRES-tTA2)/wt,multiplane-ophys_790322_2025-07-01_13-35-26_processed_2026-08-19_00-47-08,True
790322,multiplane-ophys_790322_2025-07-01_13-35-26,TRAINING_5_images_A_handoff_ready,TRAINING_5,A,12,2025-07-01,VISp_2,2,VISp,124,10.63,0,Slc32a1-IRES-Cre/wt;Oi1(TIT2L-jGCaMP8s-WPRE-ICL-IRES-tTA2)/wt,multiplane-ophys_790322_2025-07-01_13-35-26_processed_2026-08-19_00-47-08,True
790322,multiplane-ophys_790322_2025-07-01_13-35-26,TRAINING_5_images_A_handoff_ready,TRAINING_5,A,12,2025-07-01,VISp_3,3,VISp,252,10.63,0,Slc32a1-IRES-Cre/wt;Oi1(TIT2L-jGCaMP8s-WPRE-ICL-IRES-tTA2)/wt,multiplane-ophys_790322_2025-07-01_13-35-26_processed_2026-08-19_00-47-08,True
790322,multiplane-ophys_790322_2025-07-01_13-35-26,TRAINING_5_images_A_handoff_ready,TRAINING_5,A,12,2025-07-01,VISp_4,4,VISp,86,10.63,0,Slc32a1-IRES-Cre/wt;Oi1(TIT2L-jGCaMP8s-WPRE-ICL-IRES-tTA2)/wt,multiplane-ophys_790322_2025-07-01_13-35-26_processed_2026-08-19_00-47-08,True
790322,multiplane-ophys_790322_2025-07-01_13-35-26,TRAINING_5_images_A_handoff_ready,TRAINING_5,A,12,2025-07-01,VISp_5,5,VISp,278,10.63,0,Slc32a1-IRES-Cre/wt;Oi1(TIT2L-jGCaMP8s-WPRE-ICL-IRES-tTA2)/wt,multiplane-ophys_790322_2025-07-01_13-35-26_processed_2026-08-19_00-47-08,True
790322,multiplane-ophys_790322_2025-07-01_13-35-26,TRAINING_5_images_A_handoff_ready,TRAINING_5,A,12,2025-07-01,VISp_6,6,VISp,42,10.63,0,Slc32a1-IRES-Cre/wt;Oi1(TIT2L-jGCaMP8s-WPRE-ICL-IRES-tTA2)/wt,multiplane-ophys_790322_2025-07-01_13-35-26_processed_2026-08-19_00-47-08,True
790322,multiplane-ophys_790322_2025-07-01_13-35-26,TRAINING_5_images_A_handoff_ready,TRAINING_5,A,12,2025-07-01,VISp_7,7,VISp,328,10.63,0,Slc32a1-IRES-Cre/wt;Oi1(TIT2L-jGCaMP8s-WPRE-ICL-IRES-tTA2)/wt,multiplane-ophys_790322_2025-07-01_13-35-26_processed_2026-08-19_00-47-08,True
790322,multiplane-ophys_790322_2025-07-02_14-00-54,OPHYS_1_images_A,OPHYS_1,A,13,2025-07-02,VISp_0,0,VISp,36,10.63,0,Slc32a1-IRES-Cre/wt;Oi1(TIT2L-jGCaMP8s-WPRE-ICL-IRES-tTA2)/wt,multiplane-ophys_790322_2025-07-02_14-00-54_processed_2026-08-19_00-47-14,True
790322,multiplane-ophys_790322_2025-07-02_14-00-54,OPHYS_1_images_A,OPHYS_1,A,13,2025-07-02,VISp_1,1,VISp,206,10.63,0,Slc32a1-IRES-Cre/wt;Oi1(TIT2L-jGCaMP8s-WPRE-ICL-IRES-tTA2)/wt,multiplane-ophys_790322_2025-07-02_14-00-54_processed_2026-08-19_00-47-14,True
790322,multiplane-ophys_790322_2025-07-02_14-00-54,OPHYS_1_images_A,OPHYS_1,A,13,2025-07-02,VISp_2,2,VISp,162,10.63,0,Slc32a1-IRES-Cre/wt;Oi1(TIT2L-jGCaMP8s-WPRE-ICL-IRES-tTA2)/wt,multiplane-ophys_790322_2025-07-02_14-00-54_processed_2026-08-19_00-47-14,True
790322,multiplane-ophys_790322_2025-07-02_14-00-54,OPHYS_1_images_A,OPHYS_1,A,13,2025-07-02,VISp_3,3,VISp,248,10.63,0,Slc32a1-IRES-Cre/wt;Oi1(TIT2L-jGCaMP8s-WPRE-ICL-IRES-tTA2)/wt,multiplane-ophys_790322_2025-07-02_14-00-54_processed_2026-08-19_00-47-14,True
790322,multiplane-ophys_790322_2025-07-02_14-00-54,OPHYS_1_images_A,OPHYS_1,A,13,2025-07-02,VISp_4,4,VISp,120,10.63,0,Slc32a1-IRES-Cre/wt;Oi1(TIT2L-jGCaMP8s-WPRE-ICL-IRES-tTA2)/wt,multiplane-ophys_790322_2025-07-02_14-00-54_processed_2026-08-19_00-47-14,True
790322,multiplane-ophys_790322_2025-07-02_14-00-54,OPHYS_1_images_A,OPHYS_1,A,13,2025-07-02,VISp_5,5,VISp,276,10.63,0,Slc32a1-IRES-Cre/wt;Oi1(TIT2L-jGCaMP8s-WPRE-ICL-IRES-tTA2)/wt,multiplane-ophys_790322_2025-07-02_14-00-54_processed_2026-08-19_00-47-14,True
790322,multiplane-ophys_790322_2025-07-02_14-00-54,OPHYS_1_images_A,OPHYS_1,A,13,2025-07-02,VISp_6,6,VISp,82,10.63,0,Slc32a1-IRES-Cre/wt;Oi1(TIT2L-jGCaMP8s-WPRE-ICL-IRES-tTA2)/wt,multiplane-ophys_790322_2025-07-02_14-00-54_processed_2026-08-19_00-47-14,True
790322,multiplane-ophys_790322_2025-07-02_14-00-54,OPHYS_1_images_A,OPHYS_1,A,13,2025-07-02,VISp_7,7,VISp,324,10.63,0,Slc32a1-IRES-Cre/wt;Oi1(TIT2L-jGCaMP8s-WPRE-ICL-IRES-tTA2)/wt,multiplane-ophys_790322_2025-07-02_14-00-54_processed_2026-08-19_00-47-14,True
790322,multiplane-ophys_790322_2025-07-03_14-03-48,OPHYS_1_images_A,OPHYS_1,A,14,2025-07-03,VISp_0,0,VISp,158,10.63,0,Slc32a1-IRES-Cre/wt;Oi1(TIT2L-jGCaMP8s-WPRE-ICL-IRES-tTA2)/wt,multiplane-ophys_790322_2025-07-03_14-03-48_processed_2026-08-19_00-46-52,True
790322,multiplane-ophys_790322_2025-07-03_14-03-48,OPHYS_1_images_A,OPHYS_1,A,14,2025-07-03,VISp_1,1,VISp,198,10.63,0,Slc32a1-IRES-Cre/wt;Oi1(TIT2L-jGCaMP8s-WPRE-ICL-IRES-tTA2)/wt,multiplane-ophys_790322_2025-07-03_14-03-48_processed_2026-08-19_00-46-52,True
790322,multiplane-ophys_790322_2025-07-03_14-03-48,OPHYS_1_images_A,OPHYS_1,A,14,2025-07-03,VISp_2,2,VISp,120,10.63,0,Slc32a1-IRES-Cre/wt;Oi1(TIT2L-jGCaMP8s-WPRE-ICL-IRES-tTA2)/wt,multiplane-ophys_790322_2025-07-03_14-03-48_processed_2026-08-19_00-46-52,True
790322,multiplane-ophys_790322_2025-07-03_14-03-48,OPHYS_1_images_A,OPHYS_1,A,14,2025-07-03,VISp_3,3,VISp,238,10.63,0,Slc32a1-IRES-Cre/wt;Oi1(TIT2L-jGCaMP8s-WPRE-ICL-IRES-tTA2)/wt,multiplane-ophys_790322_2025-07-03_14-03-48_processed_2026-08-19_00-46-52,True
790322,multiplane-ophys_790322_2025-07-03_14-03-48,OPHYS_1_images_A,OPHYS_1,A,14,2025-07-03,VISp_4,4,VISp,86,10.63,0,Slc32a1-IRES-Cre/wt;Oi1(TIT2L-jGCaMP8s-WPRE-ICL-IRES-tTA2)/wt,multiplane-ophys_790322_2025-07-03_14-03-48_processed_2026-08-19_00-46-52,True
790322,multiplane-ophys_790322_2025-07-03_14-03-48,OPHYS_1_images_A,OPHYS_1,A,14,2025-07-03,VISp_5,5,VISp,266,10.63,0,Slc32a1-IRES-Cre/wt;Oi1(TIT2L-jGCaMP8s-WPRE-ICL-IRES-tTA2)/wt,multiplane-ophys_790322_2025-07-03_14-03-48_processed_2026-08-19_00-46-52,True
790322,multiplane-ophys_790322_2025-07-03_14-03-48,OPHYS_1_images_A,OPHYS_1,A,14,2025-07-03,VISp_6,6,VISp,36,10.63,0,Slc32a1-IRES-Cre/wt;Oi1(TIT2L-jGCaMP8s-WPRE-ICL-IRES-tTA2)/wt,multiplane-ophys_790322_2025-07-03_14-03-48_processed_2026-08-19_00-46-52,True
790322,multiplane-ophys_790322_2025-07-03_14-03-48,OPHYS_1_images_A,OPHYS_1,A,14,2025-07-03,VISp_7,7,VISp,318,10.63,0,Slc32a1-IRES-Cre/wt;Oi1(TIT2L-jGCaMP8s-WPRE-ICL-IRES-tTA2)/wt,multiplane-ophys_790322_2025-07-03_14-03-48_processed_2026-08-19_00-46-52,True
790322,multiplane-ophys_790322_2025-07-07_12-19-54,OPHYS_4_images_B,OPHYS_4,B,15,2025-07-07,VISp_0,0,VISp,154,10.63,0,Slc32a1-IRES-Cre/wt;Oi1(TIT2L-jGCaMP8s-WPRE-ICL-IRES-tTA2)/wt,multiplane-ophys_790322_2025-07-07_12-19-54_processed_2026-08-19_00-47-54,True
790322,multiplane-ophys_790322_2025-07-07_12-19-54,OPHYS_4_images_B,OPHYS_4,B,15,2025-07-07,VISp_1,1,VISp,200,10.63,0,Slc32a1-IRES-Cre/wt;Oi1(TIT2L-jGCaMP8s-WPRE-ICL-IRES-tTA2)/wt,multiplane-ophys_790322_2025-07-07_12-19-54_processed_2026-08-19_00-47-54,True
790322,multiplane-ophys_790322_2025-07-07_12-19-54,OPHYS_4_images_B,OPHYS_4,B,15,2025-07-07,VISp_2,2,VISp,114,10.63,0,Slc32a1-IRES-Cre/wt;Oi1(TIT2L-jGCaMP8s-WPRE-ICL-IRES-tTA2)/wt,multiplane-ophys_790322_2025-07-07_12-19-54_processed_2026-08-19_00-47-54,True
790322,multiplane-ophys_790322_2025-07-07_12-19-54,OPHYS_4_images_B,OPHYS_4,B,15,2025-07-07,VISp_3,3,VISp,238,10.63,0,Slc32a1-IRES-Cre/wt;Oi1(TIT2L-jGCaMP8s-WPRE-ICL-IRES-tTA2)/wt,multiplane-ophys_790322_2025-07-07_12-19-54_processed_2026-08-19_00-47-54,True
790322,multiplane-ophys_790322_2025-07-07_12-19-54,OPHYS_4_images_B,OPHYS_4,B,15,2025-07-07,VISp_4,4,VISp,80,10.63,0,Slc32a1-IRES-Cre/wt;Oi1(TIT2L-jGCaMP8s-WPRE-ICL-IRES-tTA2)/wt,multiplane-ophys_790322_2025-07-07_12-19-54_processed_2026-08-19_00-47-54,True
790322,multiplane-ophys_790322_2025-07-07_12-19-54,OPHYS_4_images_B,OPHYS_4,B,15,2025-07-07,VISp_5,5,VISp,266,10.63,0,Slc32a1-IRES-Cre/wt;Oi1(TIT2L-jGCaMP8s-WPRE-ICL-IRES-tTA2)/wt,multiplane-ophys_790322_2025-07-07_12-19-54_processed_2026-08-19_00-47-54,True
790322,multiplane-ophys_790322_2025-07-07_12-19-54,OPHYS_4_images_B,OPHYS_4,B,15,2025-07-07,VISp_6,6,VISp,30,10.63,0,Slc32a1-IRES-Cre/wt;Oi1(TIT2L-jGCaMP8s-WPRE-ICL-IRES-tTA2)/wt,multiplane-ophys_790322_2025-07-07_12-19-54_processed_2026-08-19_00-47-54,True
790322,multiplane-ophys_790322_2025-07-07_12-19-54,OPHYS_4_images_B,OPHYS_4,B,15,2025-07-07,VISp_7,7,VISp,318,10.63,0,Slc32a1-IRES-Cre/wt;Oi1(TIT2L-jGCaMP8s-WPRE-ICL-IRES-tTA2)/wt,multiplane-ophys_790322_2025-07-07_12-19-54_processed_2026-08-19_00-47-54,True
790322,multiplane-ophys_790322_2025-07-08_12-35-46,OPHYS_4_images_B,OPHYS_4,B,16,2025-07-08,VISp_0,0,VISp,160,10.63,0,Slc32a1-IRES-Cre/wt;Oi1(TIT2L-jGCaMP8s-WPRE-ICL-IRES-tTA2)/wt,multiplane-ophys_790322_2025-07-08_12-35-46_processed_2026-08-19_00-48-15,True
790322,multiplane-ophys_790322_2025-07-08_12-35-46,OPHYS_4_images_B,OPHYS_4,B,16,2025-07-08,VISp_1,1,VISp,204,10.63,0,Slc32a1-IRES-Cre/wt;Oi1(TIT2L-jGCaMP8s-WPRE-ICL-IRES-tTA2)/wt,multiplane-ophys_790322_2025-07-08_12-35-46_processed_2026-08-19_00-48-15,True
790322,multiplane-ophys_790322_2025-07-08_12-35-46,OPHYS_4_images_B,OPHYS_4,B,16,2025-07-08,VISp_2,2,VISp,120,10.63,0,Slc32a1-IRES-Cre/wt;Oi1(TIT2L-jGCaMP8s-WPRE-ICL-IRES-tTA2)/wt,multiplane-ophys_790322_2025-07-08_12-35-46_processed_2026-08-19_00-48-15,True
790322,multiplane-ophys_790322_2025-07-08_12-35-46,OPHYS_4_images_B,OPHYS_4,B,16,2025-07-08,VISp_3,3,VISp,246,10.63,0,Slc32a1-IRES-Cre/wt;Oi1(TIT2L-jGCaMP8s-WPRE-ICL-IRES-tTA2)/wt,multiplane-ophys_790322_2025-07-08_12-35-46_processed_2026-08-19_00-48-15,True
790322,multiplane-ophys_790322_2025-07-08_12-35-46,OPHYS_4_images_B,OPHYS_4,B,16,2025-07-08,VISp_4,4,VISp,80,10.63,0,Slc32a1-IRES-Cre/wt;Oi1(TIT2L-jGCaMP8s-WPRE-ICL-IRES-tTA2)/wt,multiplane-ophys_790322_2025-07-08_12-35-46_processed_2026-08-19_00-48-15,True
790322,multiplane-ophys_790322_2025-07-08_12-35-46,OPHYS_4_images_B,OPHYS_4,B,16,2025-07-08,VISp_5,5,VISp,274,10.63,0,Slc32a1-IRES-Cre/wt;Oi1(TIT2L-jGCaMP8s-WPRE-ICL-IRES-tTA2)/wt,multiplane-ophys_790322_2025-07-08_12-35-46_processed_2026-08-19_00-48-15,True
790322,multiplane-ophys_790322_2025-07-08_12-35-46,OPHYS_4_images_B,OPHYS_4,B,16,2025-07-08,VISp_6,6,VISp,36,10.63,0,Slc32a1-IRES-Cre/wt;Oi1(TIT2L-jGCaMP8s-WPRE-ICL-IRES-tTA2)/wt,multiplane-ophys_790322_2025-07-08_12-35-46_processed_2026-08-19_00-48-15,True
790322,multiplane-ophys_790322_2025-07-08_12-35-46,OPHYS_4_images_B,OPHYS_4,B,16,2025-07-08,VISp_7,7,VISp,322,10.63,0,Slc32a1-IRES-Cre/wt;Oi1(TIT2L-jGCaMP8s-WPRE-ICL-IRES-tTA2)/wt,multiplane-ophys_790322_2025-07-08_12-35-46_processed_2026-08-19_00-48-15,True
790322,multiplane-ophys_790322_2025-07-10_15-25-55,OPHYS_6_images_B,OPHYS_6,B,17,2025-07-10,VISp_0,0,VISp,160,10.63,0,Slc32a1-IRES-Cre/wt;Oi1(TIT2L-jGCaMP8s-WPRE-ICL-IRES-tTA2)/wt,multiplane-ophys_790322_2025-07-10_15-25-55_processed_2026-08-19_00-47-55,True
790322,multiplane-ophys_790322_2025-07-10_15-25-55,OPHYS_6_images_B,OPHYS_6,B,17,2025-07-10,VISp_1,1,VISp,202,10.63,0,Slc32a1-IRES-Cre/wt;Oi1(TIT2L-jGCaMP8s-WPRE-ICL-IRES-tTA2)/wt,multiplane-ophys_790322_2025-07-10_15-25-55_processed_2026-08-19_00-47-55,True
790322,multiplane-ophys_790322_2025-07-10_15-25-55,OPHYS_6_images_B,OPHYS_6,B,17,2025-07-10,VISp_2,2,VISp,120,10.63,0,Slc32a1-IRES-Cre/wt;Oi1(TIT2L-jGCaMP8s-WPRE-ICL-IRES-tTA2)/wt,multiplane-ophys_790322_2025-07-10_15-25-55_processed_2026-08-19_00-47-55,True
790322,multiplane-ophys_790322_2025-07-10_15-25-55,OPHYS_6_images_B,OPHYS_6,B,17,2025-07-10,VISp_3,3,VISp,240,10.63,0,Slc32a1-IRES-Cre/wt;Oi1(TIT2L-jGCaMP8s-WPRE-ICL-IRES-tTA2)/wt,multiplane-ophys_790322_2025-07-10_15-25-55_processed_2026-08-19_00-47-55,True
790322,multiplane-ophys_790322_2025-07-10_15-25-55,OPHYS_6_images_B,OPHYS_6,B,17,2025-07-10,VISp_4,4,VISp,80,10.63,0,Slc32a1-IRES-Cre/wt;Oi1(TIT2L-jGCaMP8s-WPRE-ICL-IRES-tTA2)/wt,multiplane-ophys_790322_2025-07-10_15-25-55_processed_2026-08-19_00-47-55,True
790322,multiplane-ophys_790322_2025-07-10_15-25-55,OPHYS_6_images_B,OPHYS_6,B,17,2025-07-10,VISp_5,5,VISp,268,10.63,0,Slc32a1-IRES-Cre/wt;Oi1(TIT2L-jGCaMP8s-WPRE-ICL-IRES-tTA2)/wt,multiplane-ophys_790322_2025-07-10_15-25-55_processed_2026-08-19_00-47-55,True
790322,multiplane-ophys_790322_2025-07-10_15-25-55,OPHYS_6_images_B,OPHYS_6,B,17,2025-07-10,VISp_6,6,VISp,32,10.63,0,Slc32a1-IRES-Cre/wt;Oi1(TIT2L-jGCaMP8s-WPRE-ICL-IRES-tTA2)/wt,multiplane-ophys_790322_2025-07-10_15-25-55_processed_2026-08-19_00-47-55,True
790322,multiplane-ophys_790322_2025-07-10_15-25-55,OPHYS_6_images_B,OPHYS_6,B,17,2025-07-10,VISp_7,7,VISp,318,10.63,0,Slc32a1-IRES-Cre/wt;Oi1(TIT2L-jGCaMP8s-WPRE-ICL-IRES-tTA2)/wt,multiplane-ophys_790322_2025-07-10_15-25-55_processed_2026-08-19_00-47-55,True
790322,multiplane-ophys_790322_2025-07-11_14-33-34,OPHYS_6_images_B,OPHYS_6,B,18,2025-07-11,VISp_0,0,VISp,158,10.63,0,Slc32a1-IRES-Cre/wt;Oi1(TIT2L-jGCaMP8s-WPRE-ICL-IRES-tTA2)/wt,multiplane-ophys_790322_2025-07-11_14-33-34_processed_2026-08-19_00-48-10,True
790322,multiplane-ophys_790322_2025-07-11_14-33-34,OPHYS_6_images_B,OPHYS_6,B,18,2025-07-11,VISp_1,1,VISp,202,10.63,0,Slc32a1-IRES-Cre/wt;Oi1(TIT2L-jGCaMP8s-WPRE-ICL-IRES-tTA2)/wt,multiplane-ophys_790322_2025-07-11_14-33-34_processed_2026-08-19_00-48-10,True
790322,multiplane-ophys_790322_2025-07-11_14-33-34,OPHYS_6_images_B,OPHYS_6,B,18,2025-07-11,VISp_2,2,VISp,116,10.63,0,Slc32a1-IRES-Cre/wt;Oi1(TIT2L-jGCaMP8s-WPRE-ICL-IRES-tTA2)/wt,multiplane-ophys_790322_2025-07-11_14-33-34_processed_2026-08-19_00-48-10,True
790322,multiplane-ophys_790322_2025-07-11_14-33-34,OPHYS_6_images_B,OPHYS_6,B,18,2025-07-11,VISp_3,3,VISp,240,10.63,0,Slc32a1-IRES-Cre/wt;Oi1(TIT2L-jGCaMP8s-WPRE-ICL-IRES-tTA2)/wt,multiplane-ophys_790322_2025-07-11_14-33-34_processed_2026-08-19_00-48-10,True
790322,multiplane-ophys_790322_2025-07-11_14-33-34,OPHYS_6_images_B,OPHYS_6,B,18,2025-07-11,VISp_4,4,VISp,76,10.63,0,Slc32a1-IRES-Cre/wt;Oi1(TIT2L-jGCaMP8s-WPRE-ICL-IRES-tTA2)/wt,multiplane-ophys_790322_2025-07-11_14-33-34_processed_2026-08-19_00-48-10,True
790322,multiplane-ophys_790322_2025-07-11_14-33-34,OPHYS_6_images_B,OPHYS_6,B,18,2025-07-11,VISp_5,5,VISp,266,10.63,0,Slc32a1-IRES-Cre/wt;Oi1(TIT2L-jGCaMP8s-WPRE-ICL-IRES-tTA2)/wt,multiplane-ophys_790322_2025-07-11_14-33-34_processed_2026-08-19_00-48-10,True
790322,multiplane-ophys_790322_2025-07-11_14-33-34,OPHYS_6_images_B,OPHYS_6,B,18,2025-07-11,VISp_6,6,VISp,32,10.63,0,Slc32a1-IRES-Cre/wt;Oi1(TIT2L-jGCaMP8s-WPRE-ICL-IRES-tTA2)/wt,multiplane-ophys_790322_2025-07-11_14-33-34_processed_2026-08-19_00-48-10,True
790322,multiplane-ophys_790322_2025-07-11_14-33-34,OPHYS_6_images_B,OPHYS_6,B,18,2025-07-11,VISp_7,7,VISp,320,10.63,0,Slc32a1-IRES-Cre/wt;Oi1(TIT2L-jGCaMP8s-WPRE-ICL-IRES-tTA2)/wt,multiplane-ophys_790322_2025-07-11_14-33-34_processed_2026-08-19_00-48-10,True
790322,multiplane-ophys_790322_2025-07-12_10-41-51,STAGE_0,STAGE_0,,19,2025-07-12,VISp_0,0,VISp,158,10.63,0,Slc32a1-IRES-Cre/wt;Oi1(TIT2L-jGCaMP8s-WPRE-ICL-IRES-tTA2)/wt,multiplane-ophys_790322_2025-07-12_10-41-51_processed_2026-08-19_00-48-21,True
790322,multiplane-ophys_790322_2025-07-12_10-41-51,STAGE_0,STAGE_0,,19,2025-07-12,VISp_1,1,VISp,208,10.63,0,Slc32a1-IRES-Cre/wt;Oi1(TIT2L-jGCaMP8s-WPRE-ICL-IRES-tTA2)/wt,multiplane-ophys_790322_2025-07-12_10-41-51_processed_2026-08-19_00-48-21,True
790322,multiplane-ophys_790322_2025-07-12_10-41-51,STAGE_0,STAGE_0,,19,2025-07-12,VISp_2,2,VISp,120,10.63,0,Slc32a1-IRES-Cre/wt;Oi1(TIT2L-jGCaMP8s-WPRE-ICL-IRES-tTA2)/wt,multiplane-ophys_790322_2025-07-12_10-41-51_processed_2026-08-19_00-48-21,True
790322,multiplane-ophys_790322_2025-07-12_10-41-51,STAGE_0,STAGE_0,,19,2025-07-12,VISp_3,3,VISp,250,10.63,0,Slc32a1-IRES-Cre/wt;Oi1(TIT2L-jGCaMP8s-WPRE-ICL-IRES-tTA2)/wt,multiplane-ophys_790322_2025-07-12_10-41-51_processed_2026-08-19_00-48-21,True
790322,multiplane-ophys_790322_2025-07-12_10-41-51,STAGE_0,STAGE_0,,19,2025-07-12,VISp_4,4,VISp,84,10.63,0,Slc32a1-IRES-Cre/wt;Oi1(TIT2L-jGCaMP8s-WPRE-ICL-IRES-tTA2)/wt,multiplane-ophys_790322_2025-07-12_10-41-51_processed_2026-08-19_00-48-21,True
790322,multiplane-ophys_790322_2025-07-12_10-41-51,STAGE_0,STAGE_0,,19,2025-07-12,VISp_5,5,VISp,276,10.63,0,Slc32a1-IRES-Cre/wt;Oi1(TIT2L-jGCaMP8s-WPRE-ICL-IRES-tTA2)/wt,multiplane-ophys_790322_2025-07-12_10-41-51_processed_2026-08-19_00-48-21,True
790322,multiplane-ophys_790322_2025-07-12_10-41-51,STAGE_0,STAGE_0,,19,2025-07-12,VISp_6,6,VISp,36,10.63,0,Slc32a1-IRES-Cre/wt;Oi1(TIT2L-jGCaMP8s-WPRE-ICL-IRES-tTA2)/wt,multiplane-ophys_790322_2025-07-12_10-41-51_processed_2026-08-19_00-48-21,True
790322,multiplane-ophys_790322_2025-07-12_10-41-51,STAGE_0,STAGE_0,,19,2025-07-12,VISp_7,7,VISp,330,10.63,0,Slc32a1-IRES-Cre/wt;Oi1(TIT2L-jGCaMP8s-WPRE-ICL-IRES-tTA2)/wt,multiplane-ophys_790322_2025-07-12_10-41-51_processed_2026-08-19_00-48-21,True
790322,multiplane-ophys_790322_2025-08-02_12-29-52,STAGE_1,STAGE_1,,20,2025-08-02,VISp_0,0,VISp,166,10.63,0,Slc32a1-IRES-Cre/wt;Oi1(TIT2L-jGCaMP8s-WPRE-ICL-IRES-tTA2)/wt,multiplane-ophys_790322_2025-08-02_12-29-52_processed_2026-08-19_00-48-32,True
790322,multiplane-ophys_790322_2025-08-02_12-29-52,STAGE_1,STAGE_1,,20,2025-08-02,VISp_1,1,VISp,220,10.63,0,Slc32a1-IRES-Cre/wt;Oi1(TIT2L-jGCaMP8s-WPRE-ICL-IRES-tTA2)/wt,multiplane-ophys_790322_2025-08-02_12-29-52_processed_2026-08-19_00-48-32,True
790322,multiplane-ophys_790322_2025-08-02_12-29-52,STAGE_1,STAGE_1,,20,2025-08-02,VISp_2,2,VISp,128,10.63,0,Slc32a1-IRES-Cre/wt;Oi1(TIT2L-jGCaMP8s-WPRE-ICL-IRES-tTA2)/wt,multiplane-ophys_790322_2025-08-02_12-29-52_processed_2026-08-19_00-48-32,True
790322,multiplane-ophys_790322_2025-08-02_12-29-52,STAGE_1,STAGE_1,,20,2025-08-02,VISp_3,3,VISp,263,10.63,0,Slc32a1-IRES-Cre/wt;Oi1(TIT2L-jGCaMP8s-WPRE-ICL-IRES-tTA2)/wt,multiplane-ophys_790322_2025-08-02_12-29-52_processed_2026-08-19_00-48-32,True
790322,multiplane-ophys_790322_2025-08-02_12-29-52,STAGE_1,STAGE_1,,20,2025-08-02,VISp_4,4,VISp,88,10.63,0,Slc32a1-IRES-Cre/wt;Oi1(TIT2L-jGCaMP8s-WPRE-ICL-IRES-tTA2)/wt,multiplane-ophys_790322_2025-08-02_12-29-52_processed_2026-08-19_00-48-32,True
790322,multiplane-ophys_790322_2025-08-02_12-29-52,STAGE_1,STAGE_1,,20,2025-08-02,VISp_5,5,VISp,290,10.63,0,Slc32a1-IRES-Cre/wt;Oi1(TIT2L-jGCaMP8s-WPRE-ICL-IRES-tTA2)/wt,multiplane-ophys_790322_2025-08-02_12-29-52_processed_2026-08-19_00-48-32,True
790322,multiplane-ophys_790322_2025-08-02_12-29-52,STAGE_1,STAGE_1,,20,2025-08-02,VISp_6,6,VISp,36,10.63,0,Slc32a1-IRES-Cre/wt;Oi1(TIT2L-jGCaMP8s-WPRE-ICL-IRES-tTA2)/wt,multiplane-ophys_790322_2025-08-02_12-29-52_processed_2026-08-19_00-48-32,True
790322,multiplane-ophys_790322_2025-08-02_12-29-52,STAGE_1,STAGE_1,,20,2025-08-02,VISp_7,7,VISp,345,10.63,0,Slc32a1-IRES-Cre/wt;Oi1(TIT2L-jGCaMP8s-WPRE-ICL-IRES-tTA2)/wt,multiplane-ophys_790322_2025-08-02_12-29-52_processed_2026-08-19_00-48-32,True
790322,multiplane-ophys_790322_2025-08-05_08-54-42,STAGE_1,STAGE_1,,21,2025-08-05,VISp_0,0,VISp,167,10.63,0,Slc32a1-IRES-Cre/wt;Oi1(TIT2L-jGCaMP8s-WPRE-ICL-IRES-tTA2)/wt,multiplane-ophys_790322_2025-08-05_08-54-42_processed_2026-08-19_00-49-05,True
790322,multiplane-ophys_790322_2025-08-05_08-54-42,STAGE_1,STAGE_1,,21,2025-08-05,VISp_1,1,VISp,219,10.63,0,Slc32a1-IRES-Cre/wt;Oi1(TIT2L-jGCaMP8s-WPRE-ICL-IRES-tTA2)/wt,multiplane-ophys_790322_2025-08-05_08-54-42_processed_2026-08-19_00-49-05,True
790322,multiplane-ophys_790322_2025-08-05_08-54-42,STAGE_1,STAGE_1,,21,2025-08-05,VISp_2,2,VISp,124,10.63,0,Slc32a1-IRES-Cre/wt;Oi1(TIT2L-jGCaMP8s-WPRE-ICL-IRES-tTA2)/wt,multiplane-ophys_790322_2025-08-05_08-54-42_processed_2026-08-19_00-49-05,True
790322,multiplane-ophys_790322_2025-08-05_08-54-42,STAGE_1,STAGE_1,,21,2025-08-05,VISp_3,3,VISp,260,10.63,0,Slc32a1-IRES-Cre/wt;Oi1(TIT2L-jGCaMP8s-WPRE-ICL-IRES-tTA2)/wt,multiplane-ophys_790322_2025-08-05_08-54-42_processed_2026-08-19_00-49-05,True
790322,multiplane-ophys_790322_2025-08-05_08-54-42,STAGE_1,STAGE_1,,21,2025-08-05,VISp_4,4,VISp,76,10.63,0,Slc32a1-IRES-Cre/wt;Oi1(TIT2L-jGCaMP8s-WPRE-ICL-IRES-tTA2)/wt,multiplane-ophys_790322_2025-08-05_08-54-42_processed_2026-08-19_00-49-05,True
790322,multiplane-ophys_790322_2025-08-05_08-54-42,STAGE_1,STAGE_1,,21,2025-08-05,VISp_5,5,VISp,288,10.63,0,Slc32a1-IRES-Cre/wt;Oi1(TIT2L-jGCaMP8s-WPRE-ICL-IRES-tTA2)/wt,multiplane-ophys_790322_2025-08-05_08-54-42_processed_2026-08-19_00-49-05,True
790322,multiplane-ophys_790322_2025-08-05_08-54-42,STAGE_1,STAGE_1,,21,2025-08-05,VISp_6,6,VISp,28,10.63,0,Slc32a1-IRES-Cre/wt;Oi1(TIT2L-jGCaMP8s-WPRE-ICL-IRES-tTA2)/wt,multiplane-ophys_790322_2025-08-05_08-54-42_processed_2026-08-19_00-49-05,True
790322,multiplane-ophys_790322_2025-08-05_08-54-42,STAGE_1,STAGE_1,,21,2025-08-05,VISp_7,7,VISp,348,10.63,0,Slc32a1-IRES-Cre/wt;Oi1(TIT2L-jGCaMP8s-WPRE-ICL-IRES-tTA2)/wt,multiplane-ophys_790322_2025-08-05_08-54-42_processed_2026-08-19_00-49-05,True
790322,multiplane-ophys_790322_2025-08-06_09-43-14,STAGE_1,STAGE_1,,22,2025-08-06,VISp_0,0,VISp,170,10.63,0,Slc32a1-IRES-Cre/wt;Oi1(TIT2L-jGCaMP8s-WPRE-ICL-IRES-tTA2)/wt,multiplane-ophys_790322_2025-08-06_09-43-14_processed_2026-08-19_00-49-02,True
790322,multiplane-ophys_790322_2025-08-06_09-43-14,STAGE_1,STAGE_1,,22,2025-08-06,VISp_1,1,VISp,210,10.63,0,Slc32a1-IRES-Cre/wt;Oi1(TIT2L-jGCaMP8s-WPRE-ICL-IRES-tTA2)/wt,multiplane-ophys_790322_2025-08-06_09-43-14_processed_2026-08-19_00-49-02,True
790322,multiplane-ophys_790322_2025-08-06_09-43-14,STAGE_1,STAGE_1,,22,2025-08-06,VISp_2,2,VISp,130,10.63,0,Slc32a1-IRES-Cre/wt;Oi1(TIT2L-jGCaMP8s-WPRE-ICL-IRES-tTA2)/wt,multiplane-ophys_790322_2025-08-06_09-43-14_processed_2026-08-19_00-49-02,True
790322,multiplane-ophys_790322_2025-08-06_09-43-14,STAGE_1,STAGE_1,,22,2025-08-06,VISp_3,3,VISp,256,10.63,0,Slc32a1-IRES-Cre/wt;Oi1(TIT2L-jGCaMP8s-WPRE-ICL-IRES-tTA2)/wt,multiplane-ophys_790322_2025-08-06_09-43-14_processed_2026-08-19_00-49-02,True
790322,multiplane-ophys_790322_2025-08-06_09-43-14,STAGE_1,STAGE_1,,22,2025-08-06,VISp_4,4,VISp,80,10.63,0,Slc32a1-IRES-Cre/wt;Oi1(TIT2L-jGCaMP8s-WPRE-ICL-IRES-tTA2)/wt,multiplane-ophys_790322_2025-08-06_09-43-14_processed_2026-08-19_00-49-02,True
790322,multiplane-ophys_790322_2025-08-06_09-43-14,STAGE_1,STAGE_1,,22,2025-08-06,VISp_5,5,VISp,288,10.63,0,Slc32a1-IRES-Cre/wt;Oi1(TIT2L-jGCaMP8s-WPRE-ICL-IRES-tTA2)/wt,multiplane-ophys_790322_2025-08-06_09-43-14_processed_2026-08-19_00-49-02,True
790322,multiplane-ophys_790322_2025-08-06_09-43-14,STAGE_1,STAGE_1,,22,2025-08-06,VISp_6,6,VISp,26,10.63,0,Slc32a1-IRES-Cre/wt;Oi1(TIT2L-jGCaMP8s-WPRE-ICL-IRES-tTA2)/wt,multiplane-ophys_790322_2025-08-06_09-43-14_processed_2026-08-19_00-49-02,True
790322,multiplane-ophys_790322_2025-08-06_09-43-14,STAGE_1,STAGE_1,,22,2025-08-06,VISp_7,7,VISp,344,10.63,0,Slc32a1-IRES-Cre/wt;Oi1(TIT2L-jGCaMP8s-WPRE-ICL-IRES-tTA2)/wt,multiplane-ophys_790322_2025-08-06_09-43-14_processed_2026-08-19_00-49-02,True
790322,multiplane-ophys_790322_2025-08-13_10-27-05,TRAINING_0_gratings_autorewards_15min,TRAINING_0,,23,2025-08-13,VISp_0,0,VISp,160,9.48,0,Slc32a1-IRES-Cre/wt;Oi1(TIT2L-jGCaMP8s-WPRE-ICL-IRES-tTA2)/wt,multiplane-ophys_790322_2025-08-13_10-27-05_processed_2026-08-19_00-48-02,True
790322,multiplane-ophys_790322_2025-08-13_10-27-05,TRAINING_0_gratings_autorewards_15min,TRAINING_0,,23,2025-08-13,VISp_1,1,VISp,200,9.48,0,Slc32a1-IRES-Cre/wt;Oi1(TIT2L-jGCaMP8s-WPRE-ICL-IRES-tTA2)/wt,multiplane-ophys_790322_2025-08-13_10-27-05_processed_2026-08-19_00-48-02,True
790322,multiplane-ophys_790322_2025-08-13_10-27-05,TRAINING_0_gratings_autorewards_15min,TRAINING_0,,23,2025-08-13,VISp_2,2,VISp,120,9.48,0,Slc32a1-IRES-Cre/wt;Oi1(TIT2L-jGCaMP8s-WPRE-ICL-IRES-tTA2)/wt,multiplane-ophys_790322_2025-08-13_10-27-05_processed_2026-08-19_00-48-02,True
790322,multiplane-ophys_790322_2025-08-13_10-27-05,TRAINING_0_gratings_autorewards_15min,TRAINING_0,,23,2025-08-13,VISp_3,3,VISp,240,9.48,0,Slc32a1-IRES-Cre/wt;Oi1(TIT2L-jGCaMP8s-WPRE-ICL-IRES-tTA2)/wt,multiplane-ophys_790322_2025-08-13_10-27-05_processed_2026-08-19_00-48-02,True
790322,multiplane-ophys_790322_2025-08-13_10-27-05,TRAINING_0_gratings_autorewards_15min,TRAINING_0,,23,2025-08-13,VISp_4,4,VISp,80,9.48,0,Slc32a1-IRES-Cre/wt;Oi1(TIT2L-jGCaMP8s-WPRE-ICL-IRES-tTA2)/wt,multiplane-ophys_790322_2025-08-13_10-27-05_processed_2026-08-19_00-48-02,True
790322,multiplane-ophys_790322_2025-08-13_10-27-05,TRAINING_0_gratings_autorewards_15min,TRAINING_0,,23,2025-08-13,VISp_5,5,VISp,280,9.48,0,Slc32a1-IRES-Cre/wt;Oi1(TIT2L-jGCaMP8s-WPRE-ICL-IRES-tTA2)/wt,multiplane-ophys_790322_2025-08-13_10-27-05_processed_2026-08-19_00-48-02,True
790322,multiplane-ophys_790322_2025-08-13_10-27-05,TRAINING_0_gratings_autorewards_15min,TRAINING_0,,23,2025-08-13,VISp_6,6,VISp,40,9.48,0,Slc32a1-IRES-Cre/wt;Oi1(TIT2L-jGCaMP8s-WPRE-ICL-IRES-tTA2)/wt,multiplane-ophys_790322_2025-08-13_10-27-05_processed_2026-08-19_00-48-02,True
790322,multiplane-ophys_790322_2025-08-13_10-27-05,TRAINING_0_gratings_autorewards_15min,TRAINING_0,,23,2025-08-13,VISp_7,7,VISp,320,9.48,0,Slc32a1-IRES-Cre/wt;Oi1(TIT2L-jGCaMP8s-WPRE-ICL-IRES-tTA2)/wt,multiplane-ophys_790322_2025-08-13_10-27-05_processed_2026-08-19_00-48-02,True
790322,multiplane-ophys_790322_2025-08-21_09-55-07,STAGE_1,STAGE_1,,24,2025-08-21,VISp_0,0,VISp,167,10.63,0,Slc32a1-IRES-Cre/wt;Oi1(TIT2L-jGCaMP8s-WPRE-ICL-IRES-tTA2)/wt,multiplane-ophys_790322_2025-08-21_09-55-07_processed_2026-08-19_00-48-39,True
790322,multiplane-ophys_790322_2025-08-21_09-55-07,STAGE_1,STAGE_1,,24,2025-08-21,VISp_1,1,VISp,223,10.63,0,Slc32a1-IRES-Cre/wt;Oi1(TIT2L-jGCaMP8s-WPRE-ICL-IRES-tTA2)/wt,multiplane-ophys_790322_2025-08-21_09-55-07_processed_2026-08-19_00-48-39,True
790322,multiplane-ophys_790322_2025-08-21_09-55-07,STAGE_1,STAGE_1,,24,2025-08-21,VISp_2,2,VISp,127,10.63,0,Slc32a1-IRES-Cre/wt;Oi1(TIT2L-jGCaMP8s-WPRE-ICL-IRES-tTA2)/wt,multiplane-ophys_790322_2025-08-21_09-55-07_processed_2026-08-19_00-48-39,True
790322,multiplane-ophys_790322_2025-08-21_09-55-07,STAGE_1,STAGE_1,,24,2025-08-21,VISp_3,3,VISp,265,10.63,0,Slc32a1-IRES-Cre/wt;Oi1(TIT2L-jGCaMP8s-WPRE-ICL-IRES-tTA2)/wt,multiplane-ophys_790322_2025-08-21_09-55-07_processed_2026-08-19_00-48-39,True
790322,multiplane-ophys_790322_2025-08-21_09-55-07,STAGE_1,STAGE_1,,24,2025-08-21,VISp_4,4,VISp,86,10.63,0,Slc32a1-IRES-Cre/wt;Oi1(TIT2L-jGCaMP8s-WPRE-ICL-IRES-tTA2)/wt,multiplane-ophys_790322_2025-08-21_09-55-07_processed_2026-08-19_00-48-39,True
790322,multiplane-ophys_790322_2025-08-21_09-55-07,STAGE_1,STAGE_1,,24,2025-08-21,VISp_5,5,VISp,292,10.63,0,Slc32a1-IRES-Cre/wt;Oi1(TIT2L-jGCaMP8s-WPRE-ICL-IRES-tTA2)/wt,multiplane-ophys_790322_2025-08-21_09-55-07_processed_2026-08-19_00-48-39,True
790322,multiplane-ophys_790322_2025-08-21_09-55-07,STAGE_1,STAGE_1,,24,2025-08-21,VISp_6,6,VISp,34,10.63,0,Slc32a1-IRES-Cre/wt;Oi1(TIT2L-jGCaMP8s-WPRE-ICL-IRES-tTA2)/wt,multiplane-ophys_790322_2025-08-21_09-55-07_processed_2026-08-19_00-48-39,True
790322,multiplane-ophys_790322_2025-08-21_09-55-07,STAGE_1,STAGE_1,,24,2025-08-21,VISp_7,7,VISp,347,10.63,0,Slc32a1-IRES-Cre/wt;Oi1(TIT2L-jGCaMP8s-WPRE-ICL-IRES-tTA2)/wt,multiplane-ophys_790322_2025-08-21_09-55-07_processed_2026-08-19_00-48-39,True
800792,multiplane-ophys_800792_2025-07-22_12-20-40,TRAINING_0_gratings_autorewards_15min,TRAINING_0,,1,2025-07-22,VISp_0,0,VISp,160,10.63,0,Slc32a1-IRES-Cre/wt;Oi1(TIT2L-jGCaMP8s-WPRE-ICL-IRES-tTA2)/wt,multiplane-ophys_800792_2025-07-22_12-20-40_processed_2026-08-19_00-48-53,True
800792,multiplane-ophys_800792_2025-07-22_12-20-40,TRAINING_0_gratings_autorewards_15min,TRAINING_0,,1,2025-07-22,VISp_1,1,VISp,200,10.63,0,Slc32a1-IRES-Cre/wt;Oi1(TIT2L-jGCaMP8s-WPRE-ICL-IRES-tTA2)/wt,multiplane-ophys_800792_2025-07-22_12-20-40_processed_2026-08-19_00-48-53,True
800792,multiplane-ophys_800792_2025-07-22_12-20-40,TRAINING_0_gratings_autorewards_15min,TRAINING_0,,1,2025-07-22,VISp_2,2,VISp,116,10.63,0,Slc32a1-IRES-Cre/wt;Oi1(TIT2L-jGCaMP8s-WPRE-ICL-IRES-tTA2)/wt,multiplane-ophys_800792_2025-07-22_12-20-40_processed_2026-08-19_00-48-53,True
800792,multiplane-ophys_800792_2025-07-22_12-20-40,TRAINING_0_gratings_autorewards_15min,TRAINING_0,,1,2025-07-22,VISp_3,3,VISp,248,10.63,0,Slc32a1-IRES-Cre/wt;Oi1(TIT2L-jGCaMP8s-WPRE-ICL-IRES-tTA2)/wt,multiplane-ophys_800792_2025-07-22_12-20-40_processed_2026-08-19_00-48-53,True
800792,multiplane-ophys_800792_2025-07-22_12-20-40,TRAINING_0_gratings_autorewards_15min,TRAINING_0,,1,2025-07-22,VISp_4,4,VISp,86,10.63,0,Slc32a1-IRES-Cre/wt;Oi1(TIT2L-jGCaMP8s-WPRE-ICL-IRES-tTA2)/wt,multiplane-ophys_800792_2025-07-22_12-20-40_processed_2026-08-19_00-48-53,True
800792,multiplane-ophys_800792_2025-07-22_12-20-40,TRAINING_0_gratings_autorewards_15min,TRAINING_0,,1,2025-07-22,VISp_5,5,VISp,280,10.63,0,Slc32a1-IRES-Cre/wt;Oi1(TIT2L-jGCaMP8s-WPRE-ICL-IRES-tTA2)/wt,multiplane-ophys_800792_2025-07-22_12-20-40_processed_2026-08-19_00-48-53,True
800792,multiplane-ophys_800792_2025-07-22_12-20-40,TRAINING_0_gratings_autorewards_15min,TRAINING_0,,1,2025-07-22,VISp_6,6,VISp,34,10.63,0,Slc32a1-IRES-Cre/wt;Oi1(TIT2L-jGCaMP8s-WPRE-ICL-IRES-tTA2)/wt,multiplane-ophys_800792_2025-07-22_12-20-40_processed_2026-08-19_00-48-53,True
800792,multiplane-ophys_800792_2025-07-22_12-20-40,TRAINING_0_gratings_autorewards_15min,TRAINING_0,,1,2025-07-22,VISp_7,7,VISp,314,10.63,0,Slc32a1-IRES-Cre/wt;Oi1(TIT2L-jGCaMP8s-WPRE-ICL-IRES-tTA2)/wt,multiplane-ophys_800792_2025-07-22_12-20-40_processed_2026-08-19_00-48-53,True
800792,multiplane-ophys_800792_2025-07-23_14-42-38,TRAINING_1_gratings,TRAINING_1,,2,2025-07-23,VISp_0,0,VISp,172,10.63,0,Slc32a1-IRES-Cre/wt;Oi1(TIT2L-jGCaMP8s-WPRE-ICL-IRES-tTA2)/wt,multiplane-ophys_800792_2025-07-23_14-42-38_processed_2026-08-19_00-50-59,True
800792,multiplane-ophys_800792_2025-07-23_14-42-38,TRAINING_1_gratings,TRAINING_1,,2,2025-07-23,VISp_1,1,VISp,206,10.63,0,Slc32a1-IRES-Cre/wt;Oi1(TIT2L-jGCaMP8s-WPRE-ICL-IRES-tTA2)/wt,multiplane-ophys_800792_2025-07-23_14-42-38_processed_2026-08-19_00-50-59,True
800792,multiplane-ophys_800792_2025-07-23_14-42-38,TRAINING_1_gratings,TRAINING_1,,2,2025-07-23,VISp_2,2,VISp,116,10.63,0,Slc32a1-IRES-Cre/wt;Oi1(TIT2L-jGCaMP8s-WPRE-ICL-IRES-tTA2)/wt,multiplane-ophys_800792_2025-07-23_14-42-38_processed_2026-08-19_00-50-59,True
800792,multiplane-ophys_800792_2025-07-23_14-42-38,TRAINING_1_gratings,TRAINING_1,,2,2025-07-23,VISp_3,3,VISp,252,10.63,0,Slc32a1-IRES-Cre/wt;Oi1(TIT2L-jGCaMP8s-WPRE-ICL-IRES-tTA2)/wt,multiplane-ophys_800792_2025-07-23_14-42-38_processed_2026-08-19_00-50-59,True
800792,multiplane-ophys_800792_2025-07-23_14-42-38,TRAINING_1_gratings,TRAINING_1,,2,2025-07-23,VISp_4,4,VISp,90,10.63,0,Slc32a1-IRES-Cre/wt;Oi1(TIT2L-jGCaMP8s-WPRE-ICL-IRES-tTA2)/wt,multiplane-ophys_800792_2025-07-23_14-42-38_processed_2026-08-19_00-50-59,True
800792,multiplane-ophys_800792_2025-07-23_14-42-38,TRAINING_1_gratings,TRAINING_1,,2,2025-07-23,VISp_5,5,VISp,280,10.63,0,Slc32a1-IRES-Cre/wt;Oi1(TIT2L-jGCaMP8s-WPRE-ICL-IRES-tTA2)/wt,multiplane-ophys_800792_2025-07-23_14-42-38_processed_2026-08-19_00-50-59,True
800792,multiplane-ophys_800792_2025-07-23_14-42-38,TRAINING_1_gratings,TRAINING_1,,2,2025-07-23,VISp_6,6,VISp,38,10.63,0,Slc32a1-IRES-Cre/wt;Oi1(TIT2L-jGCaMP8s-WPRE-ICL-IRES-tTA2)/wt,multiplane-ophys_800792_2025-07-23_14-42-38_processed_2026-08-19_00-50-59,True
800792,multiplane-ophys_800792_2025-07-23_14-42-38,TRAINING_1_gratings,TRAINING_1,,2,2025-07-23,VISp_7,7,VISp,318,10.63,0,Slc32a1-IRES-Cre/wt;Oi1(TIT2L-jGCaMP8s-WPRE-ICL-IRES-tTA2)/wt,multiplane-ophys_800792_2025-07-23_14-42-38_processed_2026-08-19_00-50-59,True
800792,multiplane-ophys_800792_2025-07-25_13-02-10,TRAINING_1_gratings,TRAINING_1,,3,2025-07-25,VISp_0,0,VISp,162,10.63,0,Slc32a1-IRES-Cre/wt;Oi1(TIT2L-jGCaMP8s-WPRE-ICL-IRES-tTA2)/wt,multiplane-ophys_800792_2025-07-25_13-02-10_processed_2026-08-19_00-50-48,True
800792,multiplane-ophys_800792_2025-07-25_13-02-10,TRAINING_1_gratings,TRAINING_1,,3,2025-07-25,VISp_1,1,VISp,194,10.63,0,Slc32a1-IRES-Cre/wt;Oi1(TIT2L-jGCaMP8s-WPRE-ICL-IRES-tTA2)/wt,multiplane-ophys_800792_2025-07-25_13-02-10_processed_2026-08-19_00-50-48,True
800792,multiplane-ophys_800792_2025-07-25_13-02-10,TRAINING_1_gratings,TRAINING_1,,3,2025-07-25,VISp_2,2,VISp,120,10.63,0,Slc32a1-IRES-Cre/wt;Oi1(TIT2L-jGCaMP8s-WPRE-ICL-IRES-tTA2)/wt,multiplane-ophys_800792_2025-07-25_13-02-10_processed_2026-08-19_00-50-48,True
800792,multiplane-ophys_800792_2025-07-25_13-02-10,TRAINING_1_gratings,TRAINING_1,,3,2025-07-25,VISp_3,3,VISp,244,10.63,0,Slc32a1-IRES-Cre/wt;Oi1(TIT2L-jGCaMP8s-WPRE-ICL-IRES-tTA2)/wt,multiplane-ophys_800792_2025-07-25_13-02-10_processed_2026-08-19_00-50-48,True
800792,multiplane-ophys_800792_2025-07-25_13-02-10,TRAINING_1_gratings,TRAINING_1,,3,2025-07-25,VISp_4,4,VISp,90,10.63,0,Slc32a1-IRES-Cre/wt;Oi1(TIT2L-jGCaMP8s-WPRE-ICL-IRES-tTA2)/wt,multiplane-ophys_800792_2025-07-25_13-02-10_processed_2026-08-19_00-50-48,True
800792,multiplane-ophys_800792_2025-07-25_13-02-10,TRAINING_1_gratings,TRAINING_1,,3,2025-07-25,VISp_5,5,VISp,276,10.63,0,Slc32a1-IRES-Cre/wt;Oi1(TIT2L-jGCaMP8s-WPRE-ICL-IRES-tTA2)/wt,multiplane-ophys_800792_2025-07-25_13-02-10_processed_2026-08-19_00-50-48,True
800792,multiplane-ophys_800792_2025-07-25_13-02-10,TRAINING_1_gratings,TRAINING_1,,3,2025-07-25,VISp_6,6,VISp,38,10.63,0,Slc32a1-IRES-Cre/wt;Oi1(TIT2L-jGCaMP8s-WPRE-ICL-IRES-tTA2)/wt,multiplane-ophys_800792_2025-07-25_13-02-10_processed_2026-08-19_00-50-48,True
800792,multiplane-ophys_800792_2025-07-25_13-02-10,TRAINING_1_gratings,TRAINING_1,,3,2025-07-25,VISp_7,7,VISp,302,10.63,0,Slc32a1-IRES-Cre/wt;Oi1(TIT2L-jGCaMP8s-WPRE-ICL-IRES-tTA2)/wt,multiplane-ophys_800792_2025-07-25_13-02-10_processed_2026-08-19_00-50-48,True
800792,multiplane-ophys_800792_2025-07-28_14-16-53,TRAINING_1_gratings,TRAINING_1,,4,2025-07-28,VISp_0,0,VISp,160,10.63,0,Slc32a1-IRES-Cre/wt;Oi1(TIT2L-jGCaMP8s-WPRE-ICL-IRES-tTA2)/wt,multiplane-ophys_800792_2025-07-28_14-16-53_processed_2026-08-19_00-50-56,True
800792,multiplane-ophys_800792_2025-07-28_14-16-53,TRAINING_1_gratings,TRAINING_1,,4,2025-07-28,VISp_1,1,VISp,200,10.63,0,Slc32a1-IRES-Cre/wt;Oi1(TIT2L-jGCaMP8s-WPRE-ICL-IRES-tTA2)/wt,multiplane-ophys_800792_2025-07-28_14-16-53_processed_2026-08-19_00-50-56,True
800792,multiplane-ophys_800792_2025-07-28_14-16-53,TRAINING_1_gratings,TRAINING_1,,4,2025-07-28,VISp_2,2,VISp,112,10.63,0,Slc32a1-IRES-Cre/wt;Oi1(TIT2L-jGCaMP8s-WPRE-ICL-IRES-tTA2)/wt,multiplane-ophys_800792_2025-07-28_14-16-53_processed_2026-08-19_00-50-56,True
800792,multiplane-ophys_800792_2025-07-28_14-16-53,TRAINING_1_gratings,TRAINING_1,,4,2025-07-28,VISp_3,3,VISp,248,10.63,0,Slc32a1-IRES-Cre/wt;Oi1(TIT2L-jGCaMP8s-WPRE-ICL-IRES-tTA2)/wt,multiplane-ophys_800792_2025-07-28_14-16-53_processed_2026-08-19_00-50-56,True
800792,multiplane-ophys_800792_2025-07-28_14-16-53,TRAINING_1_gratings,TRAINING_1,,4,2025-07-28,VISp_4,4,VISp,86,10.63,0,Slc32a1-IRES-Cre/wt;Oi1(TIT2L-jGCaMP8s-WPRE-ICL-IRES-tTA2)/wt,multiplane-ophys_800792_2025-07-28_14-16-53_processed_2026-08-19_00-50-56,True
800792,multiplane-ophys_800792_2025-07-28_14-16-53,TRAINING_1_gratings,TRAINING_1,,4,2025-07-28,VISp_5,5,VISp,278,10.63,0,Slc32a1-IRES-Cre/wt;Oi1(TIT2L-jGCaMP8s-WPRE-ICL-IRES-tTA2)/wt,multiplane-ophys_800792_2025-07-28_14-16-53_processed_2026-08-19_00-50-56,True
800792,multiplane-ophys_800792_2025-07-28_14-16-53,TRAINING_1_gratings,TRAINING_1,,4,2025-07-28,VISp_6,6,VISp,30,10.63,0,Slc32a1-IRES-Cre/wt;Oi1(TIT2L-jGCaMP8s-WPRE-ICL-IRES-tTA2)/wt,multiplane-ophys_800792_2025-07-28_14-16-53_processed_2026-08-19_00-50-56,True
800792,multiplane-ophys_800792_2025-07-28_14-16-53,TRAINING_1_gratings,TRAINING_1,,4,2025-07-28,VISp_7,7,VISp,306,10.63,0,Slc32a1-IRES-Cre/wt;Oi1(TIT2L-jGCaMP8s-WPRE-ICL-IRES-tTA2)/wt,multiplane-ophys_800792_2025-07-28_14-16-53_processed_2026-08-19_00-50-56,True
800792,multiplane-ophys_800792_2025-07-29_12-31-47,TRAINING_1_gratings,TRAINING_1,,5,2025-07-29,VISp_0,0,VISp,162,10.63,0,Slc32a1-IRES-Cre/wt;Oi1(TIT2L-jGCaMP8s-WPRE-ICL-IRES-tTA2)/wt,multiplane-ophys_800792_2025-07-29_12-31-47_processed_2026-08-19_00-51-10,True
800792,multiplane-ophys_800792_2025-07-29_12-31-47,TRAINING_1_gratings,TRAINING_1,,5,2025-07-29,VISp_1,1,VISp,202,10.63,0,Slc32a1-IRES-Cre/wt;Oi1(TIT2L-jGCaMP8s-WPRE-ICL-IRES-tTA2)/wt,multiplane-ophys_800792_2025-07-29_12-31-47_processed_2026-08-19_00-51-10,True
800792,multiplane-ophys_800792_2025-07-29_12-31-47,TRAINING_1_gratings,TRAINING_1,,5,2025-07-29,VISp_2,2,VISp,118,10.63,0,Slc32a1-IRES-Cre/wt;Oi1(TIT2L-jGCaMP8s-WPRE-ICL-IRES-tTA2)/wt,multiplane-ophys_800792_2025-07-29_12-31-47_processed_2026-08-19_00-51-10,True
800792,multiplane-ophys_800792_2025-07-29_12-31-47,TRAINING_1_gratings,TRAINING_1,,5,2025-07-29,VISp_3,3,VISp,250,10.63,0,Slc32a1-IRES-Cre/wt;Oi1(TIT2L-jGCaMP8s-WPRE-ICL-IRES-tTA2)/wt,multiplane-ophys_800792_2025-07-29_12-31-47_processed_2026-08-19_00-51-10,True
800792,multiplane-ophys_800792_2025-07-29_12-31-47,TRAINING_1_gratings,TRAINING_1,,5,2025-07-29,VISp_4,4,VISp,96,10.63,0,Slc32a1-IRES-Cre/wt;Oi1(TIT2L-jGCaMP8s-WPRE-ICL-IRES-tTA2)/wt,multiplane-ophys_800792_2025-07-29_12-31-47_processed_2026-08-19_00-51-10,True
800792,multiplane-ophys_800792_2025-07-29_12-31-47,TRAINING_1_gratings,TRAINING_1,,5,2025-07-29,VISp_5,5,VISp,276,10.63,0,Slc32a1-IRES-Cre/wt;Oi1(TIT2L-jGCaMP8s-WPRE-ICL-IRES-tTA2)/wt,multiplane-ophys_800792_2025-07-29_12-31-47_processed_2026-08-19_00-51-10,True
800792,multiplane-ophys_800792_2025-07-29_12-31-47,TRAINING_1_gratings,TRAINING_1,,5,2025-07-29,VISp_6,6,VISp,42,10.63,0,Slc32a1-IRES-Cre/wt;Oi1(TIT2L-jGCaMP8s-WPRE-ICL-IRES-tTA2)/wt,multiplane-ophys_800792_2025-07-29_12-31-47_processed_2026-08-19_00-51-10,True
800792,multiplane-ophys_800792_2025-07-29_12-31-47,TRAINING_1_gratings,TRAINING_1,,5,2025-07-29,VISp_7,7,VISp,312,10.63,0,Slc32a1-IRES-Cre/wt;Oi1(TIT2L-jGCaMP8s-WPRE-ICL-IRES-tTA2)/wt,multiplane-ophys_800792_2025-07-29_12-31-47_processed_2026-08-19_00-51-10,True
800792,multiplane-ophys_800792_2025-07-30_13-59-33,TRAINING_2_gratings_flashed,TRAINING_2,,6,2025-07-30,VISp_0,0,VISp,160,10.63,0,Slc32a1-IRES-Cre/wt;Oi1(TIT2L-jGCaMP8s-WPRE-ICL-IRES-tTA2)/wt,multiplane-ophys_800792_2025-07-30_13-59-33_processed_2026-08-19_00-51-07,True
800792,multiplane-ophys_800792_2025-07-30_13-59-33,TRAINING_2_gratings_flashed,TRAINING_2,,6,2025-07-30,VISp_1,1,VISp,200,10.63,0,Slc32a1-IRES-Cre/wt;Oi1(TIT2L-jGCaMP8s-WPRE-ICL-IRES-tTA2)/wt,multiplane-ophys_800792_2025-07-30_13-59-33_processed_2026-08-19_00-51-07,True
800792,multiplane-ophys_800792_2025-07-30_13-59-33,TRAINING_2_gratings_flashed,TRAINING_2,,6,2025-07-30,VISp_2,2,VISp,116,10.63,0,Slc32a1-IRES-Cre/wt;Oi1(TIT2L-jGCaMP8s-WPRE-ICL-IRES-tTA2)/wt,multiplane-ophys_800792_2025-07-30_13-59-33_processed_2026-08-19_00-51-07,True
800792,multiplane-ophys_800792_2025-07-30_13-59-33,TRAINING_2_gratings_flashed,TRAINING_2,,6,2025-07-30,VISp_3,3,VISp,244,10.63,0,Slc32a1-IRES-Cre/wt;Oi1(TIT2L-jGCaMP8s-WPRE-ICL-IRES-tTA2)/wt,multiplane-ophys_800792_2025-07-30_13-59-33_processed_2026-08-19_00-51-07,True
800792,multiplane-ophys_800792_2025-07-30_13-59-33,TRAINING_2_gratings_flashed,TRAINING_2,,6,2025-07-30,VISp_4,4,VISp,84,10.63,0,Slc32a1-IRES-Cre/wt;Oi1(TIT2L-jGCaMP8s-WPRE-ICL-IRES-tTA2)/wt,multiplane-ophys_800792_2025-07-30_13-59-33_processed_2026-08-19_00-51-07,True
800792,multiplane-ophys_800792_2025-07-30_13-59-33,TRAINING_2_gratings_flashed,TRAINING_2,,6,2025-07-30,VISp_5,5,VISp,280,10.63,0,Slc32a1-IRES-Cre/wt;Oi1(TIT2L-jGCaMP8s-WPRE-ICL-IRES-tTA2)/wt,multiplane-ophys_800792_2025-07-30_13-59-33_processed_2026-08-19_00-51-07,True
800792,multiplane-ophys_800792_2025-07-30_13-59-33,TRAINING_2_gratings_flashed,TRAINING_2,,6,2025-07-30,VISp_6,6,VISp,40,10.63,0,Slc32a1-IRES-Cre/wt;Oi1(TIT2L-jGCaMP8s-WPRE-ICL-IRES-tTA2)/wt,multiplane-ophys_800792_2025-07-30_13-59-33_processed_2026-08-19_00-51-07,True
800792,multiplane-ophys_800792_2025-07-30_13-59-33,TRAINING_2_gratings_flashed,TRAINING_2,,6,2025-07-30,VISp_7,7,VISp,308,10.63,0,Slc32a1-IRES-Cre/wt;Oi1(TIT2L-jGCaMP8s-WPRE-ICL-IRES-tTA2)/wt,multiplane-ophys_800792_2025-07-30_13-59-33_processed_2026-08-19_00-51-07,True
800792,multiplane-ophys_800792_2025-07-31_12-37-11,TRAINING_2_gratings_flashed,TRAINING_2,,7,2025-07-31,VISp_0,0,VISp,152,10.63,0,Slc32a1-IRES-Cre/wt;Oi1(TIT2L-jGCaMP8s-WPRE-ICL-IRES-tTA2)/wt,multiplane-ophys_800792_2025-07-31_12-37-11_processed_2026-08-19_00-51-09,True
800792,multiplane-ophys_800792_2025-07-31_12-37-11,TRAINING_2_gratings_flashed,TRAINING_2,,7,2025-07-31,VISp_1,1,VISp,190,10.63,0,Slc32a1-IRES-Cre/wt;Oi1(TIT2L-jGCaMP8s-WPRE-ICL-IRES-tTA2)/wt,multiplane-ophys_800792_2025-07-31_12-37-11_processed_2026-08-19_00-51-09,True
800792,multiplane-ophys_800792_2025-07-31_12-37-11,TRAINING_2_gratings_flashed,TRAINING_2,,7,2025-07-31,VISp_2,2,VISp,112,10.63,0,Slc32a1-IRES-Cre/wt;Oi1(TIT2L-jGCaMP8s-WPRE-ICL-IRES-tTA2)/wt,multiplane-ophys_800792_2025-07-31_12-37-11_processed_2026-08-19_00-51-09,True
800792,multiplane-ophys_800792_2025-07-31_12-37-11,TRAINING_2_gratings_flashed,TRAINING_2,,7,2025-07-31,VISp_3,3,VISp,236,10.63,0,Slc32a1-IRES-Cre/wt;Oi1(TIT2L-jGCaMP8s-WPRE-ICL-IRES-tTA2)/wt,multiplane-ophys_800792_2025-07-31_12-37-11_processed_2026-08-19_00-51-09,True
800792,multiplane-ophys_800792_2025-07-31_12-37-11,TRAINING_2_gratings_flashed,TRAINING_2,,7,2025-07-31,VISp_4,4,VISp,86,10.63,0,Slc32a1-IRES-Cre/wt;Oi1(TIT2L-jGCaMP8s-WPRE-ICL-IRES-tTA2)/wt,multiplane-ophys_800792_2025-07-31_12-37-11_processed_2026-08-19_00-51-09,True
800792,multiplane-ophys_800792_2025-07-31_12-37-11,TRAINING_2_gratings_flashed,TRAINING_2,,7,2025-07-31,VISp_5,5,VISp,272,10.63,0,Slc32a1-IRES-Cre/wt;Oi1(TIT2L-jGCaMP8s-WPRE-ICL-IRES-tTA2)/wt,multiplane-ophys_800792_2025-07-31_12-37-11_processed_2026-08-19_00-51-09,True
800792,multiplane-ophys_800792_2025-07-31_12-37-11,TRAINING_2_gratings_flashed,TRAINING_2,,7,2025-07-31,VISp_6,6,VISp,32,10.63,0,Slc32a1-IRES-Cre/wt;Oi1(TIT2L-jGCaMP8s-WPRE-ICL-IRES-tTA2)/wt,multiplane-ophys_800792_2025-07-31_12-37-11_processed_2026-08-19_00-51-09,True
800792,multiplane-ophys_800792_2025-07-31_12-37-11,TRAINING_2_gratings_flashed,TRAINING_2,,7,2025-07-31,VISp_7,7,VISp,300,10.63,0,Slc32a1-IRES-Cre/wt;Oi1(TIT2L-jGCaMP8s-WPRE-ICL-IRES-tTA2)/wt,multiplane-ophys_800792_2025-07-31_12-37-11_processed_2026-08-19_00-51-09,True
800792,multiplane-ophys_800792_2025-08-04_11-43-33,TRAINING_3_images_A_10uL_reward,TRAINING_3,A,8,2025-08-04,VISp_0,0,VISp,160,10.63,0,Slc32a1-IRES-Cre/wt;Oi1(TIT2L-jGCaMP8s-WPRE-ICL-IRES-tTA2)/wt,multiplane-ophys_800792_2025-08-04_11-43-33_processed_2026-08-19_00-51-15,True
800792,multiplane-ophys_800792_2025-08-04_11-43-33,TRAINING_3_images_A_10uL_reward,TRAINING_3,A,8,2025-08-04,VISp_1,1,VISp,196,10.63,0,Slc32a1-IRES-Cre/wt;Oi1(TIT2L-jGCaMP8s-WPRE-ICL-IRES-tTA2)/wt,multiplane-ophys_800792_2025-08-04_11-43-33_processed_2026-08-19_00-51-15,True
800792,multiplane-ophys_800792_2025-08-04_11-43-33,TRAINING_3_images_A_10uL_reward,TRAINING_3,A,8,2025-08-04,VISp_2,2,VISp,116,10.63,0,Slc32a1-IRES-Cre/wt;Oi1(TIT2L-jGCaMP8s-WPRE-ICL-IRES-tTA2)/wt,multiplane-ophys_800792_2025-08-04_11-43-33_processed_2026-08-19_00-51-15,True
800792,multiplane-ophys_800792_2025-08-04_11-43-33,TRAINING_3_images_A_10uL_reward,TRAINING_3,A,8,2025-08-04,VISp_3,3,VISp,236,10.63,0,Slc32a1-IRES-Cre/wt;Oi1(TIT2L-jGCaMP8s-WPRE-ICL-IRES-tTA2)/wt,multiplane-ophys_800792_2025-08-04_11-43-33_processed_2026-08-19_00-51-15,True
800792,multiplane-ophys_800792_2025-08-04_11-43-33,TRAINING_3_images_A_10uL_reward,TRAINING_3,A,8,2025-08-04,VISp_4,4,VISp,86,10.63,0,Slc32a1-IRES-Cre/wt;Oi1(TIT2L-jGCaMP8s-WPRE-ICL-IRES-tTA2)/wt,multiplane-ophys_800792_2025-08-04_11-43-33_processed_2026-08-19_00-51-15,True
800792,multiplane-ophys_800792_2025-08-04_11-43-33,TRAINING_3_images_A_10uL_reward,TRAINING_3,A,8,2025-08-04,VISp_5,5,VISp,270,10.63,0,Slc32a1-IRES-Cre/wt;Oi1(TIT2L-jGCaMP8s-WPRE-ICL-IRES-tTA2)/wt,multiplane-ophys_800792_2025-08-04_11-43-33_processed_2026-08-19_00-51-15,True
800792,multiplane-ophys_800792_2025-08-04_11-43-33,TRAINING_3_images_A_10uL_reward,TRAINING_3,A,8,2025-08-04,VISp_6,6,VISp,38,10.63,0,Slc32a1-IRES-Cre/wt;Oi1(TIT2L-jGCaMP8s-WPRE-ICL-IRES-tTA2)/wt,multiplane-ophys_800792_2025-08-04_11-43-33_processed_2026-08-19_00-51-15,True
800792,multiplane-ophys_800792_2025-08-04_11-43-33,TRAINING_3_images_A_10uL_reward,TRAINING_3,A,8,2025-08-04,VISp_7,7,VISp,302,10.63,0,Slc32a1-IRES-Cre/wt;Oi1(TIT2L-jGCaMP8s-WPRE-ICL-IRES-tTA2)/wt,multiplane-ophys_800792_2025-08-04_11-43-33_processed_2026-08-19_00-51-15,True
800792,multiplane-ophys_800792_2025-08-05_11-15-02,TRAINING_3_images_A_10uL_reward,TRAINING_3,A,9,2025-08-05,VISp_0,0,VISp,156,10.63,0,Slc32a1-IRES-Cre/wt;Oi1(TIT2L-jGCaMP8s-WPRE-ICL-IRES-tTA2)/wt,multiplane-ophys_800792_2025-08-05_11-15-02_processed_2026-08-19_00-50-49,True
800792,multiplane-ophys_800792_2025-08-05_11-15-02,TRAINING_3_images_A_10uL_reward,TRAINING_3,A,9,2025-08-05,VISp_1,1,VISp,188,10.63,0,Slc32a1-IRES-Cre/wt;Oi1(TIT2L-jGCaMP8s-WPRE-ICL-IRES-tTA2)/wt,multiplane-ophys_800792_2025-08-05_11-15-02_processed_2026-08-19_00-50-49,True
800792,multiplane-ophys_800792_2025-08-05_11-15-02,TRAINING_3_images_A_10uL_reward,TRAINING_3,A,9,2025-08-05,VISp_2,2,VISp,108,10.63,0,Slc32a1-IRES-Cre/wt;Oi1(TIT2L-jGCaMP8s-WPRE-ICL-IRES-tTA2)/wt,multiplane-ophys_800792_2025-08-05_11-15-02_processed_2026-08-19_00-50-49,True
800792,multiplane-ophys_800792_2025-08-05_11-15-02,TRAINING_3_images_A_10uL_reward,TRAINING_3,A,9,2025-08-05,VISp_3,3,VISp,240,10.63,0,Slc32a1-IRES-Cre/wt;Oi1(TIT2L-jGCaMP8s-WPRE-ICL-IRES-tTA2)/wt,multiplane-ophys_800792_2025-08-05_11-15-02_processed_2026-08-19_00-50-49,True
800792,multiplane-ophys_800792_2025-08-05_11-15-02,TRAINING_3_images_A_10uL_reward,TRAINING_3,A,9,2025-08-05,VISp_4,4,VISp,82,10.63,0,Slc32a1-IRES-Cre/wt;Oi1(TIT2L-jGCaMP8s-WPRE-ICL-IRES-tTA2)/wt,multiplane-ophys_800792_2025-08-05_11-15-02_processed_2026-08-19_00-50-49,True
800792,multiplane-ophys_800792_2025-08-05_11-15-02,TRAINING_3_images_A_10uL_reward,TRAINING_3,A,9,2025-08-05,VISp_5,5,VISp,262,10.63,0,Slc32a1-IRES-Cre/wt;Oi1(TIT2L-jGCaMP8s-WPRE-ICL-IRES-tTA2)/wt,multiplane-ophys_800792_2025-08-05_11-15-02_processed_2026-08-19_00-50-49,True
800792,multiplane-ophys_800792_2025-08-05_11-15-02,TRAINING_3_images_A_10uL_reward,TRAINING_3,A,9,2025-08-05,VISp_6,6,VISp,40,10.63,0,Slc32a1-IRES-Cre/wt;Oi1(TIT2L-jGCaMP8s-WPRE-ICL-IRES-tTA2)/wt,multiplane-ophys_800792_2025-08-05_11-15-02_processed_2026-08-19_00-50-49,True
800792,multiplane-ophys_800792_2025-08-05_11-15-02,TRAINING_3_images_A_10uL_reward,TRAINING_3,A,9,2025-08-05,VISp_7,7,VISp,300,10.63,0,Slc32a1-IRES-Cre/wt;Oi1(TIT2L-jGCaMP8s-WPRE-ICL-IRES-tTA2)/wt,multiplane-ophys_800792_2025-08-05_11-15-02_processed_2026-08-19_00-50-49,True
800792,multiplane-ophys_800792_2025-08-07_14-21-47,TRAINING_3_images_A_10uL_reward,TRAINING_3,A,10,2025-08-07,VISp_0,0,VISp,160,10.63,0,Slc32a1-IRES-Cre/wt;Oi1(TIT2L-jGCaMP8s-WPRE-ICL-IRES-tTA2)/wt,multiplane-ophys_800792_2025-08-07_14-21-47_processed_2026-08-19_00-51-04,True
800792,multiplane-ophys_800792_2025-08-07_14-21-47,TRAINING_3_images_A_10uL_reward,TRAINING_3,A,10,2025-08-07,VISp_1,1,VISp,194,10.63,0,Slc32a1-IRES-Cre/wt;Oi1(TIT2L-jGCaMP8s-WPRE-ICL-IRES-tTA2)/wt,multiplane-ophys_800792_2025-08-07_14-21-47_processed_2026-08-19_00-51-04,True
800792,multiplane-ophys_800792_2025-08-07_14-21-47,TRAINING_3_images_A_10uL_reward,TRAINING_3,A,10,2025-08-07,VISp_2,2,VISp,112,10.63,0,Slc32a1-IRES-Cre/wt;Oi1(TIT2L-jGCaMP8s-WPRE-ICL-IRES-tTA2)/wt,multiplane-ophys_800792_2025-08-07_14-21-47_processed_2026-08-19_00-51-04,True
800792,multiplane-ophys_800792_2025-08-07_14-21-47,TRAINING_3_images_A_10uL_reward,TRAINING_3,A,10,2025-08-07,VISp_3,3,VISp,242,10.63,0,Slc32a1-IRES-Cre/wt;Oi1(TIT2L-jGCaMP8s-WPRE-ICL-IRES-tTA2)/wt,multiplane-ophys_800792_2025-08-07_14-21-47_processed_2026-08-19_00-51-04,True
800792,multiplane-ophys_800792_2025-08-07_14-21-47,TRAINING_3_images_A_10uL_reward,TRAINING_3,A,10,2025-08-07,VISp_4,4,VISp,88,10.63,0,Slc32a1-IRES-Cre/wt;Oi1(TIT2L-jGCaMP8s-WPRE-ICL-IRES-tTA2)/wt,multiplane-ophys_800792_2025-08-07_14-21-47_processed_2026-08-19_00-51-04,True
800792,multiplane-ophys_800792_2025-08-07_14-21-47,TRAINING_3_images_A_10uL_reward,TRAINING_3,A,10,2025-08-07,VISp_5,5,VISp,272,10.63,0,Slc32a1-IRES-Cre/wt;Oi1(TIT2L-jGCaMP8s-WPRE-ICL-IRES-tTA2)/wt,multiplane-ophys_800792_2025-08-07_14-21-47_processed_2026-08-19_00-51-04,True
800792,multiplane-ophys_800792_2025-08-07_14-21-47,TRAINING_3_images_A_10uL_reward,TRAINING_3,A,10,2025-08-07,VISp_6,6,VISp,36,10.63,0,Slc32a1-IRES-Cre/wt;Oi1(TIT2L-jGCaMP8s-WPRE-ICL-IRES-tTA2)/wt,multiplane-ophys_800792_2025-08-07_14-21-47_processed_2026-08-19_00-51-04,True
800792,multiplane-ophys_800792_2025-08-07_14-21-47,TRAINING_3_images_A_10uL_reward,TRAINING_3,A,10,2025-08-07,VISp_7,7,VISp,304,10.63,0,Slc32a1-IRES-Cre/wt;Oi1(TIT2L-jGCaMP8s-WPRE-ICL-IRES-tTA2)/wt,multiplane-ophys_800792_2025-08-07_14-21-47_processed_2026-08-19_00-51-04,True
800792,multiplane-ophys_800792_2025-08-08_14-53-57,TRAINING_3_images_A_10uL_reward,TRAINING_3,A,11,2025-08-08,VISp_0,0,VISp,158,10.63,0,Slc32a1-IRES-Cre/wt;Oi1(TIT2L-jGCaMP8s-WPRE-ICL-IRES-tTA2)/wt,multiplane-ophys_800792_2025-08-08_14-53-57_processed_2026-08-19_00-52-00,True
800792,multiplane-ophys_800792_2025-08-08_14-53-57,TRAINING_3_images_A_10uL_reward,TRAINING_3,A,11,2025-08-08,VISp_1,1,VISp,188,10.63,0,Slc32a1-IRES-Cre/wt;Oi1(TIT2L-jGCaMP8s-WPRE-ICL-IRES-tTA2)/wt,multiplane-ophys_800792_2025-08-08_14-53-57_processed_2026-08-19_00-52-00,True
800792,multiplane-ophys_800792_2025-08-08_14-53-57,TRAINING_3_images_A_10uL_reward,TRAINING_3,A,11,2025-08-08,VISp_2,2,VISp,120,10.63,0,Slc32a1-IRES-Cre/wt;Oi1(TIT2L-jGCaMP8s-WPRE-ICL-IRES-tTA2)/wt,multiplane-ophys_800792_2025-08-08_14-53-57_processed_2026-08-19_00-52-00,True
800792,multiplane-ophys_800792_2025-08-08_14-53-57,TRAINING_3_images_A_10uL_reward,TRAINING_3,A,11,2025-08-08,VISp_3,3,VISp,234,10.63,0,Slc32a1-IRES-Cre/wt;Oi1(TIT2L-jGCaMP8s-WPRE-ICL-IRES-tTA2)/wt,multiplane-ophys_800792_2025-08-08_14-53-57_processed_2026-08-19_00-52-00,True
800792,multiplane-ophys_800792_2025-08-08_14-53-57,TRAINING_3_images_A_10uL_reward,TRAINING_3,A,11,2025-08-08,VISp_4,4,VISp,92,10.63,0,Slc32a1-IRES-Cre/wt;Oi1(TIT2L-jGCaMP8s-WPRE-ICL-IRES-tTA2)/wt,multiplane-ophys_800792_2025-08-08_14-53-57_processed_2026-08-19_00-52-00,True
800792,multiplane-ophys_800792_2025-08-08_14-53-57,TRAINING_3_images_A_10uL_reward,TRAINING_3,A,11,2025-08-08,VISp_5,5,VISp,268,10.63,0,Slc32a1-IRES-Cre/wt;Oi1(TIT2L-jGCaMP8s-WPRE-ICL-IRES-tTA2)/wt,multiplane-ophys_800792_2025-08-08_14-53-57_processed_2026-08-19_00-52-00,True
800792,multiplane-ophys_800792_2025-08-08_14-53-57,TRAINING_3_images_A_10uL_reward,TRAINING_3,A,11,2025-08-08,VISp_6,6,VISp,42,10.63,0,Slc32a1-IRES-Cre/wt;Oi1(TIT2L-jGCaMP8s-WPRE-ICL-IRES-tTA2)/wt,multiplane-ophys_800792_2025-08-08_14-53-57_processed_2026-08-19_00-52-00,True
800792,multiplane-ophys_800792_2025-08-08_14-53-57,TRAINING_3_images_A_10uL_reward,TRAINING_3,A,11,2025-08-08,VISp_7,7,VISp,298,10.63,0,Slc32a1-IRES-Cre/wt;Oi1(TIT2L-jGCaMP8s-WPRE-ICL-IRES-tTA2)/wt,multiplane-ophys_800792_2025-08-08_14-53-57_processed_2026-08-19_00-52-00,True
800792,multiplane-ophys_800792_2025-08-11_12-59-01,TRAINING_4_images_A_training,TRAINING_4,A,12,2025-08-11,VISp_0,0,VISp,148,10.63,0,Slc32a1-IRES-Cre/wt;Oi1(TIT2L-jGCaMP8s-WPRE-ICL-IRES-tTA2)/wt,multiplane-ophys_800792_2025-08-11_12-59-01_processed_2026-08-19_00-52-18,True
800792,multiplane-ophys_800792_2025-08-11_12-59-01,TRAINING_4_images_A_training,TRAINING_4,A,12,2025-08-11,VISp_1,1,VISp,198,10.63,0,Slc32a1-IRES-Cre/wt;Oi1(TIT2L-jGCaMP8s-WPRE-ICL-IRES-tTA2)/wt,multiplane-ophys_800792_2025-08-11_12-59-01_processed_2026-08-19_00-52-18,True
800792,multiplane-ophys_800792_2025-08-11_12-59-01,TRAINING_4_images_A_training,TRAINING_4,A,12,2025-08-11,VISp_2,2,VISp,116,10.63,0,Slc32a1-IRES-Cre/wt;Oi1(TIT2L-jGCaMP8s-WPRE-ICL-IRES-tTA2)/wt,multiplane-ophys_800792_2025-08-11_12-59-01_processed_2026-08-19_00-52-18,True
800792,multiplane-ophys_800792_2025-08-11_12-59-01,TRAINING_4_images_A_training,TRAINING_4,A,12,2025-08-11,VISp_3,3,VISp,236,10.63,0,Slc32a1-IRES-Cre/wt;Oi1(TIT2L-jGCaMP8s-WPRE-ICL-IRES-tTA2)/wt,multiplane-ophys_800792_2025-08-11_12-59-01_processed_2026-08-19_00-52-18,True
800792,multiplane-ophys_800792_2025-08-11_12-59-01,TRAINING_4_images_A_training,TRAINING_4,A,12,2025-08-11,VISp_4,4,VISp,80,10.63,0,Slc32a1-IRES-Cre/wt;Oi1(TIT2L-jGCaMP8s-WPRE-ICL-IRES-tTA2)/wt,multiplane-ophys_800792_2025-08-11_12-59-01_processed_2026-08-19_00-52-18,True
800792,multiplane-ophys_800792_2025-08-11_12-59-01,TRAINING_4_images_A_training,TRAINING_4,A,12,2025-08-11,VISp_5,5,VISp,278,10.63,0,Slc32a1-IRES-Cre/wt;Oi1(TIT2L-jGCaMP8s-WPRE-ICL-IRES-tTA2)/wt,multiplane-ophys_800792_2025-08-11_12-59-01_processed_2026-08-19_00-52-18,True
800792,multiplane-ophys_800792_2025-08-11_12-59-01,TRAINING_4_images_A_training,TRAINING_4,A,12,2025-08-11,VISp_6,6,VISp,32,10.63,0,Slc32a1-IRES-Cre/wt;Oi1(TIT2L-jGCaMP8s-WPRE-ICL-IRES-tTA2)/wt,multiplane-ophys_800792_2025-08-11_12-59-01_processed_2026-08-19_00-52-18,True
800792,multiplane-ophys_800792_2025-08-11_12-59-01,TRAINING_4_images_A_training,TRAINING_4,A,12,2025-08-11,VISp_7,7,VISp,304,10.63,0,Slc32a1-IRES-Cre/wt;Oi1(TIT2L-jGCaMP8s-WPRE-ICL-IRES-tTA2)/wt,multiplane-ophys_800792_2025-08-11_12-59-01_processed_2026-08-19_00-52-18,True
800792,multiplane-ophys_800792_2025-08-12_12-34-34,TRAINING_5_images_A_epilogue,TRAINING_5,A,13,2025-08-12,VISp_0,0,VISp,150,10.63,0,Slc32a1-IRES-Cre/wt;Oi1(TIT2L-jGCaMP8s-WPRE-ICL-IRES-tTA2)/wt,multiplane-ophys_800792_2025-08-12_12-34-34_processed_2026-08-19_00-52-40,True
800792,multiplane-ophys_800792_2025-08-12_12-34-34,TRAINING_5_images_A_epilogue,TRAINING_5,A,13,2025-08-12,VISp_1,1,VISp,182,10.63,0,Slc32a1-IRES-Cre/wt;Oi1(TIT2L-jGCaMP8s-WPRE-ICL-IRES-tTA2)/wt,multiplane-ophys_800792_2025-08-12_12-34-34_processed_2026-08-19_00-52-40,True
800792,multiplane-ophys_800792_2025-08-12_12-34-34,TRAINING_5_images_A_epilogue,TRAINING_5,A,13,2025-08-12,VISp_2,2,VISp,110,10.63,0,Slc32a1-IRES-Cre/wt;Oi1(TIT2L-jGCaMP8s-WPRE-ICL-IRES-tTA2)/wt,multiplane-ophys_800792_2025-08-12_12-34-34_processed_2026-08-19_00-52-40,True
800792,multiplane-ophys_800792_2025-08-12_12-34-34,TRAINING_5_images_A_epilogue,TRAINING_5,A,13,2025-08-12,VISp_3,3,VISp,248,10.63,0,Slc32a1-IRES-Cre/wt;Oi1(TIT2L-jGCaMP8s-WPRE-ICL-IRES-tTA2)/wt,multiplane-ophys_800792_2025-08-12_12-34-34_processed_2026-08-19_00-52-40,True
800792,multiplane-ophys_800792_2025-08-12_12-34-34,TRAINING_5_images_A_epilogue,TRAINING_5,A,13,2025-08-12,VISp_4,4,VISp,82,10.63,0,Slc32a1-IRES-Cre/wt;Oi1(TIT2L-jGCaMP8s-WPRE-ICL-IRES-tTA2)/wt,multiplane-ophys_800792_2025-08-12_12-34-34_processed_2026-08-19_00-52-40,True
800792,multiplane-ophys_800792_2025-08-12_12-34-34,TRAINING_5_images_A_epilogue,TRAINING_5,A,13,2025-08-12,VISp_5,5,VISp,260,10.63,0,Slc32a1-IRES-Cre/wt;Oi1(TIT2L-jGCaMP8s-WPRE-ICL-IRES-tTA2)/wt,multiplane-ophys_800792_2025-08-12_12-34-34_processed_2026-08-19_00-52-40,True
800792,multiplane-ophys_800792_2025-08-12_12-34-34,TRAINING_5_images_A_epilogue,TRAINING_5,A,13,2025-08-12,VISp_6,6,VISp,36,10.63,0,Slc32a1-IRES-Cre/wt;Oi1(TIT2L-jGCaMP8s-WPRE-ICL-IRES-tTA2)/wt,multiplane-ophys_800792_2025-08-12_12-34-34_processed_2026-08-19_00-52-40,True
800792,multiplane-ophys_800792_2025-08-12_12-34-34,TRAINING_5_images_A_epilogue,TRAINING_5,A,13,2025-08-12,VISp_7,7,VISp,288,10.63,0,Slc32a1-IRES-Cre/wt;Oi1(TIT2L-jGCaMP8s-WPRE-ICL-IRES-tTA2)/wt,multiplane-ophys_800792_2025-08-12_12-34-34_processed_2026-08-19_00-52-40,True
800792,multiplane-ophys_800792_2025-08-13_14-25-39,TRAINING_5_images_A_handoff_ready,TRAINING_5,A,14,2025-08-13,VISp_0,0,VISp,160,10.63,0,Slc32a1-IRES-Cre/wt;Oi1(TIT2L-jGCaMP8s-WPRE-ICL-IRES-tTA2)/wt,multiplane-ophys_800792_2025-08-13_14-25-39_processed_2026-08-19_00-52-36,True
800792,multiplane-ophys_800792_2025-08-13_14-25-39,TRAINING_5_images_A_handoff_ready,TRAINING_5,A,14,2025-08-13,VISp_1,1,VISp,196,10.63,0,Slc32a1-IRES-Cre/wt;Oi1(TIT2L-jGCaMP8s-WPRE-ICL-IRES-tTA2)/wt,multiplane-ophys_800792_2025-08-13_14-25-39_processed_2026-08-19_00-52-36,True
800792,multiplane-ophys_800792_2025-08-13_14-25-39,TRAINING_5_images_A_handoff_ready,TRAINING_5,A,14,2025-08-13,VISp_2,2,VISp,120,10.63,0,Slc32a1-IRES-Cre/wt;Oi1(TIT2L-jGCaMP8s-WPRE-ICL-IRES-tTA2)/wt,multiplane-ophys_800792_2025-08-13_14-25-39_processed_2026-08-19_00-52-36,True
800792,multiplane-ophys_800792_2025-08-13_14-25-39,TRAINING_5_images_A_handoff_ready,TRAINING_5,A,14,2025-08-13,VISp_3,3,VISp,244,10.63,0,Slc32a1-IRES-Cre/wt;Oi1(TIT2L-jGCaMP8s-WPRE-ICL-IRES-tTA2)/wt,multiplane-ophys_800792_2025-08-13_14-25-39_processed_2026-08-19_00-52-36,True
800792,multiplane-ophys_800792_2025-08-13_14-25-39,TRAINING_5_images_A_handoff_ready,TRAINING_5,A,14,2025-08-13,VISp_4,4,VISp,90,10.63,0,Slc32a1-IRES-Cre/wt;Oi1(TIT2L-jGCaMP8s-WPRE-ICL-IRES-tTA2)/wt,multiplane-ophys_800792_2025-08-13_14-25-39_processed_2026-08-19_00-52-36,True
800792,multiplane-ophys_800792_2025-08-13_14-25-39,TRAINING_5_images_A_handoff_ready,TRAINING_5,A,14,2025-08-13,VISp_5,5,VISp,274,10.63,0,Slc32a1-IRES-Cre/wt;Oi1(TIT2L-jGCaMP8s-WPRE-ICL-IRES-tTA2)/wt,multiplane-ophys_800792_2025-08-13_14-25-39_processed_2026-08-19_00-52-36,True
800792,multiplane-ophys_800792_2025-08-13_14-25-39,TRAINING_5_images_A_handoff_ready,TRAINING_5,A,14,2025-08-13,VISp_6,6,VISp,40,10.63,0,Slc32a1-IRES-Cre/wt;Oi1(TIT2L-jGCaMP8s-WPRE-ICL-IRES-tTA2)/wt,multiplane-ophys_800792_2025-08-13_14-25-39_processed_2026-08-19_00-52-36,True
800792,multiplane-ophys_800792_2025-08-13_14-25-39,TRAINING_5_images_A_handoff_ready,TRAINING_5,A,14,2025-08-13,VISp_7,7,VISp,302,10.63,0,Slc32a1-IRES-Cre/wt;Oi1(TIT2L-jGCaMP8s-WPRE-ICL-IRES-tTA2)/wt,multiplane-ophys_800792_2025-08-13_14-25-39_processed_2026-08-19_00-52-36,True
800792,multiplane-ophys_800792_2025-08-14_14-29-33,OPHYS_1_images_A,OPHYS_1,A,15,2025-08-14,VISp_0,0,VISp,160,10.63,0,Slc32a1-IRES-Cre/wt;Oi1(TIT2L-jGCaMP8s-WPRE-ICL-IRES-tTA2)/wt,multiplane-ophys_800792_2025-08-14_14-29-33_processed_2026-08-19_00-52-51,True
800792,multiplane-ophys_800792_2025-08-14_14-29-33,OPHYS_1_images_A,OPHYS_1,A,15,2025-08-14,VISp_1,1,VISp,196,10.63,0,Slc32a1-IRES-Cre/wt;Oi1(TIT2L-jGCaMP8s-WPRE-ICL-IRES-tTA2)/wt,multiplane-ophys_800792_2025-08-14_14-29-33_processed_2026-08-19_00-52-51,True
800792,multiplane-ophys_800792_2025-08-14_14-29-33,OPHYS_1_images_A,OPHYS_1,A,15,2025-08-14,VISp_2,2,VISp,118,10.63,0,Slc32a1-IRES-Cre/wt;Oi1(TIT2L-jGCaMP8s-WPRE-ICL-IRES-tTA2)/wt,multiplane-ophys_800792_2025-08-14_14-29-33_processed_2026-08-19_00-52-51,True
800792,multiplane-ophys_800792_2025-08-14_14-29-33,OPHYS_1_images_A,OPHYS_1,A,15,2025-08-14,VISp_3,3,VISp,248,10.63,0,Slc32a1-IRES-Cre/wt;Oi1(TIT2L-jGCaMP8s-WPRE-ICL-IRES-tTA2)/wt,multiplane-ophys_800792_2025-08-14_14-29-33_processed_2026-08-19_00-52-51,True
800792,multiplane-ophys_800792_2025-08-14_14-29-33,OPHYS_1_images_A,OPHYS_1,A,15,2025-08-14,VISp_4,4,VISp,86,10.63,0,Slc32a1-IRES-Cre/wt;Oi1(TIT2L-jGCaMP8s-WPRE-ICL-IRES-tTA2)/wt,multiplane-ophys_800792_2025-08-14_14-29-33_processed_2026-08-19_00-52-51,True
800792,multiplane-ophys_800792_2025-08-14_14-29-33,OPHYS_1_images_A,OPHYS_1,A,15,2025-08-14,VISp_5,5,VISp,280,10.63,0,Slc32a1-IRES-Cre/wt;Oi1(TIT2L-jGCaMP8s-WPRE-ICL-IRES-tTA2)/wt,multiplane-ophys_800792_2025-08-14_14-29-33_processed_2026-08-19_00-52-51,True
800792,multiplane-ophys_800792_2025-08-14_14-29-33,OPHYS_1_images_A,OPHYS_1,A,15,2025-08-14,VISp_6,6,VISp,40,10.63,0,Slc32a1-IRES-Cre/wt;Oi1(TIT2L-jGCaMP8s-WPRE-ICL-IRES-tTA2)/wt,multiplane-ophys_800792_2025-08-14_14-29-33_processed_2026-08-19_00-52-51,True
800792,multiplane-ophys_800792_2025-08-14_14-29-33,OPHYS_1_images_A,OPHYS_1,A,15,2025-08-14,VISp_7,7,VISp,314,10.63,0,Slc32a1-IRES-Cre/wt;Oi1(TIT2L-jGCaMP8s-WPRE-ICL-IRES-tTA2)/wt,multiplane-ophys_800792_2025-08-14_14-29-33_processed_2026-08-19_00-52-51,True
800792,multiplane-ophys_800792_2025-08-15_15-13-09,OPHYS_1_images_A,OPHYS_1,A,16,2025-08-15,VISp_0,0,VISp,160,10.63,0,Slc32a1-IRES-Cre/wt;Oi1(TIT2L-jGCaMP8s-WPRE-ICL-IRES-tTA2)/wt,multiplane-ophys_800792_2025-08-15_15-13-09_processed_2026-08-19_00-52-47,True
800792,multiplane-ophys_800792_2025-08-15_15-13-09,OPHYS_1_images_A,OPHYS_1,A,16,2025-08-15,VISp_1,1,VISp,190,10.63,0,Slc32a1-IRES-Cre/wt;Oi1(TIT2L-jGCaMP8s-WPRE-ICL-IRES-tTA2)/wt,multiplane-ophys_800792_2025-08-15_15-13-09_processed_2026-08-19_00-52-47,True
800792,multiplane-ophys_800792_2025-08-15_15-13-09,OPHYS_1_images_A,OPHYS_1,A,16,2025-08-15,VISp_2,2,VISp,114,10.63,0,Slc32a1-IRES-Cre/wt;Oi1(TIT2L-jGCaMP8s-WPRE-ICL-IRES-tTA2)/wt,multiplane-ophys_800792_2025-08-15_15-13-09_processed_2026-08-19_00-52-47,True
800792,multiplane-ophys_800792_2025-08-15_15-13-09,OPHYS_1_images_A,OPHYS_1,A,16,2025-08-15,VISp_3,3,VISp,238,10.63,0,Slc32a1-IRES-Cre/wt;Oi1(TIT2L-jGCaMP8s-WPRE-ICL-IRES-tTA2)/wt,multiplane-ophys_800792_2025-08-15_15-13-09_processed_2026-08-19_00-52-47,True
800792,multiplane-ophys_800792_2025-08-15_15-13-09,OPHYS_1_images_A,OPHYS_1,A,16,2025-08-15,VISp_4,4,VISp,92,10.63,0,Slc32a1-IRES-Cre/wt;Oi1(TIT2L-jGCaMP8s-WPRE-ICL-IRES-tTA2)/wt,multiplane-ophys_800792_2025-08-15_15-13-09_processed_2026-08-19_00-52-47,True
800792,multiplane-ophys_800792_2025-08-15_15-13-09,OPHYS_1_images_A,OPHYS_1,A,16,2025-08-15,VISp_5,5,VISp,272,10.63,0,Slc32a1-IRES-Cre/wt;Oi1(TIT2L-jGCaMP8s-WPRE-ICL-IRES-tTA2)/wt,multiplane-ophys_800792_2025-08-15_15-13-09_processed_2026-08-19_00-52-47,True
800792,multiplane-ophys_800792_2025-08-15_15-13-09,OPHYS_1_images_A,OPHYS_1,A,16,2025-08-15,VISp_6,6,VISp,36,10.63,0,Slc32a1-IRES-Cre/wt;Oi1(TIT2L-jGCaMP8s-WPRE-ICL-IRES-tTA2)/wt,multiplane-ophys_800792_2025-08-15_15-13-09_processed_2026-08-19_00-52-47,True
800792,multiplane-ophys_800792_2025-08-15_15-13-09,OPHYS_1_images_A,OPHYS_1,A,16,2025-08-15,VISp_7,7,VISp,302,10.63,0,Slc32a1-IRES-Cre/wt;Oi1(TIT2L-jGCaMP8s-WPRE-ICL-IRES-tTA2)/wt,multiplane-ophys_800792_2025-08-15_15-13-09_processed_2026-08-19_00-52-47,True
800792,multiplane-ophys_800792_2025-08-18_14-43-32,OPHYS_4_images_B,OPHYS_4,B,17,2025-08-18,VISp_0,0,VISp,156,10.63,0,Slc32a1-IRES-Cre/wt;Oi1(TIT2L-jGCaMP8s-WPRE-ICL-IRES-tTA2)/wt,multiplane-ophys_800792_2025-08-18_14-43-32_processed_2026-08-19_00-53-45,True
800792,multiplane-ophys_800792_2025-08-18_14-43-32,OPHYS_4_images_B,OPHYS_4,B,17,2025-08-18,VISp_1,1,VISp,198,10.63,0,Slc32a1-IRES-Cre/wt;Oi1(TIT2L-jGCaMP8s-WPRE-ICL-IRES-tTA2)/wt,multiplane-ophys_800792_2025-08-18_14-43-32_processed_2026-08-19_00-53-45,True
800792,multiplane-ophys_800792_2025-08-18_14-43-32,OPHYS_4_images_B,OPHYS_4,B,17,2025-08-18,VISp_2,2,VISp,116,10.63,0,Slc32a1-IRES-Cre/wt;Oi1(TIT2L-jGCaMP8s-WPRE-ICL-IRES-tTA2)/wt,multiplane-ophys_800792_2025-08-18_14-43-32_processed_2026-08-19_00-53-45,True
800792,multiplane-ophys_800792_2025-08-18_14-43-32,OPHYS_4_images_B,OPHYS_4,B,17,2025-08-18,VISp_3,3,VISp,242,10.63,0,Slc32a1-IRES-Cre/wt;Oi1(TIT2L-jGCaMP8s-WPRE-ICL-IRES-tTA2)/wt,multiplane-ophys_800792_2025-08-18_14-43-32_processed_2026-08-19_00-53-45,True
800792,multiplane-ophys_800792_2025-08-18_14-43-32,OPHYS_4_images_B,OPHYS_4,B,17,2025-08-18,VISp_4,4,VISp,82,10.63,0,Slc32a1-IRES-Cre/wt;Oi1(TIT2L-jGCaMP8s-WPRE-ICL-IRES-tTA2)/wt,multiplane-ophys_800792_2025-08-18_14-43-32_processed_2026-08-19_00-53-45,True
800792,multiplane-ophys_800792_2025-08-18_14-43-32,OPHYS_4_images_B,OPHYS_4,B,17,2025-08-18,VISp_5,5,VISp,272,10.63,0,Slc32a1-IRES-Cre/wt;Oi1(TIT2L-jGCaMP8s-WPRE-ICL-IRES-tTA2)/wt,multiplane-ophys_800792_2025-08-18_14-43-32_processed_2026-08-19_00-53-45,True
800792,multiplane-ophys_800792_2025-08-18_14-43-32,OPHYS_4_images_B,OPHYS_4,B,17,2025-08-18,VISp_6,6,VISp,36,10.63,0,Slc32a1-IRES-Cre/wt;Oi1(TIT2L-jGCaMP8s-WPRE-ICL-IRES-tTA2)/wt,multiplane-ophys_800792_2025-08-18_14-43-32_processed_2026-08-19_00-53-45,True
800792,multiplane-ophys_800792_2025-08-18_14-43-32,OPHYS_4_images_B,OPHYS_4,B,17,2025-08-18,VISp_7,7,VISp,306,10.63,0,Slc32a1-IRES-Cre/wt;Oi1(TIT2L-jGCaMP8s-WPRE-ICL-IRES-tTA2)/wt,multiplane-ophys_800792_2025-08-18_14-43-32_processed_2026-08-19_00-53-45,True
800792,multiplane-ophys_800792_2025-08-19_13-08-51,OPHYS_4_images_B,OPHYS_4,B,18,2025-08-19,VISp_0,0,VISp,146,10.63,0,Slc32a1-IRES-Cre/wt;Oi1(TIT2L-jGCaMP8s-WPRE-ICL-IRES-tTA2)/wt,multiplane-ophys_800792_2025-08-19_13-08-51_processed_2026-08-19_00-53-37,True
800792,multiplane-ophys_800792_2025-08-19_13-08-51,OPHYS_4_images_B,OPHYS_4,B,18,2025-08-19,VISp_1,1,VISp,186,10.63,0,Slc32a1-IRES-Cre/wt;Oi1(TIT2L-jGCaMP8s-WPRE-ICL-IRES-tTA2)/wt,multiplane-ophys_800792_2025-08-19_13-08-51_processed_2026-08-19_00-53-37,True
800792,multiplane-ophys_800792_2025-08-19_13-08-51,OPHYS_4_images_B,OPHYS_4,B,18,2025-08-19,VISp_2,2,VISp,104,10.63,0,Slc32a1-IRES-Cre/wt;Oi1(TIT2L-jGCaMP8s-WPRE-ICL-IRES-tTA2)/wt,multiplane-ophys_800792_2025-08-19_13-08-51_processed_2026-08-19_00-53-37,True
800792,multiplane-ophys_800792_2025-08-19_13-08-51,OPHYS_4_images_B,OPHYS_4,B,18,2025-08-19,VISp_3,3,VISp,230,10.63,0,Slc32a1-IRES-Cre/wt;Oi1(TIT2L-jGCaMP8s-WPRE-ICL-IRES-tTA2)/wt,multiplane-ophys_800792_2025-08-19_13-08-51_processed_2026-08-19_00-53-37,True
800792,multiplane-ophys_800792_2025-08-19_13-08-51,OPHYS_4_images_B,OPHYS_4,B,18,2025-08-19,VISp_4,4,VISp,76,10.63,0,Slc32a1-IRES-Cre/wt;Oi1(TIT2L-jGCaMP8s-WPRE-ICL-IRES-tTA2)/wt,multiplane-ophys_800792_2025-08-19_13-08-51_processed_2026-08-19_00-53-37,True
800792,multiplane-ophys_800792_2025-08-19_13-08-51,OPHYS_4_images_B,OPHYS_4,B,18,2025-08-19,VISp_5,5,VISp,258,10.63,0,Slc32a1-IRES-Cre/wt;Oi1(TIT2L-jGCaMP8s-WPRE-ICL-IRES-tTA2)/wt,multiplane-ophys_800792_2025-08-19_13-08-51_processed_2026-08-19_00-53-37,True
800792,multiplane-ophys_800792_2025-08-19_13-08-51,OPHYS_4_images_B,OPHYS_4,B,18,2025-08-19,VISp_6,6,VISp,30,10.63,0,Slc32a1-IRES-Cre/wt;Oi1(TIT2L-jGCaMP8s-WPRE-ICL-IRES-tTA2)/wt,multiplane-ophys_800792_2025-08-19_13-08-51_processed_2026-08-19_00-53-37,True
800792,multiplane-ophys_800792_2025-08-19_13-08-51,OPHYS_4_images_B,OPHYS_4,B,18,2025-08-19,VISp_7,7,VISp,300,10.63,0,Slc32a1-IRES-Cre/wt;Oi1(TIT2L-jGCaMP8s-WPRE-ICL-IRES-tTA2)/wt,multiplane-ophys_800792_2025-08-19_13-08-51_processed_2026-08-19_00-53-37,True
800792,multiplane-ophys_800792_2025-08-20_14-43-42,OPHYS_6_images_B,OPHYS_6,B,19,2025-08-20,VISp_0,0,VISp,156,10.63,0,Slc32a1-IRES-Cre/wt;Oi1(TIT2L-jGCaMP8s-WPRE-ICL-IRES-tTA2)/wt,multiplane-ophys_800792_2025-08-20_14-43-42_processed_2026-08-19_00-53-44,True
800792,multiplane-ophys_800792_2025-08-20_14-43-42,OPHYS_6_images_B,OPHYS_6,B,19,2025-08-20,VISp_1,1,VISp,190,10.63,0,Slc32a1-IRES-Cre/wt;Oi1(TIT2L-jGCaMP8s-WPRE-ICL-IRES-tTA2)/wt,multiplane-ophys_800792_2025-08-20_14-43-42_processed_2026-08-19_00-53-44,True
800792,multiplane-ophys_800792_2025-08-20_14-43-42,OPHYS_6_images_B,OPHYS_6,B,19,2025-08-20,VISp_2,2,VISp,112,10.63,0,Slc32a1-IRES-Cre/wt;Oi1(TIT2L-jGCaMP8s-WPRE-ICL-IRES-tTA2)/wt,multiplane-ophys_800792_2025-08-20_14-43-42_processed_2026-08-19_00-53-44,True
800792,multiplane-ophys_800792_2025-08-20_14-43-42,OPHYS_6_images_B,OPHYS_6,B,19,2025-08-20,VISp_3,3,VISp,240,10.63,0,Slc32a1-IRES-Cre/wt;Oi1(TIT2L-jGCaMP8s-WPRE-ICL-IRES-tTA2)/wt,multiplane-ophys_800792_2025-08-20_14-43-42_processed_2026-08-19_00-53-44,True
800792,multiplane-ophys_800792_2025-08-20_14-43-42,OPHYS_6_images_B,OPHYS_6,B,19,2025-08-20,VISp_4,4,VISp,82,10.63,0,Slc32a1-IRES-Cre/wt;Oi1(TIT2L-jGCaMP8s-WPRE-ICL-IRES-tTA2)/wt,multiplane-ophys_800792_2025-08-20_14-43-42_processed_2026-08-19_00-53-44,True
800792,multiplane-ophys_800792_2025-08-20_14-43-42,OPHYS_6_images_B,OPHYS_6,B,19,2025-08-20,VISp_5,5,VISp,272,10.63,0,Slc32a1-IRES-Cre/wt;Oi1(TIT2L-jGCaMP8s-WPRE-ICL-IRES-tTA2)/wt,multiplane-ophys_800792_2025-08-20_14-43-42_processed_2026-08-19_00-53-44,True
800792,multiplane-ophys_800792_2025-08-20_14-43-42,OPHYS_6_images_B,OPHYS_6,B,19,2025-08-20,VISp_6,6,VISp,36,10.63,0,Slc32a1-IRES-Cre/wt;Oi1(TIT2L-jGCaMP8s-WPRE-ICL-IRES-tTA2)/wt,multiplane-ophys_800792_2025-08-20_14-43-42_processed_2026-08-19_00-53-44,True
800792,multiplane-ophys_800792_2025-08-20_14-43-42,OPHYS_6_images_B,OPHYS_6,B,19,2025-08-20,VISp_7,7,VISp,296,10.63,0,Slc32a1-IRES-Cre/wt;Oi1(TIT2L-jGCaMP8s-WPRE-ICL-IRES-tTA2)/wt,multiplane-ophys_800792_2025-08-20_14-43-42_processed_2026-08-19_00-53-44,True
800792,multiplane-ophys_800792_2025-08-21_14-34-02,OPHYS_6_images_B,OPHYS_6,B,20,2025-08-21,VISp_0,0,VISp,164,10.63,0,Slc32a1-IRES-Cre/wt;Oi1(TIT2L-jGCaMP8s-WPRE-ICL-IRES-tTA2)/wt,multiplane-ophys_800792_2025-08-21_14-34-02_processed_2026-08-19_00-53-28,True
800792,multiplane-ophys_800792_2025-08-21_14-34-02,OPHYS_6_images_B,OPHYS_6,B,20,2025-08-21,VISp_1,1,VISp,198,10.63,0,Slc32a1-IRES-Cre/wt;Oi1(TIT2L-jGCaMP8s-WPRE-ICL-IRES-tTA2)/wt,multiplane-ophys_800792_2025-08-21_14-34-02_processed_2026-08-19_00-53-28,True
800792,multiplane-ophys_800792_2025-08-21_14-34-02,OPHYS_6_images_B,OPHYS_6,B,20,2025-08-21,VISp_2,2,VISp,124,10.63,0,Slc32a1-IRES-Cre/wt;Oi1(TIT2L-jGCaMP8s-WPRE-ICL-IRES-tTA2)/wt,multiplane-ophys_800792_2025-08-21_14-34-02_processed_2026-08-19_00-53-28,True
800792,multiplane-ophys_800792_2025-08-21_14-34-02,OPHYS_6_images_B,OPHYS_6,B,20,2025-08-21,VISp_3,3,VISp,254,10.63,0,Slc32a1-IRES-Cre/wt;Oi1(TIT2L-jGCaMP8s-WPRE-ICL-IRES-tTA2)/wt,multiplane-ophys_800792_2025-08-21_14-34-02_processed_2026-08-19_00-53-28,True
800792,multiplane-ophys_800792_2025-08-21_14-34-02,OPHYS_6_images_B,OPHYS_6,B,20,2025-08-21,VISp_4,4,VISp,96,10.63,0,Slc32a1-IRES-Cre/wt;Oi1(TIT2L-jGCaMP8s-WPRE-ICL-IRES-tTA2)/wt,multiplane-ophys_800792_2025-08-21_14-34-02_processed_2026-08-19_00-53-28,True
800792,multiplane-ophys_800792_2025-08-21_14-34-02,OPHYS_6_images_B,OPHYS_6,B,20,2025-08-21,VISp_5,5,VISp,276,10.63,0,Slc32a1-IRES-Cre/wt;Oi1(TIT2L-jGCaMP8s-WPRE-ICL-IRES-tTA2)/wt,multiplane-ophys_800792_2025-08-21_14-34-02_processed_2026-08-19_00-53-28,True
800792,multiplane-ophys_800792_2025-08-21_14-34-02,OPHYS_6_images_B,OPHYS_6,B,20,2025-08-21,VISp_6,6,VISp,50,10.63,0,Slc32a1-IRES-Cre/wt;Oi1(TIT2L-jGCaMP8s-WPRE-ICL-IRES-tTA2)/wt,multiplane-ophys_800792_2025-08-21_14-34-02_processed_2026-08-19_00-53-28,True
800792,multiplane-ophys_800792_2025-08-21_14-34-02,OPHYS_6_images_B,OPHYS_6,B,20,2025-08-21,VISp_7,7,VISp,314,10.63,0,Slc32a1-IRES-Cre/wt;Oi1(TIT2L-jGCaMP8s-WPRE-ICL-IRES-tTA2)/wt,multiplane-ophys_800792_2025-08-21_14-34-02_processed_2026-08-19_00-53-28,True
800792,multiplane-ophys_800792_2025-08-22_14-37-56,OPHYS_6_images_B,OPHYS_6,B,21,2025-08-22,VISp_0,0,VISp,152,10.63,0,Slc32a1-IRES-Cre/wt;Oi1(TIT2L-jGCaMP8s-WPRE-ICL-IRES-tTA2)/wt,multiplane-ophys_800792_2025-08-22_14-37-56_processed_2026-08-19_00-53-35,True
800792,multiplane-ophys_800792_2025-08-22_14-37-56,OPHYS_6_images_B,OPHYS_6,B,21,2025-08-22,VISp_1,1,VISp,190,10.63,0,Slc32a1-IRES-Cre/wt;Oi1(TIT2L-jGCaMP8s-WPRE-ICL-IRES-tTA2)/wt,multiplane-ophys_800792_2025-08-22_14-37-56_processed_2026-08-19_00-53-35,True
800792,multiplane-ophys_800792_2025-08-22_14-37-56,OPHYS_6_images_B,OPHYS_6,B,21,2025-08-22,VISp_2,2,VISp,114,10.63,0,Slc32a1-IRES-Cre/wt;Oi1(TIT2L-jGCaMP8s-WPRE-ICL-IRES-tTA2)/wt,multiplane-ophys_800792_2025-08-22_14-37-56_processed_2026-08-19_00-53-35,True
800792,multiplane-ophys_800792_2025-08-22_14-37-56,OPHYS_6_images_B,OPHYS_6,B,21,2025-08-22,VISp_3,3,VISp,238,10.63,0,Slc32a1-IRES-Cre/wt;Oi1(TIT2L-jGCaMP8s-WPRE-ICL-IRES-tTA2)/wt,multiplane-ophys_800792_2025-08-22_14-37-56_processed_2026-08-19_00-53-35,True
800792,multiplane-ophys_800792_2025-08-22_14-37-56,OPHYS_6_images_B,OPHYS_6,B,21,2025-08-22,VISp_4,4,VISp,84,10.63,0,Slc32a1-IRES-Cre/wt;Oi1(TIT2L-jGCaMP8s-WPRE-ICL-IRES-tTA2)/wt,multiplane-ophys_800792_2025-08-22_14-37-56_processed_2026-08-19_00-53-35,True
800792,multiplane-ophys_800792_2025-08-22_14-37-56,OPHYS_6_images_B,OPHYS_6,B,21,2025-08-22,VISp_5,5,VISp,272,10.63,0,Slc32a1-IRES-Cre/wt;Oi1(TIT2L-jGCaMP8s-WPRE-ICL-IRES-tTA2)/wt,multiplane-ophys_800792_2025-08-22_14-37-56_processed_2026-08-19_00-53-35,True
800792,multiplane-ophys_800792_2025-08-22_14-37-56,OPHYS_6_images_B,OPHYS_6,B,21,2025-08-22,VISp_6,6,VISp,36,10.63,0,Slc32a1-IRES-Cre/wt;Oi1(TIT2L-jGCaMP8s-WPRE-ICL-IRES-tTA2)/wt,multiplane-ophys_800792_2025-08-22_14-37-56_processed_2026-08-19_00-53-35,True
800792,multiplane-ophys_800792_2025-08-22_14-37-56,OPHYS_6_images_B,OPHYS_6,B,21,2025-08-22,VISp_7,7,VISp,298,10.63,0,Slc32a1-IRES-Cre/wt;Oi1(TIT2L-jGCaMP8s-WPRE-ICL-IRES-tTA2)/wt,multiplane-ophys_800792_2025-08-22_14-37-56_processed_2026-08-19_00-53-35,True
800792,multiplane-ophys_800792_2025-08-25_13-00-38,STAGE_0,STAGE_0,,22,2025-08-25,VISp_0,0,VISp,154,10.63,0,Slc32a1-IRES-Cre/wt;Oi1(TIT2L-jGCaMP8s-WPRE-ICL-IRES-tTA2)/wt,multiplane-ophys_800792_2025-08-25_13-00-38_processed_2026-08-19_00-55-51,True
800792,multiplane-ophys_800792_2025-08-25_13-00-38,STAGE_0,STAGE_0,,22,2025-08-25,VISp_1,1,VISp,190,10.63,0,Slc32a1-IRES-Cre/wt;Oi1(TIT2L-jGCaMP8s-WPRE-ICL-IRES-tTA2)/wt,multiplane-ophys_800792_2025-08-25_13-00-38_processed_2026-08-19_00-55-51,True
800792,multiplane-ophys_800792_2025-08-25_13-00-38,STAGE_0,STAGE_0,,22,2025-08-25,VISp_2,2,VISp,112,10.63,0,Slc32a1-IRES-Cre/wt;Oi1(TIT2L-jGCaMP8s-WPRE-ICL-IRES-tTA2)/wt,multiplane-ophys_800792_2025-08-25_13-00-38_processed_2026-08-19_00-55-51,True
800792,multiplane-ophys_800792_2025-08-25_13-00-38,STAGE_0,STAGE_0,,22,2025-08-25,VISp_3,3,VISp,236,10.63,0,Slc32a1-IRES-Cre/wt;Oi1(TIT2L-jGCaMP8s-WPRE-ICL-IRES-tTA2)/wt,multiplane-ophys_800792_2025-08-25_13-00-38_processed_2026-08-19_00-55-51,True
800792,multiplane-ophys_800792_2025-08-25_13-00-38,STAGE_0,STAGE_0,,22,2025-08-25,VISp_4,4,VISp,86,10.63,0,Slc32a1-IRES-Cre/wt;Oi1(TIT2L-jGCaMP8s-WPRE-ICL-IRES-tTA2)/wt,multiplane-ophys_800792_2025-08-25_13-00-38_processed_2026-08-19_00-55-51,True
800792,multiplane-ophys_800792_2025-08-25_13-00-38,STAGE_0,STAGE_0,,22,2025-08-25,VISp_5,5,VISp,272,10.63,0,Slc32a1-IRES-Cre/wt;Oi1(TIT2L-jGCaMP8s-WPRE-ICL-IRES-tTA2)/wt,multiplane-ophys_800792_2025-08-25_13-00-38_processed_2026-08-19_00-55-51,True
800792,multiplane-ophys_800792_2025-08-25_13-00-38,STAGE_0,STAGE_0,,22,2025-08-25,VISp_6,6,VISp,34,10.63,0,Slc32a1-IRES-Cre/wt;Oi1(TIT2L-jGCaMP8s-WPRE-ICL-IRES-tTA2)/wt,multiplane-ophys_800792_2025-08-25_13-00-38_processed_2026-08-19_00-55-51,True
800792,multiplane-ophys_800792_2025-08-25_13-00-38,STAGE_0,STAGE_0,,22,2025-08-25,VISp_7,7,VISp,300,10.63,0,Slc32a1-IRES-Cre/wt;Oi1(TIT2L-jGCaMP8s-WPRE-ICL-IRES-tTA2)/wt,multiplane-ophys_800792_2025-08-25_13-00-38_processed_2026-08-19_00-55-51,True
800792,multiplane-ophys_800792_2025-08-26_12-30-21,STAGE_1,STAGE_1,,23,2025-08-26,VISp_0,0,VISp,152,10.63,0,Slc32a1-IRES-Cre/wt;Oi1(TIT2L-jGCaMP8s-WPRE-ICL-IRES-tTA2)/wt,multiplane-ophys_800792_2025-08-26_12-30-21_processed_2026-08-19_00-55-07,True
800792,multiplane-ophys_800792_2025-08-26_12-30-21,STAGE_1,STAGE_1,,23,2025-08-26,VISp_1,1,VISp,196,10.63,0,Slc32a1-IRES-Cre/wt;Oi1(TIT2L-jGCaMP8s-WPRE-ICL-IRES-tTA2)/wt,multiplane-ophys_800792_2025-08-26_12-30-21_processed_2026-08-19_00-55-07,True
800792,multiplane-ophys_800792_2025-08-26_12-30-21,STAGE_1,STAGE_1,,23,2025-08-26,VISp_2,2,VISp,110,10.63,0,Slc32a1-IRES-Cre/wt;Oi1(TIT2L-jGCaMP8s-WPRE-ICL-IRES-tTA2)/wt,multiplane-ophys_800792_2025-08-26_12-30-21_processed_2026-08-19_00-55-07,True
800792,multiplane-ophys_800792_2025-08-26_12-30-21,STAGE_1,STAGE_1,,23,2025-08-26,VISp_3,3,VISp,242,10.63,0,Slc32a1-IRES-Cre/wt;Oi1(TIT2L-jGCaMP8s-WPRE-ICL-IRES-tTA2)/wt,multiplane-ophys_800792_2025-08-26_12-30-21_processed_2026-08-19_00-55-07,True
800792,multiplane-ophys_800792_2025-08-26_12-30-21,STAGE_1,STAGE_1,,23,2025-08-26,VISp_4,4,VISp,80,10.63,0,Slc32a1-IRES-Cre/wt;Oi1(TIT2L-jGCaMP8s-WPRE-ICL-IRES-tTA2)/wt,multiplane-ophys_800792_2025-08-26_12-30-21_processed_2026-08-19_00-55-07,True
800792,multiplane-ophys_800792_2025-08-26_12-30-21,STAGE_1,STAGE_1,,23,2025-08-26,VISp_5,5,VISp,274,10.63,0,Slc32a1-IRES-Cre/wt;Oi1(TIT2L-jGCaMP8s-WPRE-ICL-IRES-tTA2)/wt,multiplane-ophys_800792_2025-08-26_12-30-21_processed_2026-08-19_00-55-07,True
800792,multiplane-ophys_800792_2025-08-26_12-30-21,STAGE_1,STAGE_1,,23,2025-08-26,VISp_6,6,VISp,30,10.63,0,Slc32a1-IRES-Cre/wt;Oi1(TIT2L-jGCaMP8s-WPRE-ICL-IRES-tTA2)/wt,multiplane-ophys_800792_2025-08-26_12-30-21_processed_2026-08-19_00-55-07,True
800792,multiplane-ophys_800792_2025-08-26_12-30-21,STAGE_1,STAGE_1,,23,2025-08-26,VISp_7,7,VISp,300,10.63,0,Slc32a1-IRES-Cre/wt;Oi1(TIT2L-jGCaMP8s-WPRE-ICL-IRES-tTA2)/wt,multiplane-ophys_800792_2025-08-26_12-30-21_processed_2026-08-19_00-55-07,True
800792,multiplane-ophys_800792_2025-08-27_14-31-17,STAGE_1,STAGE_1,,24,2025-08-27,VISp_0,0,VISp,148,10.63,0,Slc32a1-IRES-Cre/wt;Oi1(TIT2L-jGCaMP8s-WPRE-ICL-IRES-tTA2)/wt,multiplane-ophys_800792_2025-08-27_14-31-17_processed_2026-08-19_00-55-25,True
800792,multiplane-ophys_800792_2025-08-27_14-31-17,STAGE_1,STAGE_1,,24,2025-08-27,VISp_1,1,VISp,192,10.63,0,Slc32a1-IRES-Cre/wt;Oi1(TIT2L-jGCaMP8s-WPRE-ICL-IRES-tTA2)/wt,multiplane-ophys_800792_2025-08-27_14-31-17_processed_2026-08-19_00-55-25,True
800792,multiplane-ophys_800792_2025-08-27_14-31-17,STAGE_1,STAGE_1,,24,2025-08-27,VISp_2,2,VISp,110,10.63,0,Slc32a1-IRES-Cre/wt;Oi1(TIT2L-jGCaMP8s-WPRE-ICL-IRES-tTA2)/wt,multiplane-ophys_800792_2025-08-27_14-31-17_processed_2026-08-19_00-55-25,True
800792,multiplane-ophys_800792_2025-08-27_14-31-17,STAGE_1,STAGE_1,,24,2025-08-27,VISp_3,3,VISp,238,10.63,0,Slc32a1-IRES-Cre/wt;Oi1(TIT2L-jGCaMP8s-WPRE-ICL-IRES-tTA2)/wt,multiplane-ophys_800792_2025-08-27_14-31-17_processed_2026-08-19_00-55-25,True
800792,multiplane-ophys_800792_2025-08-27_14-31-17,STAGE_1,STAGE_1,,24,2025-08-27,VISp_4,4,VISp,78,10.63,0,Slc32a1-IRES-Cre/wt;Oi1(TIT2L-jGCaMP8s-WPRE-ICL-IRES-tTA2)/wt,multiplane-ophys_800792_2025-08-27_14-31-17_processed_2026-08-19_00-55-25,True
800792,multiplane-ophys_800792_2025-08-27_14-31-17,STAGE_1,STAGE_1,,24,2025-08-27,VISp_5,5,VISp,268,10.63,0,Slc32a1-IRES-Cre/wt;Oi1(TIT2L-jGCaMP8s-WPRE-ICL-IRES-tTA2)/wt,multiplane-ophys_800792_2025-08-27_14-31-17_processed_2026-08-19_00-55-25,True
800792,multiplane-ophys_800792_2025-08-27_14-31-17,STAGE_1,STAGE_1,,24,2025-08-27,VISp_6,6,VISp,28,10.63,0,Slc32a1-IRES-Cre/wt;Oi1(TIT2L-jGCaMP8s-WPRE-ICL-IRES-tTA2)/wt,multiplane-ophys_800792_2025-08-27_14-31-17_processed_2026-08-19_00-55-25,True
800792,multiplane-ophys_800792_2025-08-27_14-31-17,STAGE_1,STAGE_1,,24,2025-08-27,VISp_7,7,VISp,298,10.63,0,Slc32a1-IRES-Cre/wt;Oi1(TIT2L-jGCaMP8s-WPRE-ICL-IRES-tTA2)/wt,multiplane-ophys_800792_2025-08-27_14-31-17_processed_2026-08-19_00-55-25,True
800792,multiplane-ophys_800792_2025-08-29_13-40-16,STAGE_1,STAGE_1,,25,2025-08-29,VISp_0,0,VISp,160,10.63,0,Slc32a1-IRES-Cre/wt;Oi1(TIT2L-jGCaMP8s-WPRE-ICL-IRES-tTA2)/wt,multiplane-ophys_800792_2025-08-29_13-40-16_processed_2026-08-19_00-55-09,True
800792,multiplane-ophys_800792_2025-08-29_13-40-16,STAGE_1,STAGE_1,,25,2025-08-29,VISp_1,1,VISp,196,10.63,0,Slc32a1-IRES-Cre/wt;Oi1(TIT2L-jGCaMP8s-WPRE-ICL-IRES-tTA2)/wt,multiplane-ophys_800792_2025-08-29_13-40-16_processed_2026-08-19_00-55-09,True
800792,multiplane-ophys_800792_2025-08-29_13-40-16,STAGE_1,STAGE_1,,25,2025-08-29,VISp_2,2,VISp,116,10.63,0,Slc32a1-IRES-Cre/wt;Oi1(TIT2L-jGCaMP8s-WPRE-ICL-IRES-tTA2)/wt,multiplane-ophys_800792_2025-08-29_13-40-16_processed_2026-08-19_00-55-09,True
800792,multiplane-ophys_800792_2025-08-29_13-40-16,STAGE_1,STAGE_1,,25,2025-08-29,VISp_3,3,VISp,240,10.63,0,Slc32a1-IRES-Cre/wt;Oi1(TIT2L-jGCaMP8s-WPRE-ICL-IRES-tTA2)/wt,multiplane-ophys_800792_2025-08-29_13-40-16_processed_2026-08-19_00-55-09,True
800792,multiplane-ophys_800792_2025-08-29_13-40-16,STAGE_1,STAGE_1,,25,2025-08-29,VISp_4,4,VISp,86,10.63,0,Slc32a1-IRES-Cre/wt;Oi1(TIT2L-jGCaMP8s-WPRE-ICL-IRES-tTA2)/wt,multiplane-ophys_800792_2025-08-29_13-40-16_processed_2026-08-19_00-55-09,True
800792,multiplane-ophys_800792_2025-08-29_13-40-16,STAGE_1,STAGE_1,,25,2025-08-29,VISp_5,5,VISp,268,10.63,0,Slc32a1-IRES-Cre/wt;Oi1(TIT2L-jGCaMP8s-WPRE-ICL-IRES-tTA2)/wt,multiplane-ophys_800792_2025-08-29_13-40-16_processed_2026-08-19_00-55-09,True
800792,multiplane-ophys_800792_2025-08-29_13-40-16,STAGE_1,STAGE_1,,25,2025-08-29,VISp_6,6,VISp,38,10.63,0,Slc32a1-IRES-Cre/wt;Oi1(TIT2L-jGCaMP8s-WPRE-ICL-IRES-tTA2)/wt,multiplane-ophys_800792_2025-08-29_13-40-16_processed_2026-08-19_00-55-09,True
800792,multiplane-ophys_800792_2025-08-29_13-40-16,STAGE_1,STAGE_1,,25,2025-08-29,VISp_7,7,VISp,300,10.63,0,Slc32a1-IRES-Cre/wt;Oi1(TIT2L-jGCaMP8s-WPRE-ICL-IRES-tTA2)/wt,multiplane-ophys_800792_2025-08-29_13-40-16_processed_2026-08-19_00-55-09,True
800792,multiplane-ophys_800792_2025-11-06_11-00-52,STAGE_1,STAGE_1,,26,2025-11-06,VISp_0,0,VISp,155,42.52,0,Slc32a1-IRES-Cre/wt;Oi1(TIT2L-jGCaMP8s-WPRE-ICL-IRES-tTA2)/wt,multiplane-ophys_800792_2025-11-06_11-00-52_processed_2026-08-19_00-53-54,True
800792,multiplane-ophys_800792_2025-11-06_11-00-52,STAGE_1,STAGE_1,,26,2025-11-06,VISp_1,1,VISp,300,42.52,0,Slc32a1-IRES-Cre/wt;Oi1(TIT2L-jGCaMP8s-WPRE-ICL-IRES-tTA2)/wt,multiplane-ophys_800792_2025-11-06_11-00-52_processed_2026-08-19_00-53-54,True
800792,multiplane-ophys_800792_2025-11-07_11-04-07,STAGE_1,STAGE_1,,27,2025-11-07,VISp_0,0,VISp,164,42.52,0,Slc32a1-IRES-Cre/wt;Oi1(TIT2L-jGCaMP8s-WPRE-ICL-IRES-tTA2)/wt,multiplane-ophys_800792_2025-11-07_11-04-07_processed_2026-08-19_00-53-56,True
800792,multiplane-ophys_800792_2025-11-07_11-04-07,STAGE_1,STAGE_1,,27,2025-11-07,VISp_1,1,VISp,306,42.52,0,Slc32a1-IRES-Cre/wt;Oi1(TIT2L-jGCaMP8s-WPRE-ICL-IRES-tTA2)/wt,multiplane-ophys_800792_2025-11-07_11-04-07_processed_2026-08-19_00-53-56,True
800792,multiplane-ophys_800792_2025-11-11_09-26-07,STAGE_1,STAGE_1,,28,2025-11-11,VISp_0,0,VISp,89,42.52,0,Slc32a1-IRES-Cre/wt;Oi1(TIT2L-jGCaMP8s-WPRE-ICL-IRES-tTA2)/wt,multiplane-ophys_800792_2025-11-11_09-26-07_processed_2026-08-19_00-53-56,True
800792,multiplane-ophys_800792_2025-11-11_09-26-07,STAGE_1,STAGE_1,,28,2025-11-11,VISp_1,1,VISp,337,42.52,0,Slc32a1-IRES-Cre/wt;Oi1(TIT2L-jGCaMP8s-WPRE-ICL-IRES-tTA2)/wt,multiplane-ophys_800792_2025-11-11_09-26-07_processed_2026-08-19_00-53-56,True
800792,multiplane-ophys_800792_2025-11-17_11-16-34,STAGE_1,STAGE_1,,29,2025-11-17,VISp_0,0,VISp,90,42.52,0,Slc32a1-IRES-Cre/wt;Oi1(TIT2L-jGCaMP8s-WPRE-ICL-IRES-tTA2)/wt,multiplane-ophys_800792_2025-11-17_11-16-34_processed_2026-08-19_00-54-00,True
800792,multiplane-ophys_800792_2025-11-17_11-16-34,STAGE_1,STAGE_1,,29,2025-11-17,VISp_1,1,VISp,330,42.52,0,Slc32a1-IRES-Cre/wt;Oi1(TIT2L-jGCaMP8s-WPRE-ICL-IRES-tTA2)/wt,multiplane-ophys_800792_2025-11-17_11-16-34_processed_2026-08-19_00-54-00,True
800995,multiplane-ophys_800995_2025-08-05_13-25-58,TRAINING_0_gratings_autorewards_15min,TRAINING_0,,1,2025-08-05,VISp_0,0,VISp,164,10.63,0,Slc32a1-IRES-Cre/wt;Oi1(TIT2L-jGCaMP8s-WPRE-ICL-IRES-tTA2)/wt,multiplane-ophys_800995_2025-08-05_13-25-58_processed_2026-08-19_00-54-24,True
800995,multiplane-ophys_800995_2025-08-05_13-25-58,TRAINING_0_gratings_autorewards_15min,TRAINING_0,,1,2025-08-05,VISp_1,1,VISp,200,10.63,0,Slc32a1-IRES-Cre/wt;Oi1(TIT2L-jGCaMP8s-WPRE-ICL-IRES-tTA2)/wt,multiplane-ophys_800995_2025-08-05_13-25-58_processed_2026-08-19_00-54-24,True
800995,multiplane-ophys_800995_2025-08-05_13-25-58,TRAINING_0_gratings_autorewards_15min,TRAINING_0,,1,2025-08-05,VISp_2,2,VISp,120,10.63,0,Slc32a1-IRES-Cre/wt;Oi1(TIT2L-jGCaMP8s-WPRE-ICL-IRES-tTA2)/wt,multiplane-ophys_800995_2025-08-05_13-25-58_processed_2026-08-19_00-54-24,True
800995,multiplane-ophys_800995_2025-08-05_13-25-58,TRAINING_0_gratings_autorewards_15min,TRAINING_0,,1,2025-08-05,VISp_3,3,VISp,232,10.63,0,Slc32a1-IRES-Cre/wt;Oi1(TIT2L-jGCaMP8s-WPRE-ICL-IRES-tTA2)/wt,multiplane-ophys_800995_2025-08-05_13-25-58_processed_2026-08-19_00-54-24,True
800995,multiplane-ophys_800995_2025-08-05_13-25-58,TRAINING_0_gratings_autorewards_15min,TRAINING_0,,1,2025-08-05,VISp_4,4,VISp,92,10.63,0,Slc32a1-IRES-Cre/wt;Oi1(TIT2L-jGCaMP8s-WPRE-ICL-IRES-tTA2)/wt,multiplane-ophys_800995_2025-08-05_13-25-58_processed_2026-08-19_00-54-24,True
800995,multiplane-ophys_800995_2025-08-05_13-25-58,TRAINING_0_gratings_autorewards_15min,TRAINING_0,,1,2025-08-05,VISp_5,5,VISp,272,10.63,0,Slc32a1-IRES-Cre/wt;Oi1(TIT2L-jGCaMP8s-WPRE-ICL-IRES-tTA2)/wt,multiplane-ophys_800995_2025-08-05_13-25-58_processed_2026-08-19_00-54-24,True
800995,multiplane-ophys_800995_2025-08-05_13-25-58,TRAINING_0_gratings_autorewards_15min,TRAINING_0,,1,2025-08-05,VISp_6,6,VISp,32,10.63,0,Slc32a1-IRES-Cre/wt;Oi1(TIT2L-jGCaMP8s-WPRE-ICL-IRES-tTA2)/wt,multiplane-ophys_800995_2025-08-05_13-25-58_processed_2026-08-19_00-54-24,True
800995,multiplane-ophys_800995_2025-08-05_13-25-58,TRAINING_0_gratings_autorewards_15min,TRAINING_0,,1,2025-08-05,VISp_7,7,VISp,322,10.63,0,Slc32a1-IRES-Cre/wt;Oi1(TIT2L-jGCaMP8s-WPRE-ICL-IRES-tTA2)/wt,multiplane-ophys_800995_2025-08-05_13-25-58_processed_2026-08-19_00-54-24,True
800995,multiplane-ophys_800995_2025-08-07_12-29-04,TRAINING_1_gratings,TRAINING_1,,2,2025-08-07,VISp_0,0,VISp,168,10.63,0,Slc32a1-IRES-Cre/wt;Oi1(TIT2L-jGCaMP8s-WPRE-ICL-IRES-tTA2)/wt,multiplane-ophys_800995_2025-08-07_12-29-04_processed_2026-08-19_00-56-29,True
800995,multiplane-ophys_800995_2025-08-07_12-29-04,TRAINING_1_gratings,TRAINING_1,,2,2025-08-07,VISp_1,1,VISp,204,10.63,0,Slc32a1-IRES-Cre/wt;Oi1(TIT2L-jGCaMP8s-WPRE-ICL-IRES-tTA2)/wt,multiplane-ophys_800995_2025-08-07_12-29-04_processed_2026-08-19_00-56-29,True
800995,multiplane-ophys_800995_2025-08-07_12-29-04,TRAINING_1_gratings,TRAINING_1,,2,2025-08-07,VISp_2,2,VISp,122,10.63,0,Slc32a1-IRES-Cre/wt;Oi1(TIT2L-jGCaMP8s-WPRE-ICL-IRES-tTA2)/wt,multiplane-ophys_800995_2025-08-07_12-29-04_processed_2026-08-19_00-56-29,True
800995,multiplane-ophys_800995_2025-08-07_12-29-04,TRAINING_1_gratings,TRAINING_1,,2,2025-08-07,VISp_3,3,VISp,232,10.63,0,Slc32a1-IRES-Cre/wt;Oi1(TIT2L-jGCaMP8s-WPRE-ICL-IRES-tTA2)/wt,multiplane-ophys_800995_2025-08-07_12-29-04_processed_2026-08-19_00-56-29,True
800995,multiplane-ophys_800995_2025-08-07_12-29-04,TRAINING_1_gratings,TRAINING_1,,2,2025-08-07,VISp_4,4,VISp,92,10.63,0,Slc32a1-IRES-Cre/wt;Oi1(TIT2L-jGCaMP8s-WPRE-ICL-IRES-tTA2)/wt,multiplane-ophys_800995_2025-08-07_12-29-04_processed_2026-08-19_00-56-29,True
800995,multiplane-ophys_800995_2025-08-07_12-29-04,TRAINING_1_gratings,TRAINING_1,,2,2025-08-07,VISp_5,5,VISp,272,10.63,0,Slc32a1-IRES-Cre/wt;Oi1(TIT2L-jGCaMP8s-WPRE-ICL-IRES-tTA2)/wt,multiplane-ophys_800995_2025-08-07_12-29-04_processed_2026-08-19_00-56-29,True
800995,multiplane-ophys_800995_2025-08-07_12-29-04,TRAINING_1_gratings,TRAINING_1,,2,2025-08-07,VISp_6,6,VISp,36,10.63,0,Slc32a1-IRES-Cre/wt;Oi1(TIT2L-jGCaMP8s-WPRE-ICL-IRES-tTA2)/wt,multiplane-ophys_800995_2025-08-07_12-29-04_processed_2026-08-19_00-56-29,True
800995,multiplane-ophys_800995_2025-08-07_12-29-04,TRAINING_1_gratings,TRAINING_1,,2,2025-08-07,VISp_7,7,VISp,300,10.63,0,Slc32a1-IRES-Cre/wt;Oi1(TIT2L-jGCaMP8s-WPRE-ICL-IRES-tTA2)/wt,multiplane-ophys_800995_2025-08-07_12-29-04_processed_2026-08-19_00-56-29,True
800995,multiplane-ophys_800995_2025-08-08_12-49-42,TRAINING_1_gratings,TRAINING_1,,3,2025-08-08,VISp_0,0,VISp,164,10.63,0,Slc32a1-IRES-Cre/wt;Oi1(TIT2L-jGCaMP8s-WPRE-ICL-IRES-tTA2)/wt,multiplane-ophys_800995_2025-08-08_12-49-42_processed_2026-08-19_00-56-19,True
800995,multiplane-ophys_800995_2025-08-08_12-49-42,TRAINING_1_gratings,TRAINING_1,,3,2025-08-08,VISp_1,1,VISp,198,10.63,0,Slc32a1-IRES-Cre/wt;Oi1(TIT2L-jGCaMP8s-WPRE-ICL-IRES-tTA2)/wt,multiplane-ophys_800995_2025-08-08_12-49-42_processed_2026-08-19_00-56-19,True
800995,multiplane-ophys_800995_2025-08-08_12-49-42,TRAINING_1_gratings,TRAINING_1,,3,2025-08-08,VISp_2,2,VISp,122,10.63,0,Slc32a1-IRES-Cre/wt;Oi1(TIT2L-jGCaMP8s-WPRE-ICL-IRES-tTA2)/wt,multiplane-ophys_800995_2025-08-08_12-49-42_processed_2026-08-19_00-56-19,True
800995,multiplane-ophys_800995_2025-08-08_12-49-42,TRAINING_1_gratings,TRAINING_1,,3,2025-08-08,VISp_3,3,VISp,234,10.63,0,Slc32a1-IRES-Cre/wt;Oi1(TIT2L-jGCaMP8s-WPRE-ICL-IRES-tTA2)/wt,multiplane-ophys_800995_2025-08-08_12-49-42_processed_2026-08-19_00-56-19,True
800995,multiplane-ophys_800995_2025-08-08_12-49-42,TRAINING_1_gratings,TRAINING_1,,3,2025-08-08,VISp_4,4,VISp,92,10.63,0,Slc32a1-IRES-Cre/wt;Oi1(TIT2L-jGCaMP8s-WPRE-ICL-IRES-tTA2)/wt,multiplane-ophys_800995_2025-08-08_12-49-42_processed_2026-08-19_00-56-19,True
800995,multiplane-ophys_800995_2025-08-08_12-49-42,TRAINING_1_gratings,TRAINING_1,,3,2025-08-08,VISp_5,5,VISp,270,10.63,0,Slc32a1-IRES-Cre/wt;Oi1(TIT2L-jGCaMP8s-WPRE-ICL-IRES-tTA2)/wt,multiplane-ophys_800995_2025-08-08_12-49-42_processed_2026-08-19_00-56-19,True
800995,multiplane-ophys_800995_2025-08-08_12-49-42,TRAINING_1_gratings,TRAINING_1,,3,2025-08-08,VISp_6,6,VISp,28,10.63,0,Slc32a1-IRES-Cre/wt;Oi1(TIT2L-jGCaMP8s-WPRE-ICL-IRES-tTA2)/wt,multiplane-ophys_800995_2025-08-08_12-49-42_processed_2026-08-19_00-56-19,True
800995,multiplane-ophys_800995_2025-08-08_12-49-42,TRAINING_1_gratings,TRAINING_1,,3,2025-08-08,VISp_7,7,VISp,314,10.63,0,Slc32a1-IRES-Cre/wt;Oi1(TIT2L-jGCaMP8s-WPRE-ICL-IRES-tTA2)/wt,multiplane-ophys_800995_2025-08-08_12-49-42_processed_2026-08-19_00-56-19,True
800995,multiplane-ophys_800995_2025-08-11_11-02-36,TRAINING_1_gratings,TRAINING_1,,4,2025-08-11,VISp_0,0,VISp,160,10.63,0,Slc32a1-IRES-Cre/wt;Oi1(TIT2L-jGCaMP8s-WPRE-ICL-IRES-tTA2)/wt,multiplane-ophys_800995_2025-08-11_11-02-36_processed_2026-08-19_00-56-16,True
800995,multiplane-ophys_800995_2025-08-11_11-02-36,TRAINING_1_gratings,TRAINING_1,,4,2025-08-11,VISp_1,1,VISp,192,10.63,0,Slc32a1-IRES-Cre/wt;Oi1(TIT2L-jGCaMP8s-WPRE-ICL-IRES-tTA2)/wt,multiplane-ophys_800995_2025-08-11_11-02-36_processed_2026-08-19_00-56-16,True
800995,multiplane-ophys_800995_2025-08-11_11-02-36,TRAINING_1_gratings,TRAINING_1,,4,2025-08-11,VISp_2,2,VISp,120,10.63,0,Slc32a1-IRES-Cre/wt;Oi1(TIT2L-jGCaMP8s-WPRE-ICL-IRES-tTA2)/wt,multiplane-ophys_800995_2025-08-11_11-02-36_processed_2026-08-19_00-56-16,True
800995,multiplane-ophys_800995_2025-08-11_11-02-36,TRAINING_1_gratings,TRAINING_1,,4,2025-08-11,VISp_3,3,VISp,224,10.63,0,Slc32a1-IRES-Cre/wt;Oi1(TIT2L-jGCaMP8s-WPRE-ICL-IRES-tTA2)/wt,multiplane-ophys_800995_2025-08-11_11-02-36_processed_2026-08-19_00-56-16,True
800995,multiplane-ophys_800995_2025-08-11_11-02-36,TRAINING_1_gratings,TRAINING_1,,4,2025-08-11,VISp_4,4,VISp,92,10.63,0,Slc32a1-IRES-Cre/wt;Oi1(TIT2L-jGCaMP8s-WPRE-ICL-IRES-tTA2)/wt,multiplane-ophys_800995_2025-08-11_11-02-36_processed_2026-08-19_00-56-16,True
800995,multiplane-ophys_800995_2025-08-11_11-02-36,TRAINING_1_gratings,TRAINING_1,,4,2025-08-11,VISp_5,5,VISp,272,10.63,0,Slc32a1-IRES-Cre/wt;Oi1(TIT2L-jGCaMP8s-WPRE-ICL-IRES-tTA2)/wt,multiplane-ophys_800995_2025-08-11_11-02-36_processed_2026-08-19_00-56-16,True
800995,multiplane-ophys_800995_2025-08-11_11-02-36,TRAINING_1_gratings,TRAINING_1,,4,2025-08-11,VISp_6,6,VISp,30,10.63,0,Slc32a1-IRES-Cre/wt;Oi1(TIT2L-jGCaMP8s-WPRE-ICL-IRES-tTA2)/wt,multiplane-ophys_800995_2025-08-11_11-02-36_processed_2026-08-19_00-56-16,True
800995,multiplane-ophys_800995_2025-08-11_11-02-36,TRAINING_1_gratings,TRAINING_1,,4,2025-08-11,VISp_7,7,VISp,308,10.63,0,Slc32a1-IRES-Cre/wt;Oi1(TIT2L-jGCaMP8s-WPRE-ICL-IRES-tTA2)/wt,multiplane-ophys_800995_2025-08-11_11-02-36_processed_2026-08-19_00-56-16,True
800995,multiplane-ophys_800995_2025-08-12_10-33-26,TRAINING_2_gratings_flashed,TRAINING_2,,5,2025-08-12,VISp_0,0,VISp,156,10.63,0,Slc32a1-IRES-Cre/wt;Oi1(TIT2L-jGCaMP8s-WPRE-ICL-IRES-tTA2)/wt,multiplane-ophys_800995_2025-08-12_10-33-26_processed_2026-08-19_00-56-36,True
800995,multiplane-ophys_800995_2025-08-12_10-33-26,TRAINING_2_gratings_flashed,TRAINING_2,,5,2025-08-12,VISp_1,1,VISp,196,10.63,0,Slc32a1-IRES-Cre/wt;Oi1(TIT2L-jGCaMP8s-WPRE-ICL-IRES-tTA2)/wt,multiplane-ophys_800995_2025-08-12_10-33-26_processed_2026-08-19_00-56-36,True
800995,multiplane-ophys_800995_2025-08-12_10-33-26,TRAINING_2_gratings_flashed,TRAINING_2,,5,2025-08-12,VISp_2,2,VISp,108,10.63,0,Slc32a1-IRES-Cre/wt;Oi1(TIT2L-jGCaMP8s-WPRE-ICL-IRES-tTA2)/wt,multiplane-ophys_800995_2025-08-12_10-33-26_processed_2026-08-19_00-56-36,True
800995,multiplane-ophys_800995_2025-08-12_10-33-26,TRAINING_2_gratings_flashed,TRAINING_2,,5,2025-08-12,VISp_3,3,VISp,228,10.63,0,Slc32a1-IRES-Cre/wt;Oi1(TIT2L-jGCaMP8s-WPRE-ICL-IRES-tTA2)/wt,multiplane-ophys_800995_2025-08-12_10-33-26_processed_2026-08-19_00-56-36,True
800995,multiplane-ophys_800995_2025-08-12_10-33-26,TRAINING_2_gratings_flashed,TRAINING_2,,5,2025-08-12,VISp_4,4,VISp,82,10.63,0,Slc32a1-IRES-Cre/wt;Oi1(TIT2L-jGCaMP8s-WPRE-ICL-IRES-tTA2)/wt,multiplane-ophys_800995_2025-08-12_10-33-26_processed_2026-08-19_00-56-36,True
800995,multiplane-ophys_800995_2025-08-12_10-33-26,TRAINING_2_gratings_flashed,TRAINING_2,,5,2025-08-12,VISp_5,5,VISp,260,10.63,0,Slc32a1-IRES-Cre/wt;Oi1(TIT2L-jGCaMP8s-WPRE-ICL-IRES-tTA2)/wt,multiplane-ophys_800995_2025-08-12_10-33-26_processed_2026-08-19_00-56-36,True
800995,multiplane-ophys_800995_2025-08-12_10-33-26,TRAINING_2_gratings_flashed,TRAINING_2,,5,2025-08-12,VISp_6,6,VISp,20,10.63,0,Slc32a1-IRES-Cre/wt;Oi1(TIT2L-jGCaMP8s-WPRE-ICL-IRES-tTA2)/wt,multiplane-ophys_800995_2025-08-12_10-33-26_processed_2026-08-19_00-56-36,True
800995,multiplane-ophys_800995_2025-08-12_10-33-26,TRAINING_2_gratings_flashed,TRAINING_2,,5,2025-08-12,VISp_7,7,VISp,308,10.63,0,Slc32a1-IRES-Cre/wt;Oi1(TIT2L-jGCaMP8s-WPRE-ICL-IRES-tTA2)/wt,multiplane-ophys_800995_2025-08-12_10-33-26_processed_2026-08-19_00-56-36,True
800995,multiplane-ophys_800995_2025-08-13_10-35-25,TRAINING_3_images_A_10uL_reward,TRAINING_3,A,6,2025-08-13,VISp_0,0,VISp,160,10.63,0,Slc32a1-IRES-Cre/wt;Oi1(TIT2L-jGCaMP8s-WPRE-ICL-IRES-tTA2)/wt,multiplane-ophys_800995_2025-08-13_10-35-25_processed_2026-08-19_00-57-26,True
800995,multiplane-ophys_800995_2025-08-13_10-35-25,TRAINING_3_images_A_10uL_reward,TRAINING_3,A,6,2025-08-13,VISp_1,1,VISp,202,10.63,0,Slc32a1-IRES-Cre/wt;Oi1(TIT2L-jGCaMP8s-WPRE-ICL-IRES-tTA2)/wt,multiplane-ophys_800995_2025-08-13_10-35-25_processed_2026-08-19_00-57-26,True
800995,multiplane-ophys_800995_2025-08-13_10-35-25,TRAINING_3_images_A_10uL_reward,TRAINING_3,A,6,2025-08-13,VISp_2,2,VISp,118,10.63,0,Slc32a1-IRES-Cre/wt;Oi1(TIT2L-jGCaMP8s-WPRE-ICL-IRES-tTA2)/wt,multiplane-ophys_800995_2025-08-13_10-35-25_processed_2026-08-19_00-57-26,True
800995,multiplane-ophys_800995_2025-08-13_10-35-25,TRAINING_3_images_A_10uL_reward,TRAINING_3,A,6,2025-08-13,VISp_3,3,VISp,234,10.63,0,Slc32a1-IRES-Cre/wt;Oi1(TIT2L-jGCaMP8s-WPRE-ICL-IRES-tTA2)/wt,multiplane-ophys_800995_2025-08-13_10-35-25_processed_2026-08-19_00-57-26,True
800995,multiplane-ophys_800995_2025-08-13_10-35-25,TRAINING_3_images_A_10uL_reward,TRAINING_3,A,6,2025-08-13,VISp_4,4,VISp,90,10.63,0,Slc32a1-IRES-Cre/wt;Oi1(TIT2L-jGCaMP8s-WPRE-ICL-IRES-tTA2)/wt,multiplane-ophys_800995_2025-08-13_10-35-25_processed_2026-08-19_00-57-26,True
800995,multiplane-ophys_800995_2025-08-13_10-35-25,TRAINING_3_images_A_10uL_reward,TRAINING_3,A,6,2025-08-13,VISp_5,5,VISp,270,10.63,0,Slc32a1-IRES-Cre/wt;Oi1(TIT2L-jGCaMP8s-WPRE-ICL-IRES-tTA2)/wt,multiplane-ophys_800995_2025-08-13_10-35-25_processed_2026-08-19_00-57-26,True
800995,multiplane-ophys_800995_2025-08-13_10-35-25,TRAINING_3_images_A_10uL_reward,TRAINING_3,A,6,2025-08-13,VISp_6,6,VISp,28,10.63,0,Slc32a1-IRES-Cre/wt;Oi1(TIT2L-jGCaMP8s-WPRE-ICL-IRES-tTA2)/wt,multiplane-ophys_800995_2025-08-13_10-35-25_processed_2026-08-19_00-57-26,True
800995,multiplane-ophys_800995_2025-08-13_10-35-25,TRAINING_3_images_A_10uL_reward,TRAINING_3,A,6,2025-08-13,VISp_7,7,VISp,322,10.63,0,Slc32a1-IRES-Cre/wt;Oi1(TIT2L-jGCaMP8s-WPRE-ICL-IRES-tTA2)/wt,multiplane-ophys_800995_2025-08-13_10-35-25_processed_2026-08-19_00-57-26,True
800995,multiplane-ophys_800995_2025-08-14_12-22-10,TRAINING_3_images_A_10uL_reward,TRAINING_3,A,7,2025-08-14,VISp_0,0,VISp,160,10.63,0,Slc32a1-IRES-Cre/wt;Oi1(TIT2L-jGCaMP8s-WPRE-ICL-IRES-tTA2)/wt,multiplane-ophys_800995_2025-08-14_12-22-10_processed_2026-08-19_00-57-29,True
800995,multiplane-ophys_800995_2025-08-14_12-22-10,TRAINING_3_images_A_10uL_reward,TRAINING_3,A,7,2025-08-14,VISp_1,1,VISp,202,10.63,0,Slc32a1-IRES-Cre/wt;Oi1(TIT2L-jGCaMP8s-WPRE-ICL-IRES-tTA2)/wt,multiplane-ophys_800995_2025-08-14_12-22-10_processed_2026-08-19_00-57-29,True
800995,multiplane-ophys_800995_2025-08-14_12-22-10,TRAINING_3_images_A_10uL_reward,TRAINING_3,A,7,2025-08-14,VISp_2,2,VISp,116,10.63,0,Slc32a1-IRES-Cre/wt;Oi1(TIT2L-jGCaMP8s-WPRE-ICL-IRES-tTA2)/wt,multiplane-ophys_800995_2025-08-14_12-22-10_processed_2026-08-19_00-57-29,True
800995,multiplane-ophys_800995_2025-08-14_12-22-10,TRAINING_3_images_A_10uL_reward,TRAINING_3,A,7,2025-08-14,VISp_3,3,VISp,228,10.63,0,Slc32a1-IRES-Cre/wt;Oi1(TIT2L-jGCaMP8s-WPRE-ICL-IRES-tTA2)/wt,multiplane-ophys_800995_2025-08-14_12-22-10_processed_2026-08-19_00-57-29,True
800995,multiplane-ophys_800995_2025-08-14_12-22-10,TRAINING_3_images_A_10uL_reward,TRAINING_3,A,7,2025-08-14,VISp_4,4,VISp,94,10.63,0,Slc32a1-IRES-Cre/wt;Oi1(TIT2L-jGCaMP8s-WPRE-ICL-IRES-tTA2)/wt,multiplane-ophys_800995_2025-08-14_12-22-10_processed_2026-08-19_00-57-29,True
800995,multiplane-ophys_800995_2025-08-14_12-22-10,TRAINING_3_images_A_10uL_reward,TRAINING_3,A,7,2025-08-14,VISp_5,5,VISp,274,10.63,0,Slc32a1-IRES-Cre/wt;Oi1(TIT2L-jGCaMP8s-WPRE-ICL-IRES-tTA2)/wt,multiplane-ophys_800995_2025-08-14_12-22-10_processed_2026-08-19_00-57-29,True
800995,multiplane-ophys_800995_2025-08-14_12-22-10,TRAINING_3_images_A_10uL_reward,TRAINING_3,A,7,2025-08-14,VISp_6,6,VISp,28,10.63,0,Slc32a1-IRES-Cre/wt;Oi1(TIT2L-jGCaMP8s-WPRE-ICL-IRES-tTA2)/wt,multiplane-ophys_800995_2025-08-14_12-22-10_processed_2026-08-19_00-57-29,True
800995,multiplane-ophys_800995_2025-08-14_12-22-10,TRAINING_3_images_A_10uL_reward,TRAINING_3,A,7,2025-08-14,VISp_7,7,VISp,314,10.63,0,Slc32a1-IRES-Cre/wt;Oi1(TIT2L-jGCaMP8s-WPRE-ICL-IRES-tTA2)/wt,multiplane-ophys_800995_2025-08-14_12-22-10_processed_2026-08-19_00-57-29,True
800995,multiplane-ophys_800995_2025-08-15_12-44-14,TRAINING_3_images_A_10uL_reward,TRAINING_3,A,8,2025-08-15,VISp_0,0,VISp,164,10.63,0,Slc32a1-IRES-Cre/wt;Oi1(TIT2L-jGCaMP8s-WPRE-ICL-IRES-tTA2)/wt,multiplane-ophys_800995_2025-08-15_12-44-14_processed_2026-08-19_00-57-33,True
800995,multiplane-ophys_800995_2025-08-15_12-44-14,TRAINING_3_images_A_10uL_reward,TRAINING_3,A,8,2025-08-15,VISp_1,1,VISp,200,10.63,0,Slc32a1-IRES-Cre/wt;Oi1(TIT2L-jGCaMP8s-WPRE-ICL-IRES-tTA2)/wt,multiplane-ophys_800995_2025-08-15_12-44-14_processed_2026-08-19_00-57-33,True
800995,multiplane-ophys_800995_2025-08-15_12-44-14,TRAINING_3_images_A_10uL_reward,TRAINING_3,A,8,2025-08-15,VISp_2,2,VISp,120,10.63,0,Slc32a1-IRES-Cre/wt;Oi1(TIT2L-jGCaMP8s-WPRE-ICL-IRES-tTA2)/wt,multiplane-ophys_800995_2025-08-15_12-44-14_processed_2026-08-19_00-57-33,True
800995,multiplane-ophys_800995_2025-08-15_12-44-14,TRAINING_3_images_A_10uL_reward,TRAINING_3,A,8,2025-08-15,VISp_3,3,VISp,232,10.63,0,Slc32a1-IRES-Cre/wt;Oi1(TIT2L-jGCaMP8s-WPRE-ICL-IRES-tTA2)/wt,multiplane-ophys_800995_2025-08-15_12-44-14_processed_2026-08-19_00-57-33,True
800995,multiplane-ophys_800995_2025-08-15_12-44-14,TRAINING_3_images_A_10uL_reward,TRAINING_3,A,8,2025-08-15,VISp_4,4,VISp,92,10.63,0,Slc32a1-IRES-Cre/wt;Oi1(TIT2L-jGCaMP8s-WPRE-ICL-IRES-tTA2)/wt,multiplane-ophys_800995_2025-08-15_12-44-14_processed_2026-08-19_00-57-33,True
800995,multiplane-ophys_800995_2025-08-15_12-44-14,TRAINING_3_images_A_10uL_reward,TRAINING_3,A,8,2025-08-15,VISp_5,5,VISp,270,10.63,0,Slc32a1-IRES-Cre/wt;Oi1(TIT2L-jGCaMP8s-WPRE-ICL-IRES-tTA2)/wt,multiplane-ophys_800995_2025-08-15_12-44-14_processed_2026-08-19_00-57-33,True
800995,multiplane-ophys_800995_2025-08-15_12-44-14,TRAINING_3_images_A_10uL_reward,TRAINING_3,A,8,2025-08-15,VISp_6,6,VISp,32,10.63,0,Slc32a1-IRES-Cre/wt;Oi1(TIT2L-jGCaMP8s-WPRE-ICL-IRES-tTA2)/wt,multiplane-ophys_800995_2025-08-15_12-44-14_processed_2026-08-19_00-57-33,True
800995,multiplane-ophys_800995_2025-08-15_12-44-14,TRAINING_3_images_A_10uL_reward,TRAINING_3,A,8,2025-08-15,VISp_7,7,VISp,316,10.63,0,Slc32a1-IRES-Cre/wt;Oi1(TIT2L-jGCaMP8s-WPRE-ICL-IRES-tTA2)/wt,multiplane-ophys_800995_2025-08-15_12-44-14_processed_2026-08-19_00-57-33,True
800995,multiplane-ophys_800995_2025-08-18_12-03-27,TRAINING_4_images_A_training,TRAINING_4,A,9,2025-08-18,VISp_0,0,VISp,158,10.63,0,Slc32a1-IRES-Cre/wt;Oi1(TIT2L-jGCaMP8s-WPRE-ICL-IRES-tTA2)/wt,multiplane-ophys_800995_2025-08-18_12-03-27_processed_2026-08-19_00-58-04,True
800995,multiplane-ophys_800995_2025-08-18_12-03-27,TRAINING_4_images_A_training,TRAINING_4,A,9,2025-08-18,VISp_1,1,VISp,196,10.63,0,Slc32a1-IRES-Cre/wt;Oi1(TIT2L-jGCaMP8s-WPRE-ICL-IRES-tTA2)/wt,multiplane-ophys_800995_2025-08-18_12-03-27_processed_2026-08-19_00-58-04,True
800995,multiplane-ophys_800995_2025-08-18_12-03-27,TRAINING_4_images_A_training,TRAINING_4,A,9,2025-08-18,VISp_2,2,VISp,110,10.63,0,Slc32a1-IRES-Cre/wt;Oi1(TIT2L-jGCaMP8s-WPRE-ICL-IRES-tTA2)/wt,multiplane-ophys_800995_2025-08-18_12-03-27_processed_2026-08-19_00-58-04,True
800995,multiplane-ophys_800995_2025-08-18_12-03-27,TRAINING_4_images_A_training,TRAINING_4,A,9,2025-08-18,VISp_3,3,VISp,228,10.63,0,Slc32a1-IRES-Cre/wt;Oi1(TIT2L-jGCaMP8s-WPRE-ICL-IRES-tTA2)/wt,multiplane-ophys_800995_2025-08-18_12-03-27_processed_2026-08-19_00-58-04,True
800995,multiplane-ophys_800995_2025-08-18_12-03-27,TRAINING_4_images_A_training,TRAINING_4,A,9,2025-08-18,VISp_4,4,VISp,92,10.63,0,Slc32a1-IRES-Cre/wt;Oi1(TIT2L-jGCaMP8s-WPRE-ICL-IRES-tTA2)/wt,multiplane-ophys_800995_2025-08-18_12-03-27_processed_2026-08-19_00-58-04,True
800995,multiplane-ophys_800995_2025-08-18_12-03-27,TRAINING_4_images_A_training,TRAINING_4,A,9,2025-08-18,VISp_5,5,VISp,268,10.63,0,Slc32a1-IRES-Cre/wt;Oi1(TIT2L-jGCaMP8s-WPRE-ICL-IRES-tTA2)/wt,multiplane-ophys_800995_2025-08-18_12-03-27_processed_2026-08-19_00-58-04,True
800995,multiplane-ophys_800995_2025-08-18_12-03-27,TRAINING_4_images_A_training,TRAINING_4,A,9,2025-08-18,VISp_6,6,VISp,26,10.63,0,Slc32a1-IRES-Cre/wt;Oi1(TIT2L-jGCaMP8s-WPRE-ICL-IRES-tTA2)/wt,multiplane-ophys_800995_2025-08-18_12-03-27_processed_2026-08-19_00-58-04,True
800995,multiplane-ophys_800995_2025-08-18_12-03-27,TRAINING_4_images_A_training,TRAINING_4,A,9,2025-08-18,VISp_7,7,VISp,316,10.63,0,Slc32a1-IRES-Cre/wt;Oi1(TIT2L-jGCaMP8s-WPRE-ICL-IRES-tTA2)/wt,multiplane-ophys_800995_2025-08-18_12-03-27_processed_2026-08-19_00-58-04,True
800995,multiplane-ophys_800995_2025-08-19_10-54-26,TRAINING_5_images_A_epilogue,TRAINING_5,A,10,2025-08-19,VISp_0,0,VISp,158,10.63,0,Slc32a1-IRES-Cre/wt;Oi1(TIT2L-jGCaMP8s-WPRE-ICL-IRES-tTA2)/wt,multiplane-ophys_800995_2025-08-19_10-54-26_processed_2026-08-19_00-57-53,True
800995,multiplane-ophys_800995_2025-08-19_10-54-26,TRAINING_5_images_A_epilogue,TRAINING_5,A,10,2025-08-19,VISp_1,1,VISp,198,10.63,0,Slc32a1-IRES-Cre/wt;Oi1(TIT2L-jGCaMP8s-WPRE-ICL-IRES-tTA2)/wt,multiplane-ophys_800995_2025-08-19_10-54-26_processed_2026-08-19_00-57-53,True
800995,multiplane-ophys_800995_2025-08-19_10-54-26,TRAINING_5_images_A_epilogue,TRAINING_5,A,10,2025-08-19,VISp_2,2,VISp,110,10.63,0,Slc32a1-IRES-Cre/wt;Oi1(TIT2L-jGCaMP8s-WPRE-ICL-IRES-tTA2)/wt,multiplane-ophys_800995_2025-08-19_10-54-26_processed_2026-08-19_00-57-53,True
800995,multiplane-ophys_800995_2025-08-19_10-54-26,TRAINING_5_images_A_epilogue,TRAINING_5,A,10,2025-08-19,VISp_3,3,VISp,228,10.63,0,Slc32a1-IRES-Cre/wt;Oi1(TIT2L-jGCaMP8s-WPRE-ICL-IRES-tTA2)/wt,multiplane-ophys_800995_2025-08-19_10-54-26_processed_2026-08-19_00-57-53,True
800995,multiplane-ophys_800995_2025-08-19_10-54-26,TRAINING_5_images_A_epilogue,TRAINING_5,A,10,2025-08-19,VISp_4,4,VISp,90,10.63,0,Slc32a1-IRES-Cre/wt;Oi1(TIT2L-jGCaMP8s-WPRE-ICL-IRES-tTA2)/wt,multiplane-ophys_800995_2025-08-19_10-54-26_processed_2026-08-19_00-57-53,True
800995,multiplane-ophys_800995_2025-08-19_10-54-26,TRAINING_5_images_A_epilogue,TRAINING_5,A,10,2025-08-19,VISp_5,5,VISp,264,10.63,0,Slc32a1-IRES-Cre/wt;Oi1(TIT2L-jGCaMP8s-WPRE-ICL-IRES-tTA2)/wt,multiplane-ophys_800995_2025-08-19_10-54-26_processed_2026-08-19_00-57-53,True
800995,multiplane-ophys_800995_2025-08-19_10-54-26,TRAINING_5_images_A_epilogue,TRAINING_5,A,10,2025-08-19,VISp_6,6,VISp,26,10.63,0,Slc32a1-IRES-Cre/wt;Oi1(TIT2L-jGCaMP8s-WPRE-ICL-IRES-tTA2)/wt,multiplane-ophys_800995_2025-08-19_10-54-26_processed_2026-08-19_00-57-53,True
800995,multiplane-ophys_800995_2025-08-19_10-54-26,TRAINING_5_images_A_epilogue,TRAINING_5,A,10,2025-08-19,VISp_7,7,VISp,316,10.63,0,Slc32a1-IRES-Cre/wt;Oi1(TIT2L-jGCaMP8s-WPRE-ICL-IRES-tTA2)/wt,multiplane-ophys_800995_2025-08-19_10-54-26_processed_2026-08-19_00-57-53,True
800995,multiplane-ophys_800995_2025-08-20_12-33-49,TRAINING_5_images_A_handoff_ready,TRAINING_5,A,11,2025-08-20,VISp_0,0,VISp,152,10.63,0,Slc32a1-IRES-Cre/wt;Oi1(TIT2L-jGCaMP8s-WPRE-ICL-IRES-tTA2)/wt,multiplane-ophys_800995_2025-08-20_12-33-49_processed_2026-08-19_00-57-56,True
800995,multiplane-ophys_800995_2025-08-20_12-33-49,TRAINING_5_images_A_handoff_ready,TRAINING_5,A,11,2025-08-20,VISp_1,1,VISp,198,10.63,0,Slc32a1-IRES-Cre/wt;Oi1(TIT2L-jGCaMP8s-WPRE-ICL-IRES-tTA2)/wt,multiplane-ophys_800995_2025-08-20_12-33-49_processed_2026-08-19_00-57-56,True
800995,multiplane-ophys_800995_2025-08-20_12-33-49,TRAINING_5_images_A_handoff_ready,TRAINING_5,A,11,2025-08-20,VISp_2,2,VISp,118,10.63,0,Slc32a1-IRES-Cre/wt;Oi1(TIT2L-jGCaMP8s-WPRE-ICL-IRES-tTA2)/wt,multiplane-ophys_800995_2025-08-20_12-33-49_processed_2026-08-19_00-57-56,True
800995,multiplane-ophys_800995_2025-08-20_12-33-49,TRAINING_5_images_A_handoff_ready,TRAINING_5,A,11,2025-08-20,VISp_3,3,VISp,228,10.63,0,Slc32a1-IRES-Cre/wt;Oi1(TIT2L-jGCaMP8s-WPRE-ICL-IRES-tTA2)/wt,multiplane-ophys_800995_2025-08-20_12-33-49_processed_2026-08-19_00-57-56,True
800995,multiplane-ophys_800995_2025-08-20_12-33-49,TRAINING_5_images_A_handoff_ready,TRAINING_5,A,11,2025-08-20,VISp_4,4,VISp,92,10.63,0,Slc32a1-IRES-Cre/wt;Oi1(TIT2L-jGCaMP8s-WPRE-ICL-IRES-tTA2)/wt,multiplane-ophys_800995_2025-08-20_12-33-49_processed_2026-08-19_00-57-56,True
800995,multiplane-ophys_800995_2025-08-20_12-33-49,TRAINING_5_images_A_handoff_ready,TRAINING_5,A,11,2025-08-20,VISp_5,5,VISp,268,10.63,0,Slc32a1-IRES-Cre/wt;Oi1(TIT2L-jGCaMP8s-WPRE-ICL-IRES-tTA2)/wt,multiplane-ophys_800995_2025-08-20_12-33-49_processed_2026-08-19_00-57-56,True
800995,multiplane-ophys_800995_2025-08-20_12-33-49,TRAINING_5_images_A_handoff_ready,TRAINING_5,A,11,2025-08-20,VISp_6,6,VISp,32,10.63,0,Slc32a1-IRES-Cre/wt;Oi1(TIT2L-jGCaMP8s-WPRE-ICL-IRES-tTA2)/wt,multiplane-ophys_800995_2025-08-20_12-33-49_processed_2026-08-19_00-57-56,True
800995,multiplane-ophys_800995_2025-08-20_12-33-49,TRAINING_5_images_A_handoff_ready,TRAINING_5,A,11,2025-08-20,VISp_7,7,VISp,312,10.63,0,Slc32a1-IRES-Cre/wt;Oi1(TIT2L-jGCaMP8s-WPRE-ICL-IRES-tTA2)/wt,multiplane-ophys_800995_2025-08-20_12-33-49_processed_2026-08-19_00-57-56,True
800995,multiplane-ophys_800995_2025-08-21_12-22-40,OPHYS_1_images_A,OPHYS_1,A,12,2025-08-21,VISp_0,0,VISp,156,10.63,0,Slc32a1-IRES-Cre/wt;Oi1(TIT2L-jGCaMP8s-WPRE-ICL-IRES-tTA2)/wt,multiplane-ophys_800995_2025-08-21_12-22-40_processed_2026-08-19_00-57-55,True
800995,multiplane-ophys_800995_2025-08-21_12-22-40,OPHYS_1_images_A,OPHYS_1,A,12,2025-08-21,VISp_1,1,VISp,196,10.63,0,Slc32a1-IRES-Cre/wt;Oi1(TIT2L-jGCaMP8s-WPRE-ICL-IRES-tTA2)/wt,multiplane-ophys_800995_2025-08-21_12-22-40_processed_2026-08-19_00-57-55,True
800995,multiplane-ophys_800995_2025-08-21_12-22-40,OPHYS_1_images_A,OPHYS_1,A,12,2025-08-21,VISp_2,2,VISp,118,10.63,0,Slc32a1-IRES-Cre/wt;Oi1(TIT2L-jGCaMP8s-WPRE-ICL-IRES-tTA2)/wt,multiplane-ophys_800995_2025-08-21_12-22-40_processed_2026-08-19_00-57-55,True
800995,multiplane-ophys_800995_2025-08-21_12-22-40,OPHYS_1_images_A,OPHYS_1,A,12,2025-08-21,VISp_3,3,VISp,228,10.63,0,Slc32a1-IRES-Cre/wt;Oi1(TIT2L-jGCaMP8s-WPRE-ICL-IRES-tTA2)/wt,multiplane-ophys_800995_2025-08-21_12-22-40_processed_2026-08-19_00-57-55,True
800995,multiplane-ophys_800995_2025-08-21_12-22-40,OPHYS_1_images_A,OPHYS_1,A,12,2025-08-21,VISp_4,4,VISp,88,10.63,0,Slc32a1-IRES-Cre/wt;Oi1(TIT2L-jGCaMP8s-WPRE-ICL-IRES-tTA2)/wt,multiplane-ophys_800995_2025-08-21_12-22-40_processed_2026-08-19_00-57-55,True
800995,multiplane-ophys_800995_2025-08-21_12-22-40,OPHYS_1_images_A,OPHYS_1,A,12,2025-08-21,VISp_5,5,VISp,268,10.63,0,Slc32a1-IRES-Cre/wt;Oi1(TIT2L-jGCaMP8s-WPRE-ICL-IRES-tTA2)/wt,multiplane-ophys_800995_2025-08-21_12-22-40_processed_2026-08-19_00-57-55,True
800995,multiplane-ophys_800995_2025-08-21_12-22-40,OPHYS_1_images_A,OPHYS_1,A,12,2025-08-21,VISp_6,6,VISp,26,10.63,0,Slc32a1-IRES-Cre/wt;Oi1(TIT2L-jGCaMP8s-WPRE-ICL-IRES-tTA2)/wt,multiplane-ophys_800995_2025-08-21_12-22-40_processed_2026-08-19_00-57-55,True
800995,multiplane-ophys_800995_2025-08-21_12-22-40,OPHYS_1_images_A,OPHYS_1,A,12,2025-08-21,VISp_7,7,VISp,314,10.63,0,Slc32a1-IRES-Cre/wt;Oi1(TIT2L-jGCaMP8s-WPRE-ICL-IRES-tTA2)/wt,multiplane-ophys_800995_2025-08-21_12-22-40_processed_2026-08-19_00-57-55,True
800995,multiplane-ophys_800995_2025-08-22_12-35-43,OPHYS_1_images_A,OPHYS_1,A,13,2025-08-22,VISp_0,0,VISp,156,10.63,0,Slc32a1-IRES-Cre/wt;Oi1(TIT2L-jGCaMP8s-WPRE-ICL-IRES-tTA2)/wt,multiplane-ophys_800995_2025-08-22_12-35-43_processed_2026-08-19_00-58-52,True
800995,multiplane-ophys_800995_2025-08-22_12-35-43,OPHYS_1_images_A,OPHYS_1,A,13,2025-08-22,VISp_1,1,VISp,194,10.63,0,Slc32a1-IRES-Cre/wt;Oi1(TIT2L-jGCaMP8s-WPRE-ICL-IRES-tTA2)/wt,multiplane-ophys_800995_2025-08-22_12-35-43_processed_2026-08-19_00-58-52,True
800995,multiplane-ophys_800995_2025-08-22_12-35-43,OPHYS_1_images_A,OPHYS_1,A,13,2025-08-22,VISp_2,2,VISp,112,10.63,0,Slc32a1-IRES-Cre/wt;Oi1(TIT2L-jGCaMP8s-WPRE-ICL-IRES-tTA2)/wt,multiplane-ophys_800995_2025-08-22_12-35-43_processed_2026-08-19_00-58-52,True
800995,multiplane-ophys_800995_2025-08-22_12-35-43,OPHYS_1_images_A,OPHYS_1,A,13,2025-08-22,VISp_3,3,VISp,224,10.63,0,Slc32a1-IRES-Cre/wt;Oi1(TIT2L-jGCaMP8s-WPRE-ICL-IRES-tTA2)/wt,multiplane-ophys_800995_2025-08-22_12-35-43_processed_2026-08-19_00-58-52,True
800995,multiplane-ophys_800995_2025-08-22_12-35-43,OPHYS_1_images_A,OPHYS_1,A,13,2025-08-22,VISp_4,4,VISp,88,10.63,0,Slc32a1-IRES-Cre/wt;Oi1(TIT2L-jGCaMP8s-WPRE-ICL-IRES-tTA2)/wt,multiplane-ophys_800995_2025-08-22_12-35-43_processed_2026-08-19_00-58-52,True
800995,multiplane-ophys_800995_2025-08-22_12-35-43,OPHYS_1_images_A,OPHYS_1,A,13,2025-08-22,VISp_5,5,VISp,260,10.63,0,Slc32a1-IRES-Cre/wt;Oi1(TIT2L-jGCaMP8s-WPRE-ICL-IRES-tTA2)/wt,multiplane-ophys_800995_2025-08-22_12-35-43_processed_2026-08-19_00-58-52,True
800995,multiplane-ophys_800995_2025-08-22_12-35-43,OPHYS_1_images_A,OPHYS_1,A,13,2025-08-22,VISp_6,6,VISp,22,10.63,0,Slc32a1-IRES-Cre/wt;Oi1(TIT2L-jGCaMP8s-WPRE-ICL-IRES-tTA2)/wt,multiplane-ophys_800995_2025-08-22_12-35-43_processed_2026-08-19_00-58-52,True
800995,multiplane-ophys_800995_2025-08-22_12-35-43,OPHYS_1_images_A,OPHYS_1,A,13,2025-08-22,VISp_7,7,VISp,312,10.63,0,Slc32a1-IRES-Cre/wt;Oi1(TIT2L-jGCaMP8s-WPRE-ICL-IRES-tTA2)/wt,multiplane-ophys_800995_2025-08-22_12-35-43_processed_2026-08-19_00-58-52,True
800995,multiplane-ophys_800995_2025-08-25_10-49-46,OPHYS_4_images_B,OPHYS_4,B,14,2025-08-25,VISp_0,0,VISp,158,10.63,0,Slc32a1-IRES-Cre/wt;Oi1(TIT2L-jGCaMP8s-WPRE-ICL-IRES-tTA2)/wt,multiplane-ophys_800995_2025-08-25_10-49-46_processed_2026-08-19_00-59-06,True
800995,multiplane-ophys_800995_2025-08-25_10-49-46,OPHYS_4_images_B,OPHYS_4,B,14,2025-08-25,VISp_1,1,VISp,194,10.63,0,Slc32a1-IRES-Cre/wt;Oi1(TIT2L-jGCaMP8s-WPRE-ICL-IRES-tTA2)/wt,multiplane-ophys_800995_2025-08-25_10-49-46_processed_2026-08-19_00-59-06,True
800995,multiplane-ophys_800995_2025-08-25_10-49-46,OPHYS_4_images_B,OPHYS_4,B,14,2025-08-25,VISp_2,2,VISp,120,10.63,0,Slc32a1-IRES-Cre/wt;Oi1(TIT2L-jGCaMP8s-WPRE-ICL-IRES-tTA2)/wt,multiplane-ophys_800995_2025-08-25_10-49-46_processed_2026-08-19_00-59-06,True
800995,multiplane-ophys_800995_2025-08-25_10-49-46,OPHYS_4_images_B,OPHYS_4,B,14,2025-08-25,VISp_3,3,VISp,226,10.63,0,Slc32a1-IRES-Cre/wt;Oi1(TIT2L-jGCaMP8s-WPRE-ICL-IRES-tTA2)/wt,multiplane-ophys_800995_2025-08-25_10-49-46_processed_2026-08-19_00-59-06,True
800995,multiplane-ophys_800995_2025-08-25_10-49-46,OPHYS_4_images_B,OPHYS_4,B,14,2025-08-25,VISp_4,4,VISp,90,10.63,0,Slc32a1-IRES-Cre/wt;Oi1(TIT2L-jGCaMP8s-WPRE-ICL-IRES-tTA2)/wt,multiplane-ophys_800995_2025-08-25_10-49-46_processed_2026-08-19_00-59-06,True
800995,multiplane-ophys_800995_2025-08-25_10-49-46,OPHYS_4_images_B,OPHYS_4,B,14,2025-08-25,VISp_5,5,VISp,266,10.63,0,Slc32a1-IRES-Cre/wt;Oi1(TIT2L-jGCaMP8s-WPRE-ICL-IRES-tTA2)/wt,multiplane-ophys_800995_2025-08-25_10-49-46_processed_2026-08-19_00-59-06,True
800995,multiplane-ophys_800995_2025-08-25_10-49-46,OPHYS_4_images_B,OPHYS_4,B,14,2025-08-25,VISp_6,6,VISp,28,10.63,0,Slc32a1-IRES-Cre/wt;Oi1(TIT2L-jGCaMP8s-WPRE-ICL-IRES-tTA2)/wt,multiplane-ophys_800995_2025-08-25_10-49-46_processed_2026-08-19_00-59-06,True
800995,multiplane-ophys_800995_2025-08-25_10-49-46,OPHYS_4_images_B,OPHYS_4,B,14,2025-08-25,VISp_7,7,VISp,316,10.63,0,Slc32a1-IRES-Cre/wt;Oi1(TIT2L-jGCaMP8s-WPRE-ICL-IRES-tTA2)/wt,multiplane-ophys_800995_2025-08-25_10-49-46_processed_2026-08-19_00-59-06,True
800995,multiplane-ophys_800995_2025-08-26_10-28-40,OPHYS_4_images_B,OPHYS_4,B,15,2025-08-26,VISp_0,0,VISp,158,10.63,0,Slc32a1-IRES-Cre/wt;Oi1(TIT2L-jGCaMP8s-WPRE-ICL-IRES-tTA2)/wt,multiplane-ophys_800995_2025-08-26_10-28-40_processed_2026-08-19_00-59-08,True
800995,multiplane-ophys_800995_2025-08-26_10-28-40,OPHYS_4_images_B,OPHYS_4,B,15,2025-08-26,VISp_1,1,VISp,198,10.63,0,Slc32a1-IRES-Cre/wt;Oi1(TIT2L-jGCaMP8s-WPRE-ICL-IRES-tTA2)/wt,multiplane-ophys_800995_2025-08-26_10-28-40_processed_2026-08-19_00-59-08,True
800995,multiplane-ophys_800995_2025-08-26_10-28-40,OPHYS_4_images_B,OPHYS_4,B,15,2025-08-26,VISp_2,2,VISp,116,10.63,0,Slc32a1-IRES-Cre/wt;Oi1(TIT2L-jGCaMP8s-WPRE-ICL-IRES-tTA2)/wt,multiplane-ophys_800995_2025-08-26_10-28-40_processed_2026-08-19_00-59-08,True
800995,multiplane-ophys_800995_2025-08-26_10-28-40,OPHYS_4_images_B,OPHYS_4,B,15,2025-08-26,VISp_3,3,VISp,226,10.63,0,Slc32a1-IRES-Cre/wt;Oi1(TIT2L-jGCaMP8s-WPRE-ICL-IRES-tTA2)/wt,multiplane-ophys_800995_2025-08-26_10-28-40_processed_2026-08-19_00-59-08,True
800995,multiplane-ophys_800995_2025-08-26_10-28-40,OPHYS_4_images_B,OPHYS_4,B,15,2025-08-26,VISp_4,4,VISp,86,10.63,0,Slc32a1-IRES-Cre/wt;Oi1(TIT2L-jGCaMP8s-WPRE-ICL-IRES-tTA2)/wt,multiplane-ophys_800995_2025-08-26_10-28-40_processed_2026-08-19_00-59-08,True
800995,multiplane-ophys_800995_2025-08-26_10-28-40,OPHYS_4_images_B,OPHYS_4,B,15,2025-08-26,VISp_5,5,VISp,262,10.63,0,Slc32a1-IRES-Cre/wt;Oi1(TIT2L-jGCaMP8s-WPRE-ICL-IRES-tTA2)/wt,multiplane-ophys_800995_2025-08-26_10-28-40_processed_2026-08-19_00-59-08,True
800995,multiplane-ophys_800995_2025-08-26_10-28-40,OPHYS_4_images_B,OPHYS_4,B,15,2025-08-26,VISp_6,6,VISp,26,10.63,0,Slc32a1-IRES-Cre/wt;Oi1(TIT2L-jGCaMP8s-WPRE-ICL-IRES-tTA2)/wt,multiplane-ophys_800995_2025-08-26_10-28-40_processed_2026-08-19_00-59-08,True
800995,multiplane-ophys_800995_2025-08-26_10-28-40,OPHYS_4_images_B,OPHYS_4,B,15,2025-08-26,VISp_7,7,VISp,306,10.63,0,Slc32a1-IRES-Cre/wt;Oi1(TIT2L-jGCaMP8s-WPRE-ICL-IRES-tTA2)/wt,multiplane-ophys_800995_2025-08-26_10-28-40_processed_2026-08-19_00-59-08,True
800995,multiplane-ophys_800995_2025-08-27_12-22-08,OPHYS_6_images_B,OPHYS_6,B,16,2025-08-27,VISp_0,0,VISp,152,10.63,0,Slc32a1-IRES-Cre/wt;Oi1(TIT2L-jGCaMP8s-WPRE-ICL-IRES-tTA2)/wt,multiplane-ophys_800995_2025-08-27_12-22-08_processed_2026-08-19_00-59-15,True
800995,multiplane-ophys_800995_2025-08-27_12-22-08,OPHYS_6_images_B,OPHYS_6,B,16,2025-08-27,VISp_1,1,VISp,194,10.63,0,Slc32a1-IRES-Cre/wt;Oi1(TIT2L-jGCaMP8s-WPRE-ICL-IRES-tTA2)/wt,multiplane-ophys_800995_2025-08-27_12-22-08_processed_2026-08-19_00-59-15,True
800995,multiplane-ophys_800995_2025-08-27_12-22-08,OPHYS_6_images_B,OPHYS_6,B,16,2025-08-27,VISp_2,2,VISp,110,10.63,0,Slc32a1-IRES-Cre/wt;Oi1(TIT2L-jGCaMP8s-WPRE-ICL-IRES-tTA2)/wt,multiplane-ophys_800995_2025-08-27_12-22-08_processed_2026-08-19_00-59-15,True
800995,multiplane-ophys_800995_2025-08-27_12-22-08,OPHYS_6_images_B,OPHYS_6,B,16,2025-08-27,VISp_3,3,VISp,224,10.63,0,Slc32a1-IRES-Cre/wt;Oi1(TIT2L-jGCaMP8s-WPRE-ICL-IRES-tTA2)/wt,multiplane-ophys_800995_2025-08-27_12-22-08_processed_2026-08-19_00-59-15,True
800995,multiplane-ophys_800995_2025-08-27_12-22-08,OPHYS_6_images_B,OPHYS_6,B,16,2025-08-27,VISp_4,4,VISp,82,10.63,0,Slc32a1-IRES-Cre/wt;Oi1(TIT2L-jGCaMP8s-WPRE-ICL-IRES-tTA2)/wt,multiplane-ophys_800995_2025-08-27_12-22-08_processed_2026-08-19_00-59-15,True
800995,multiplane-ophys_800995_2025-08-27_12-22-08,OPHYS_6_images_B,OPHYS_6,B,16,2025-08-27,VISp_5,5,VISp,262,10.63,0,Slc32a1-IRES-Cre/wt;Oi1(TIT2L-jGCaMP8s-WPRE-ICL-IRES-tTA2)/wt,multiplane-ophys_800995_2025-08-27_12-22-08_processed_2026-08-19_00-59-15,True
800995,multiplane-ophys_800995_2025-08-27_12-22-08,OPHYS_6_images_B,OPHYS_6,B,16,2025-08-27,VISp_6,6,VISp,20,10.63,0,Slc32a1-IRES-Cre/wt;Oi1(TIT2L-jGCaMP8s-WPRE-ICL-IRES-tTA2)/wt,multiplane-ophys_800995_2025-08-27_12-22-08_processed_2026-08-19_00-59-15,True
800995,multiplane-ophys_800995_2025-08-27_12-22-08,OPHYS_6_images_B,OPHYS_6,B,16,2025-08-27,VISp_7,7,VISp,312,10.63,0,Slc32a1-IRES-Cre/wt;Oi1(TIT2L-jGCaMP8s-WPRE-ICL-IRES-tTA2)/wt,multiplane-ophys_800995_2025-08-27_12-22-08_processed_2026-08-19_00-59-15,True
800995,multiplane-ophys_800995_2025-08-29_11-18-22,OPHYS_6_images_B,OPHYS_6,B,17,2025-08-29,VISp_0,0,VISp,158,10.63,0,Slc32a1-IRES-Cre/wt;Oi1(TIT2L-jGCaMP8s-WPRE-ICL-IRES-tTA2)/wt,multiplane-ophys_800995_2025-08-29_11-18-22_processed_2026-08-19_00-59-18,True
800995,multiplane-ophys_800995_2025-08-29_11-18-22,OPHYS_6_images_B,OPHYS_6,B,17,2025-08-29,VISp_1,1,VISp,196,10.63,0,Slc32a1-IRES-Cre/wt;Oi1(TIT2L-jGCaMP8s-WPRE-ICL-IRES-tTA2)/wt,multiplane-ophys_800995_2025-08-29_11-18-22_processed_2026-08-19_00-59-18,True
800995,multiplane-ophys_800995_2025-08-29_11-18-22,OPHYS_6_images_B,OPHYS_6,B,17,2025-08-29,VISp_2,2,VISp,110,10.63,0,Slc32a1-IRES-Cre/wt;Oi1(TIT2L-jGCaMP8s-WPRE-ICL-IRES-tTA2)/wt,multiplane-ophys_800995_2025-08-29_11-18-22_processed_2026-08-19_00-59-18,True
800995,multiplane-ophys_800995_2025-08-29_11-18-22,OPHYS_6_images_B,OPHYS_6,B,17,2025-08-29,VISp_3,3,VISp,224,10.63,0,Slc32a1-IRES-Cre/wt;Oi1(TIT2L-jGCaMP8s-WPRE-ICL-IRES-tTA2)/wt,multiplane-ophys_800995_2025-08-29_11-18-22_processed_2026-08-19_00-59-18,True
800995,multiplane-ophys_800995_2025-08-29_11-18-22,OPHYS_6_images_B,OPHYS_6,B,17,2025-08-29,VISp_4,4,VISp,86,10.63,0,Slc32a1-IRES-Cre/wt;Oi1(TIT2L-jGCaMP8s-WPRE-ICL-IRES-tTA2)/wt,multiplane-ophys_800995_2025-08-29_11-18-22_processed_2026-08-19_00-59-18,True
800995,multiplane-ophys_800995_2025-08-29_11-18-22,OPHYS_6_images_B,OPHYS_6,B,17,2025-08-29,VISp_5,5,VISp,258,10.63,0,Slc32a1-IRES-Cre/wt;Oi1(TIT2L-jGCaMP8s-WPRE-ICL-IRES-tTA2)/wt,multiplane-ophys_800995_2025-08-29_11-18-22_processed_2026-08-19_00-59-18,True
800995,multiplane-ophys_800995_2025-08-29_11-18-22,OPHYS_6_images_B,OPHYS_6,B,17,2025-08-29,VISp_6,6,VISp,28,10.63,0,Slc32a1-IRES-Cre/wt;Oi1(TIT2L-jGCaMP8s-WPRE-ICL-IRES-tTA2)/wt,multiplane-ophys_800995_2025-08-29_11-18-22_processed_2026-08-19_00-59-18,True
800995,multiplane-ophys_800995_2025-08-29_11-18-22,OPHYS_6_images_B,OPHYS_6,B,17,2025-08-29,VISp_7,7,VISp,310,10.63,0,Slc32a1-IRES-Cre/wt;Oi1(TIT2L-jGCaMP8s-WPRE-ICL-IRES-tTA2)/wt,multiplane-ophys_800995_2025-08-29_11-18-22_processed_2026-08-19_00-59-18,True
800995,multiplane-ophys_800995_2025-09-05_12-12-27,OPHYS_6_images_B,OPHYS_6,B,18,2025-09-05,VISp_0,0,VISp,175,10.63,0,Slc32a1-IRES-Cre/wt;Oi1(TIT2L-jGCaMP8s-WPRE-ICL-IRES-tTA2)/wt,multiplane-ophys_800995_2025-09-05_12-12-27_processed_2026-08-19_01-00-04,True
800995,multiplane-ophys_800995_2025-09-05_12-12-27,OPHYS_6_images_B,OPHYS_6,B,18,2025-09-05,VISp_1,1,VISp,210,10.63,0,Slc32a1-IRES-Cre/wt;Oi1(TIT2L-jGCaMP8s-WPRE-ICL-IRES-tTA2)/wt,multiplane-ophys_800995_2025-09-05_12-12-27_processed_2026-08-19_01-00-04,True
800995,multiplane-ophys_800995_2025-09-05_12-12-27,OPHYS_6_images_B,OPHYS_6,B,18,2025-09-05,VISp_2,2,VISp,130,10.63,0,Slc32a1-IRES-Cre/wt;Oi1(TIT2L-jGCaMP8s-WPRE-ICL-IRES-tTA2)/wt,multiplane-ophys_800995_2025-09-05_12-12-27_processed_2026-08-19_01-00-04,True
800995,multiplane-ophys_800995_2025-09-05_12-12-27,OPHYS_6_images_B,OPHYS_6,B,18,2025-09-05,VISp_3,3,VISp,235,10.63,0,Slc32a1-IRES-Cre/wt;Oi1(TIT2L-jGCaMP8s-WPRE-ICL-IRES-tTA2)/wt,multiplane-ophys_800995_2025-09-05_12-12-27_processed_2026-08-19_01-00-04,True
800995,multiplane-ophys_800995_2025-09-05_12-12-27,OPHYS_6_images_B,OPHYS_6,B,18,2025-09-05,VISp_4,4,VISp,100,10.63,0,Slc32a1-IRES-Cre/wt;Oi1(TIT2L-jGCaMP8s-WPRE-ICL-IRES-tTA2)/wt,multiplane-ophys_800995_2025-09-05_12-12-27_processed_2026-08-19_01-00-04,True
800995,multiplane-ophys_800995_2025-09-05_12-12-27,OPHYS_6_images_B,OPHYS_6,B,18,2025-09-05,VISp_5,5,VISp,280,10.63,0,Slc32a1-IRES-Cre/wt;Oi1(TIT2L-jGCaMP8s-WPRE-ICL-IRES-tTA2)/wt,multiplane-ophys_800995_2025-09-05_12-12-27_processed_2026-08-19_01-00-04,True
800995,multiplane-ophys_800995_2025-09-05_12-12-27,OPHYS_6_images_B,OPHYS_6,B,18,2025-09-05,VISp_6,6,VISp,40,10.63,0,Slc32a1-IRES-Cre/wt;Oi1(TIT2L-jGCaMP8s-WPRE-ICL-IRES-tTA2)/wt,multiplane-ophys_800995_2025-09-05_12-12-27_processed_2026-08-19_01-00-04,True
800995,multiplane-ophys_800995_2025-09-05_12-12-27,OPHYS_6_images_B,OPHYS_6,B,18,2025-09-05,VISp_7,7,VISp,330,10.63,0,Slc32a1-IRES-Cre/wt;Oi1(TIT2L-jGCaMP8s-WPRE-ICL-IRES-tTA2)/wt,multiplane-ophys_800995_2025-09-05_12-12-27_processed_2026-08-19_01-00-04,True
800995,multiplane-ophys_800995_2025-09-15_12-16-41,STAGE_0,STAGE_0,,19,2025-09-15,VISp_0,0,VISp,179,10.63,0,Slc32a1-IRES-Cre/wt;Oi1(TIT2L-jGCaMP8s-WPRE-ICL-IRES-tTA2)/wt,multiplane-ophys_800995_2025-09-15_12-16-41_processed_2026-08-19_01-00-17,True
800995,multiplane-ophys_800995_2025-09-15_12-16-41,STAGE_0,STAGE_0,,19,2025-09-15,VISp_1,1,VISp,223,10.63,0,Slc32a1-IRES-Cre/wt;Oi1(TIT2L-jGCaMP8s-WPRE-ICL-IRES-tTA2)/wt,multiplane-ophys_800995_2025-09-15_12-16-41_processed_2026-08-19_01-00-17,True
800995,multiplane-ophys_800995_2025-09-15_12-16-41,STAGE_0,STAGE_0,,19,2025-09-15,VISp_2,2,VISp,132,10.63,0,Slc32a1-IRES-Cre/wt;Oi1(TIT2L-jGCaMP8s-WPRE-ICL-IRES-tTA2)/wt,multiplane-ophys_800995_2025-09-15_12-16-41_processed_2026-08-19_01-00-17,True
800995,multiplane-ophys_800995_2025-09-15_12-16-41,STAGE_0,STAGE_0,,19,2025-09-15,VISp_3,3,VISp,250,10.63,0,Slc32a1-IRES-Cre/wt;Oi1(TIT2L-jGCaMP8s-WPRE-ICL-IRES-tTA2)/wt,multiplane-ophys_800995_2025-09-15_12-16-41_processed_2026-08-19_01-00-17,True
800995,multiplane-ophys_800995_2025-09-15_12-16-41,STAGE_0,STAGE_0,,19,2025-09-15,VISp_4,4,VISp,98,10.63,0,Slc32a1-IRES-Cre/wt;Oi1(TIT2L-jGCaMP8s-WPRE-ICL-IRES-tTA2)/wt,multiplane-ophys_800995_2025-09-15_12-16-41_processed_2026-08-19_01-00-17,True
800995,multiplane-ophys_800995_2025-09-15_12-16-41,STAGE_0,STAGE_0,,19,2025-09-15,VISp_5,5,VISp,294,10.63,0,Slc32a1-IRES-Cre/wt;Oi1(TIT2L-jGCaMP8s-WPRE-ICL-IRES-tTA2)/wt,multiplane-ophys_800995_2025-09-15_12-16-41_processed_2026-08-19_01-00-17,True
800995,multiplane-ophys_800995_2025-09-15_12-16-41,STAGE_0,STAGE_0,,19,2025-09-15,VISp_6,6,VISp,35,10.63,0,Slc32a1-IRES-Cre/wt;Oi1(TIT2L-jGCaMP8s-WPRE-ICL-IRES-tTA2)/wt,multiplane-ophys_800995_2025-09-15_12-16-41_processed_2026-08-19_01-00-17,True
800995,multiplane-ophys_800995_2025-09-15_12-16-41,STAGE_0,STAGE_0,,19,2025-09-15,VISp_7,7,VISp,348,10.63,0,Slc32a1-IRES-Cre/wt;Oi1(TIT2L-jGCaMP8s-WPRE-ICL-IRES-tTA2)/wt,multiplane-ophys_800995_2025-09-15_12-16-41_processed_2026-08-19_01-00-17,True
800995,multiplane-ophys_800995_2025-09-16_12-04-50,STAGE_1,STAGE_1,,20,2025-09-16,VISp_0,0,VISp,175,10.63,0,Slc32a1-IRES-Cre/wt;Oi1(TIT2L-jGCaMP8s-WPRE-ICL-IRES-tTA2)/wt,multiplane-ophys_800995_2025-09-16_12-04-50_processed_2026-08-19_00-59-21,True
800995,multiplane-ophys_800995_2025-09-16_12-04-50,STAGE_1,STAGE_1,,20,2025-09-16,VISp_1,1,VISp,225,10.63,0,Slc32a1-IRES-Cre/wt;Oi1(TIT2L-jGCaMP8s-WPRE-ICL-IRES-tTA2)/wt,multiplane-ophys_800995_2025-09-16_12-04-50_processed_2026-08-19_00-59-21,True
800995,multiplane-ophys_800995_2025-09-16_12-04-50,STAGE_1,STAGE_1,,20,2025-09-16,VISp_2,2,VISp,127,10.63,0,Slc32a1-IRES-Cre/wt;Oi1(TIT2L-jGCaMP8s-WPRE-ICL-IRES-tTA2)/wt,multiplane-ophys_800995_2025-09-16_12-04-50_processed_2026-08-19_00-59-21,True
800995,multiplane-ophys_800995_2025-09-16_12-04-50,STAGE_1,STAGE_1,,20,2025-09-16,VISp_3,3,VISp,252,10.63,0,Slc32a1-IRES-Cre/wt;Oi1(TIT2L-jGCaMP8s-WPRE-ICL-IRES-tTA2)/wt,multiplane-ophys_800995_2025-09-16_12-04-50_processed_2026-08-19_00-59-21,True
800995,multiplane-ophys_800995_2025-09-16_12-04-50,STAGE_1,STAGE_1,,20,2025-09-16,VISp_4,4,VISp,92,10.63,0,Slc32a1-IRES-Cre/wt;Oi1(TIT2L-jGCaMP8s-WPRE-ICL-IRES-tTA2)/wt,multiplane-ophys_800995_2025-09-16_12-04-50_processed_2026-08-19_00-59-21,True
800995,multiplane-ophys_800995_2025-09-16_12-04-50,STAGE_1,STAGE_1,,20,2025-09-16,VISp_5,5,VISp,294,10.63,0,Slc32a1-IRES-Cre/wt;Oi1(TIT2L-jGCaMP8s-WPRE-ICL-IRES-tTA2)/wt,multiplane-ophys_800995_2025-09-16_12-04-50_processed_2026-08-19_00-59-21,True
800995,multiplane-ophys_800995_2025-09-16_12-04-50,STAGE_1,STAGE_1,,20,2025-09-16,VISp_6,6,VISp,29,10.63,0,Slc32a1-IRES-Cre/wt;Oi1(TIT2L-jGCaMP8s-WPRE-ICL-IRES-tTA2)/wt,multiplane-ophys_800995_2025-09-16_12-04-50_processed_2026-08-19_00-59-21,True
800995,multiplane-ophys_800995_2025-09-16_12-04-50,STAGE_1,STAGE_1,,20,2025-09-16,VISp_7,7,VISp,348,10.63,0,Slc32a1-IRES-Cre/wt;Oi1(TIT2L-jGCaMP8s-WPRE-ICL-IRES-tTA2)/wt,multiplane-ophys_800995_2025-09-16_12-04-50_processed_2026-08-19_00-59-21,True
800995,multiplane-ophys_800995_2025-09-17_14-17-38,STAGE_1,STAGE_1,,21,2025-09-17,VISp_0,0,VISp,179,10.63,0,Slc32a1-IRES-Cre/wt;Oi1(TIT2L-jGCaMP8s-WPRE-ICL-IRES-tTA2)/wt,multiplane-ophys_800995_2025-09-17_14-17-38_processed_2026-08-19_01-00-30,True
800995,multiplane-ophys_800995_2025-09-17_14-17-38,STAGE_1,STAGE_1,,21,2025-09-17,VISp_1,1,VISp,220,10.63,0,Slc32a1-IRES-Cre/wt;Oi1(TIT2L-jGCaMP8s-WPRE-ICL-IRES-tTA2)/wt,multiplane-ophys_800995_2025-09-17_14-17-38_processed_2026-08-19_01-00-30,True
800995,multiplane-ophys_800995_2025-09-17_14-17-38,STAGE_1,STAGE_1,,21,2025-09-17,VISp_2,2,VISp,129,10.63,0,Slc32a1-IRES-Cre/wt;Oi1(TIT2L-jGCaMP8s-WPRE-ICL-IRES-tTA2)/wt,multiplane-ophys_800995_2025-09-17_14-17-38_processed_2026-08-19_01-00-30,True
800995,multiplane-ophys_800995_2025-09-17_14-17-38,STAGE_1,STAGE_1,,21,2025-09-17,VISp_3,3,VISp,246,10.63,0,Slc32a1-IRES-Cre/wt;Oi1(TIT2L-jGCaMP8s-WPRE-ICL-IRES-tTA2)/wt,multiplane-ophys_800995_2025-09-17_14-17-38_processed_2026-08-19_01-00-30,True
800995,multiplane-ophys_800995_2025-09-17_14-17-38,STAGE_1,STAGE_1,,21,2025-09-17,VISp_4,4,VISp,95,10.63,0,Slc32a1-IRES-Cre/wt;Oi1(TIT2L-jGCaMP8s-WPRE-ICL-IRES-tTA2)/wt,multiplane-ophys_800995_2025-09-17_14-17-38_processed_2026-08-19_01-00-30,True
800995,multiplane-ophys_800995_2025-09-17_14-17-38,STAGE_1,STAGE_1,,21,2025-09-17,VISp_5,5,VISp,289,10.63,0,Slc32a1-IRES-Cre/wt;Oi1(TIT2L-jGCaMP8s-WPRE-ICL-IRES-tTA2)/wt,multiplane-ophys_800995_2025-09-17_14-17-38_processed_2026-08-19_01-00-30,True
800995,multiplane-ophys_800995_2025-09-17_14-17-38,STAGE_1,STAGE_1,,21,2025-09-17,VISp_6,6,VISp,32,10.63,0,Slc32a1-IRES-Cre/wt;Oi1(TIT2L-jGCaMP8s-WPRE-ICL-IRES-tTA2)/wt,multiplane-ophys_800995_2025-09-17_14-17-38_processed_2026-08-19_01-00-30,True
800995,multiplane-ophys_800995_2025-09-17_14-17-38,STAGE_1,STAGE_1,,21,2025-09-17,VISp_7,7,VISp,344,10.63,0,Slc32a1-IRES-Cre/wt;Oi1(TIT2L-jGCaMP8s-WPRE-ICL-IRES-tTA2)/wt,multiplane-ophys_800995_2025-09-17_14-17-38_processed_2026-08-19_01-00-30,True
800995,multiplane-ophys_800995_2025-09-18_11-59-49,STAGE_1,STAGE_1,,22,2025-09-18,VISp_0,0,VISp,188,10.63,0,Slc32a1-IRES-Cre/wt;Oi1(TIT2L-jGCaMP8s-WPRE-ICL-IRES-tTA2)/wt,multiplane-ophys_800995_2025-09-18_11-59-49_processed_2026-08-19_01-00-45,True
800995,multiplane-ophys_800995_2025-09-18_11-59-49,STAGE_1,STAGE_1,,22,2025-09-18,VISp_1,1,VISp,232,10.63,0,Slc32a1-IRES-Cre/wt;Oi1(TIT2L-jGCaMP8s-WPRE-ICL-IRES-tTA2)/wt,multiplane-ophys_800995_2025-09-18_11-59-49_processed_2026-08-19_01-00-45,True
800995,multiplane-ophys_800995_2025-09-18_11-59-49,STAGE_1,STAGE_1,,22,2025-09-18,VISp_2,2,VISp,139,10.63,0,Slc32a1-IRES-Cre/wt;Oi1(TIT2L-jGCaMP8s-WPRE-ICL-IRES-tTA2)/wt,multiplane-ophys_800995_2025-09-18_11-59-49_processed_2026-08-19_01-00-45,True
800995,multiplane-ophys_800995_2025-09-18_11-59-49,STAGE_1,STAGE_1,,22,2025-09-18,VISp_3,3,VISp,257,10.63,0,Slc32a1-IRES-Cre/wt;Oi1(TIT2L-jGCaMP8s-WPRE-ICL-IRES-tTA2)/wt,multiplane-ophys_800995_2025-09-18_11-59-49_processed_2026-08-19_01-00-45,True
800995,multiplane-ophys_800995_2025-09-18_11-59-49,STAGE_1,STAGE_1,,22,2025-09-18,VISp_4,4,VISp,104,10.63,0,Slc32a1-IRES-Cre/wt;Oi1(TIT2L-jGCaMP8s-WPRE-ICL-IRES-tTA2)/wt,multiplane-ophys_800995_2025-09-18_11-59-49_processed_2026-08-19_01-00-45,True
800995,multiplane-ophys_800995_2025-09-18_11-59-49,STAGE_1,STAGE_1,,22,2025-09-18,VISp_5,5,VISp,302,10.63,0,Slc32a1-IRES-Cre/wt;Oi1(TIT2L-jGCaMP8s-WPRE-ICL-IRES-tTA2)/wt,multiplane-ophys_800995_2025-09-18_11-59-49_processed_2026-08-19_01-00-45,True
800995,multiplane-ophys_800995_2025-09-18_11-59-49,STAGE_1,STAGE_1,,22,2025-09-18,VISp_6,6,VISp,41,10.63,0,Slc32a1-IRES-Cre/wt;Oi1(TIT2L-jGCaMP8s-WPRE-ICL-IRES-tTA2)/wt,multiplane-ophys_800995_2025-09-18_11-59-49_processed_2026-08-19_01-00-45,True
800995,multiplane-ophys_800995_2025-09-18_11-59-49,STAGE_1,STAGE_1,,22,2025-09-18,VISp_7,7,VISp,354,10.63,0,Slc32a1-IRES-Cre/wt;Oi1(TIT2L-jGCaMP8s-WPRE-ICL-IRES-tTA2)/wt,multiplane-ophys_800995_2025-09-18_11-59-49_processed_2026-08-19_01-00-45,True
800995,multiplane-ophys_800995_2025-09-19_12-11-04,CENTER_MOUSEMOTION,,,23,2025-09-19,VISp_0,0,VISp,185,10.63,0,Slc32a1-IRES-Cre/wt;Oi1(TIT2L-jGCaMP8s-WPRE-ICL-IRES-tTA2)/wt,multiplane-ophys_800995_2025-09-19_12-11-04_processed_2026-08-19_01-01-02,True
800995,multiplane-ophys_800995_2025-09-19_12-11-04,CENTER_MOUSEMOTION,,,23,2025-09-19,VISp_1,1,VISp,225,10.63,0,Slc32a1-IRES-Cre/wt;Oi1(TIT2L-jGCaMP8s-WPRE-ICL-IRES-tTA2)/wt,multiplane-ophys_800995_2025-09-19_12-11-04_processed_2026-08-19_01-01-02,True
800995,multiplane-ophys_800995_2025-09-19_12-11-04,CENTER_MOUSEMOTION,,,23,2025-09-19,VISp_2,2,VISp,130,10.63,0,Slc32a1-IRES-Cre/wt;Oi1(TIT2L-jGCaMP8s-WPRE-ICL-IRES-tTA2)/wt,multiplane-ophys_800995_2025-09-19_12-11-04_processed_2026-08-19_01-01-02,True
800995,multiplane-ophys_800995_2025-09-19_12-11-04,CENTER_MOUSEMOTION,,,23,2025-09-19,VISp_3,3,VISp,255,10.63,0,Slc32a1-IRES-Cre/wt;Oi1(TIT2L-jGCaMP8s-WPRE-ICL-IRES-tTA2)/wt,multiplane-ophys_800995_2025-09-19_12-11-04_processed_2026-08-19_01-01-02,True
800995,multiplane-ophys_800995_2025-09-19_12-11-04,CENTER_MOUSEMOTION,,,23,2025-09-19,VISp_4,4,VISp,100,10.63,0,Slc32a1-IRES-Cre/wt;Oi1(TIT2L-jGCaMP8s-WPRE-ICL-IRES-tTA2)/wt,multiplane-ophys_800995_2025-09-19_12-11-04_processed_2026-08-19_01-01-02,True
800995,multiplane-ophys_800995_2025-09-19_12-11-04,CENTER_MOUSEMOTION,,,23,2025-09-19,VISp_5,5,VISp,295,10.63,0,Slc32a1-IRES-Cre/wt;Oi1(TIT2L-jGCaMP8s-WPRE-ICL-IRES-tTA2)/wt,multiplane-ophys_800995_2025-09-19_12-11-04_processed_2026-08-19_01-01-02,True
800995,multiplane-ophys_800995_2025-09-19_12-11-04,CENTER_MOUSEMOTION,,,23,2025-09-19,VISp_6,6,VISp,35,10.63,0,Slc32a1-IRES-Cre/wt;Oi1(TIT2L-jGCaMP8s-WPRE-ICL-IRES-tTA2)/wt,multiplane-ophys_800995_2025-09-19_12-11-04_processed_2026-08-19_01-01-02,True
800995,multiplane-ophys_800995_2025-09-19_12-11-04,CENTER_MOUSEMOTION,,,23,2025-09-19,VISp_7,7,VISp,345,10.63,0,Slc32a1-IRES-Cre/wt;Oi1(TIT2L-jGCaMP8s-WPRE-ICL-IRES-tTA2)/wt,multiplane-ophys_800995_2025-09-19_12-11-04_processed_2026-08-19_01-01-02,True
800995,multiplane-ophys_800995_2025-11-10_13-12-51,STAGE_1,STAGE_1,,24,2025-11-10,VISp_0,0,VISp,185,42.52,0,Slc32a1-IRES-Cre/wt;Oi1(TIT2L-jGCaMP8s-WPRE-ICL-IRES-tTA2)/wt,multiplane-ophys_800995_2025-11-10_13-12-51_processed_2026-08-19_00-59-12,True
800995,multiplane-ophys_800995_2025-11-10_13-12-51,STAGE_1,STAGE_1,,24,2025-11-10,VISp_1,1,VISp,305,42.52,0,Slc32a1-IRES-Cre/wt;Oi1(TIT2L-jGCaMP8s-WPRE-ICL-IRES-tTA2)/wt,multiplane-ophys_800995_2025-11-10_13-12-51_processed_2026-08-19_00-59-12,True
800995,multiplane-ophys_800995_2025-11-12_12-30-02,STAGE_1,STAGE_1,,25,2025-11-12,VISp_0,0,VISp,180,42.52,0,Slc32a1-IRES-Cre/wt;Oi1(TIT2L-jGCaMP8s-WPRE-ICL-IRES-tTA2)/wt,multiplane-ophys_800995_2025-11-12_12-30-02_processed_2026-08-19_00-59-22,True
800995,multiplane-ophys_800995_2025-11-12_12-30-02,STAGE_1,STAGE_1,,25,2025-11-12,VISp_1,1,VISp,305,42.52,0,Slc32a1-IRES-Cre/wt;Oi1(TIT2L-jGCaMP8s-WPRE-ICL-IRES-tTA2)/wt,multiplane-ophys_800995_2025-11-12_12-30-02_processed_2026-08-19_00-59-22,True
800995,multiplane-ophys_800995_2025-11-13_10-16-12,STAGE_1,STAGE_1,,26,2025-11-13,VISp_0,0,VISp,75,42.52,0,Slc32a1-IRES-Cre/wt;Oi1(TIT2L-jGCaMP8s-WPRE-ICL-IRES-tTA2)/wt,multiplane-ophys_800995_2025-11-13_10-16-12_processed_2026-08-19_01-00-17,True
800995,multiplane-ophys_800995_2025-11-13_10-16-12,STAGE_1,STAGE_1,,26,2025-11-13,VISp_1,1,VISp,355,42.52,0,Slc32a1-IRES-Cre/wt;Oi1(TIT2L-jGCaMP8s-WPRE-ICL-IRES-tTA2)/wt,multiplane-ophys_800995_2025-11-13_10-16-12_processed_2026-08-19_01-00-17,True
800995,multiplane-ophys_800995_2025-11-14_10-36-31,STAGE_1,STAGE_1,,27,2025-11-14,VISp_0,0,VISp,83,42.51,0,Slc32a1-IRES-Cre/wt;Oi1(TIT2L-jGCaMP8s-WPRE-ICL-IRES-tTA2)/wt,multiplane-ophys_800995_2025-11-14_10-36-31_processed_2026-08-19_01-00-27,True
800995,multiplane-ophys_800995_2025-11-14_10-36-31,STAGE_1,STAGE_1,,27,2025-11-14,VISp_1,1,VISp,371,42.51,0,Slc32a1-IRES-Cre/wt;Oi1(TIT2L-jGCaMP8s-WPRE-ICL-IRES-tTA2)/wt,multiplane-ophys_800995_2025-11-14_10-36-31_processed_2026-08-19_01-00-27,True
804363,multiplane-ophys_804363_2025-08-12_13-01-00,TRAINING_0_gratings_autorewards_15min,TRAINING_0,,1,2025-08-12,VISp_0,0,VISp,160,9.48,0,Slc32a1-IRES-Cre/wt;Oi1(TIT2L-jGCaMP8s-WPRE-ICL-IRES-tTA2)/wt,multiplane-ophys_804363_2025-08-12_13-01-00_processed_2026-08-19_01-00-55,True
804363,multiplane-ophys_804363_2025-08-12_13-01-00,TRAINING_0_gratings_autorewards_15min,TRAINING_0,,1,2025-08-12,VISp_1,1,VISp,200,9.48,0,Slc32a1-IRES-Cre/wt;Oi1(TIT2L-jGCaMP8s-WPRE-ICL-IRES-tTA2)/wt,multiplane-ophys_804363_2025-08-12_13-01-00_processed_2026-08-19_01-00-55,True
804363,multiplane-ophys_804363_2025-08-12_13-01-00,TRAINING_0_gratings_autorewards_15min,TRAINING_0,,1,2025-08-12,VISp_2,2,VISp,120,9.48,0,Slc32a1-IRES-Cre/wt;Oi1(TIT2L-jGCaMP8s-WPRE-ICL-IRES-tTA2)/wt,multiplane-ophys_804363_2025-08-12_13-01-00_processed_2026-08-19_01-00-55,True
804363,multiplane-ophys_804363_2025-08-12_13-01-00,TRAINING_0_gratings_autorewards_15min,TRAINING_0,,1,2025-08-12,VISp_3,3,VISp,240,9.48,0,Slc32a1-IRES-Cre/wt;Oi1(TIT2L-jGCaMP8s-WPRE-ICL-IRES-tTA2)/wt,multiplane-ophys_804363_2025-08-12_13-01-00_processed_2026-08-19_01-00-55,True
804363,multiplane-ophys_804363_2025-08-12_13-01-00,TRAINING_0_gratings_autorewards_15min,TRAINING_0,,1,2025-08-12,VISp_4,4,VISp,80,9.48,0,Slc32a1-IRES-Cre/wt;Oi1(TIT2L-jGCaMP8s-WPRE-ICL-IRES-tTA2)/wt,multiplane-ophys_804363_2025-08-12_13-01-00_processed_2026-08-19_01-00-55,True
804363,multiplane-ophys_804363_2025-08-12_13-01-00,TRAINING_0_gratings_autorewards_15min,TRAINING_0,,1,2025-08-12,VISp_5,5,VISp,280,9.48,0,Slc32a1-IRES-Cre/wt;Oi1(TIT2L-jGCaMP8s-WPRE-ICL-IRES-tTA2)/wt,multiplane-ophys_804363_2025-08-12_13-01-00_processed_2026-08-19_01-00-55,True
804363,multiplane-ophys_804363_2025-08-12_13-01-00,TRAINING_0_gratings_autorewards_15min,TRAINING_0,,1,2025-08-12,VISp_6,6,VISp,40,9.48,0,Slc32a1-IRES-Cre/wt;Oi1(TIT2L-jGCaMP8s-WPRE-ICL-IRES-tTA2)/wt,multiplane-ophys_804363_2025-08-12_13-01-00_processed_2026-08-19_01-00-55,True
804363,multiplane-ophys_804363_2025-08-12_13-01-00,TRAINING_0_gratings_autorewards_15min,TRAINING_0,,1,2025-08-12,VISp_7,7,VISp,320,9.48,0,Slc32a1-IRES-Cre/wt;Oi1(TIT2L-jGCaMP8s-WPRE-ICL-IRES-tTA2)/wt,multiplane-ophys_804363_2025-08-12_13-01-00_processed_2026-08-19_01-00-55,True
804363,multiplane-ophys_804363_2025-08-13_14-32-41,TRAINING_1_gratings,TRAINING_1,,2,2025-08-13,VISp_0,0,VISp,160,9.48,0,Slc32a1-IRES-Cre/wt;Oi1(TIT2L-jGCaMP8s-WPRE-ICL-IRES-tTA2)/wt,multiplane-ophys_804363_2025-08-13_14-32-41_processed_2026-08-19_01-01-46,True
804363,multiplane-ophys_804363_2025-08-13_14-32-41,TRAINING_1_gratings,TRAINING_1,,2,2025-08-13,VISp_1,1,VISp,198,9.48,0,Slc32a1-IRES-Cre/wt;Oi1(TIT2L-jGCaMP8s-WPRE-ICL-IRES-tTA2)/wt,multiplane-ophys_804363_2025-08-13_14-32-41_processed_2026-08-19_01-01-46,True
804363,multiplane-ophys_804363_2025-08-13_14-32-41,TRAINING_1_gratings,TRAINING_1,,2,2025-08-13,VISp_2,2,VISp,120,9.48,0,Slc32a1-IRES-Cre/wt;Oi1(TIT2L-jGCaMP8s-WPRE-ICL-IRES-tTA2)/wt,multiplane-ophys_804363_2025-08-13_14-32-41_processed_2026-08-19_01-01-46,True
804363,multiplane-ophys_804363_2025-08-13_14-32-41,TRAINING_1_gratings,TRAINING_1,,2,2025-08-13,VISp_3,3,VISp,240,9.48,0,Slc32a1-IRES-Cre/wt;Oi1(TIT2L-jGCaMP8s-WPRE-ICL-IRES-tTA2)/wt,multiplane-ophys_804363_2025-08-13_14-32-41_processed_2026-08-19_01-01-46,True
804363,multiplane-ophys_804363_2025-08-13_14-32-41,TRAINING_1_gratings,TRAINING_1,,2,2025-08-13,VISp_4,4,VISp,82,9.48,0,Slc32a1-IRES-Cre/wt;Oi1(TIT2L-jGCaMP8s-WPRE-ICL-IRES-tTA2)/wt,multiplane-ophys_804363_2025-08-13_14-32-41_processed_2026-08-19_01-01-46,True
804363,multiplane-ophys_804363_2025-08-13_14-32-41,TRAINING_1_gratings,TRAINING_1,,2,2025-08-13,VISp_5,5,VISp,280,9.48,0,Slc32a1-IRES-Cre/wt;Oi1(TIT2L-jGCaMP8s-WPRE-ICL-IRES-tTA2)/wt,multiplane-ophys_804363_2025-08-13_14-32-41_processed_2026-08-19_01-01-46,True
804363,multiplane-ophys_804363_2025-08-13_14-32-41,TRAINING_1_gratings,TRAINING_1,,2,2025-08-13,VISp_6,6,VISp,42,9.48,0,Slc32a1-IRES-Cre/wt;Oi1(TIT2L-jGCaMP8s-WPRE-ICL-IRES-tTA2)/wt,multiplane-ophys_804363_2025-08-13_14-32-41_processed_2026-08-19_01-01-46,True
804363,multiplane-ophys_804363_2025-08-13_14-32-41,TRAINING_1_gratings,TRAINING_1,,2,2025-08-13,VISp_7,7,VISp,320,9.48,0,Slc32a1-IRES-Cre/wt;Oi1(TIT2L-jGCaMP8s-WPRE-ICL-IRES-tTA2)/wt,multiplane-ophys_804363_2025-08-13_14-32-41_processed_2026-08-19_01-01-46,True
804363,multiplane-ophys_804363_2025-08-14_14-24-15,TRAINING_1_gratings,TRAINING_1,,3,2025-08-14,VISp_0,0,VISp,160,9.48,0,Slc32a1-IRES-Cre/wt;Oi1(TIT2L-jGCaMP8s-WPRE-ICL-IRES-tTA2)/wt,multiplane-ophys_804363_2025-08-14_14-24-15_processed_2026-08-19_01-01-49,True
804363,multiplane-ophys_804363_2025-08-14_14-24-15,TRAINING_1_gratings,TRAINING_1,,3,2025-08-14,VISp_1,1,VISp,200,9.48,0,Slc32a1-IRES-Cre/wt;Oi1(TIT2L-jGCaMP8s-WPRE-ICL-IRES-tTA2)/wt,multiplane-ophys_804363_2025-08-14_14-24-15_processed_2026-08-19_01-01-49,True
804363,multiplane-ophys_804363_2025-08-14_14-24-15,TRAINING_1_gratings,TRAINING_1,,3,2025-08-14,VISp_2,2,VISp,120,9.48,0,Slc32a1-IRES-Cre/wt;Oi1(TIT2L-jGCaMP8s-WPRE-ICL-IRES-tTA2)/wt,multiplane-ophys_804363_2025-08-14_14-24-15_processed_2026-08-19_01-01-49,True
804363,multiplane-ophys_804363_2025-08-14_14-24-15,TRAINING_1_gratings,TRAINING_1,,3,2025-08-14,VISp_3,3,VISp,240,9.48,0,Slc32a1-IRES-Cre/wt;Oi1(TIT2L-jGCaMP8s-WPRE-ICL-IRES-tTA2)/wt,multiplane-ophys_804363_2025-08-14_14-24-15_processed_2026-08-19_01-01-49,True
804363,multiplane-ophys_804363_2025-08-14_14-24-15,TRAINING_1_gratings,TRAINING_1,,3,2025-08-14,VISp_4,4,VISp,82,9.48,0,Slc32a1-IRES-Cre/wt;Oi1(TIT2L-jGCaMP8s-WPRE-ICL-IRES-tTA2)/wt,multiplane-ophys_804363_2025-08-14_14-24-15_processed_2026-08-19_01-01-49,True
804363,multiplane-ophys_804363_2025-08-14_14-24-15,TRAINING_1_gratings,TRAINING_1,,3,2025-08-14,VISp_5,5,VISp,280,9.48,0,Slc32a1-IRES-Cre/wt;Oi1(TIT2L-jGCaMP8s-WPRE-ICL-IRES-tTA2)/wt,multiplane-ophys_804363_2025-08-14_14-24-15_processed_2026-08-19_01-01-49,True
804363,multiplane-ophys_804363_2025-08-14_14-24-15,TRAINING_1_gratings,TRAINING_1,,3,2025-08-14,VISp_6,6,VISp,40,9.48,0,Slc32a1-IRES-Cre/wt;Oi1(TIT2L-jGCaMP8s-WPRE-ICL-IRES-tTA2)/wt,multiplane-ophys_804363_2025-08-14_14-24-15_processed_2026-08-19_01-01-49,True
804363,multiplane-ophys_804363_2025-08-14_14-24-15,TRAINING_1_gratings,TRAINING_1,,3,2025-08-14,VISp_7,7,VISp,320,9.48,0,Slc32a1-IRES-Cre/wt;Oi1(TIT2L-jGCaMP8s-WPRE-ICL-IRES-tTA2)/wt,multiplane-ophys_804363_2025-08-14_14-24-15_processed_2026-08-19_01-01-49,True
804363,multiplane-ophys_804363_2025-08-15_13-19-14,TRAINING_2_gratings_flashed,TRAINING_2,,4,2025-08-15,VISp_0,0,VISp,160,9.48,0,Slc32a1-IRES-Cre/wt;Oi1(TIT2L-jGCaMP8s-WPRE-ICL-IRES-tTA2)/wt,multiplane-ophys_804363_2025-08-15_13-19-14_processed_2026-08-19_01-01-50,True
804363,multiplane-ophys_804363_2025-08-15_13-19-14,TRAINING_2_gratings_flashed,TRAINING_2,,4,2025-08-15,VISp_1,1,VISp,200,9.48,0,Slc32a1-IRES-Cre/wt;Oi1(TIT2L-jGCaMP8s-WPRE-ICL-IRES-tTA2)/wt,multiplane-ophys_804363_2025-08-15_13-19-14_processed_2026-08-19_01-01-50,True
804363,multiplane-ophys_804363_2025-08-15_13-19-14,TRAINING_2_gratings_flashed,TRAINING_2,,4,2025-08-15,VISp_2,2,VISp,120,9.48,0,Slc32a1-IRES-Cre/wt;Oi1(TIT2L-jGCaMP8s-WPRE-ICL-IRES-tTA2)/wt,multiplane-ophys_804363_2025-08-15_13-19-14_processed_2026-08-19_01-01-50,True
804363,multiplane-ophys_804363_2025-08-15_13-19-14,TRAINING_2_gratings_flashed,TRAINING_2,,4,2025-08-15,VISp_3,3,VISp,240,9.48,0,Slc32a1-IRES-Cre/wt;Oi1(TIT2L-jGCaMP8s-WPRE-ICL-IRES-tTA2)/wt,multiplane-ophys_804363_2025-08-15_13-19-14_processed_2026-08-19_01-01-50,True
804363,multiplane-ophys_804363_2025-08-15_13-19-14,TRAINING_2_gratings_flashed,TRAINING_2,,4,2025-08-15,VISp_4,4,VISp,78,9.48,0,Slc32a1-IRES-Cre/wt;Oi1(TIT2L-jGCaMP8s-WPRE-ICL-IRES-tTA2)/wt,multiplane-ophys_804363_2025-08-15_13-19-14_processed_2026-08-19_01-01-50,True
804363,multiplane-ophys_804363_2025-08-15_13-19-14,TRAINING_2_gratings_flashed,TRAINING_2,,4,2025-08-15,VISp_5,5,VISp,278,9.48,0,Slc32a1-IRES-Cre/wt;Oi1(TIT2L-jGCaMP8s-WPRE-ICL-IRES-tTA2)/wt,multiplane-ophys_804363_2025-08-15_13-19-14_processed_2026-08-19_01-01-50,True
804363,multiplane-ophys_804363_2025-08-15_13-19-14,TRAINING_2_gratings_flashed,TRAINING_2,,4,2025-08-15,VISp_6,6,VISp,36,9.48,0,Slc32a1-IRES-Cre/wt;Oi1(TIT2L-jGCaMP8s-WPRE-ICL-IRES-tTA2)/wt,multiplane-ophys_804363_2025-08-15_13-19-14_processed_2026-08-19_01-01-50,True
804363,multiplane-ophys_804363_2025-08-15_13-19-14,TRAINING_2_gratings_flashed,TRAINING_2,,4,2025-08-15,VISp_7,7,VISp,316,9.48,0,Slc32a1-IRES-Cre/wt;Oi1(TIT2L-jGCaMP8s-WPRE-ICL-IRES-tTA2)/wt,multiplane-ophys_804363_2025-08-15_13-19-14_processed_2026-08-19_01-01-50,True
804363,multiplane-ophys_804363_2025-08-18_11-40-56,TRAINING_3_images_A_10uL_reward,TRAINING_3,A,5,2025-08-18,VISp_0,0,VISp,160,9.48,0,Slc32a1-IRES-Cre/wt;Oi1(TIT2L-jGCaMP8s-WPRE-ICL-IRES-tTA2)/wt,multiplane-ophys_804363_2025-08-18_11-40-56_processed_2026-08-19_01-02-01,True
804363,multiplane-ophys_804363_2025-08-18_11-40-56,TRAINING_3_images_A_10uL_reward,TRAINING_3,A,5,2025-08-18,VISp_1,1,VISp,200,9.48,0,Slc32a1-IRES-Cre/wt;Oi1(TIT2L-jGCaMP8s-WPRE-ICL-IRES-tTA2)/wt,multiplane-ophys_804363_2025-08-18_11-40-56_processed_2026-08-19_01-02-01,True
804363,multiplane-ophys_804363_2025-08-18_11-40-56,TRAINING_3_images_A_10uL_reward,TRAINING_3,A,5,2025-08-18,VISp_2,2,VISp,120,9.48,0,Slc32a1-IRES-Cre/wt;Oi1(TIT2L-jGCaMP8s-WPRE-ICL-IRES-tTA2)/wt,multiplane-ophys_804363_2025-08-18_11-40-56_processed_2026-08-19_01-02-01,True
804363,multiplane-ophys_804363_2025-08-18_11-40-56,TRAINING_3_images_A_10uL_reward,TRAINING_3,A,5,2025-08-18,VISp_3,3,VISp,238,9.48,0,Slc32a1-IRES-Cre/wt;Oi1(TIT2L-jGCaMP8s-WPRE-ICL-IRES-tTA2)/wt,multiplane-ophys_804363_2025-08-18_11-40-56_processed_2026-08-19_01-02-01,True
804363,multiplane-ophys_804363_2025-08-18_11-40-56,TRAINING_3_images_A_10uL_reward,TRAINING_3,A,5,2025-08-18,VISp_4,4,VISp,80,9.48,0,Slc32a1-IRES-Cre/wt;Oi1(TIT2L-jGCaMP8s-WPRE-ICL-IRES-tTA2)/wt,multiplane-ophys_804363_2025-08-18_11-40-56_processed_2026-08-19_01-02-01,True
804363,multiplane-ophys_804363_2025-08-18_11-40-56,TRAINING_3_images_A_10uL_reward,TRAINING_3,A,5,2025-08-18,VISp_5,5,VISp,278,9.48,0,Slc32a1-IRES-Cre/wt;Oi1(TIT2L-jGCaMP8s-WPRE-ICL-IRES-tTA2)/wt,multiplane-ophys_804363_2025-08-18_11-40-56_processed_2026-08-19_01-02-01,True
804363,multiplane-ophys_804363_2025-08-18_11-40-56,TRAINING_3_images_A_10uL_reward,TRAINING_3,A,5,2025-08-18,VISp_6,6,VISp,40,9.48,0,Slc32a1-IRES-Cre/wt;Oi1(TIT2L-jGCaMP8s-WPRE-ICL-IRES-tTA2)/wt,multiplane-ophys_804363_2025-08-18_11-40-56_processed_2026-08-19_01-02-01,True
804363,multiplane-ophys_804363_2025-08-18_11-40-56,TRAINING_3_images_A_10uL_reward,TRAINING_3,A,5,2025-08-18,VISp_7,7,VISp,314,9.48,0,Slc32a1-IRES-Cre/wt;Oi1(TIT2L-jGCaMP8s-WPRE-ICL-IRES-tTA2)/wt,multiplane-ophys_804363_2025-08-18_11-40-56_processed_2026-08-19_01-02-01,True
804363,multiplane-ophys_804363_2025-08-19_11-46-48,TRAINING_3_images_A_10uL_reward,TRAINING_3,A,6,2025-08-19,VISp_0,0,VISp,160,9.48,0,Slc32a1-IRES-Cre/wt;Oi1(TIT2L-jGCaMP8s-WPRE-ICL-IRES-tTA2)/wt,multiplane-ophys_804363_2025-08-19_11-46-48_processed_2026-08-19_01-03-05,True
804363,multiplane-ophys_804363_2025-08-19_11-46-48,TRAINING_3_images_A_10uL_reward,TRAINING_3,A,6,2025-08-19,VISp_1,1,VISp,198,9.48,0,Slc32a1-IRES-Cre/wt;Oi1(TIT2L-jGCaMP8s-WPRE-ICL-IRES-tTA2)/wt,multiplane-ophys_804363_2025-08-19_11-46-48_processed_2026-08-19_01-03-05,True
804363,multiplane-ophys_804363_2025-08-19_11-46-48,TRAINING_3_images_A_10uL_reward,TRAINING_3,A,6,2025-08-19,VISp_2,2,VISp,115,9.48,0,Slc32a1-IRES-Cre/wt;Oi1(TIT2L-jGCaMP8s-WPRE-ICL-IRES-tTA2)/wt,multiplane-ophys_804363_2025-08-19_11-46-48_processed_2026-08-19_01-03-05,True
804363,multiplane-ophys_804363_2025-08-19_11-46-48,TRAINING_3_images_A_10uL_reward,TRAINING_3,A,6,2025-08-19,VISp_3,3,VISp,232,9.48,0,Slc32a1-IRES-Cre/wt;Oi1(TIT2L-jGCaMP8s-WPRE-ICL-IRES-tTA2)/wt,multiplane-ophys_804363_2025-08-19_11-46-48_processed_2026-08-19_01-03-05,True
804363,multiplane-ophys_804363_2025-08-19_11-46-48,TRAINING_3_images_A_10uL_reward,TRAINING_3,A,6,2025-08-19,VISp_4,4,VISp,76,9.48,0,Slc32a1-IRES-Cre/wt;Oi1(TIT2L-jGCaMP8s-WPRE-ICL-IRES-tTA2)/wt,multiplane-ophys_804363_2025-08-19_11-46-48_processed_2026-08-19_01-03-05,True
804363,multiplane-ophys_804363_2025-08-19_11-46-48,TRAINING_3_images_A_10uL_reward,TRAINING_3,A,6,2025-08-19,VISp_5,5,VISp,274,9.48,0,Slc32a1-IRES-Cre/wt;Oi1(TIT2L-jGCaMP8s-WPRE-ICL-IRES-tTA2)/wt,multiplane-ophys_804363_2025-08-19_11-46-48_processed_2026-08-19_01-03-05,True
804363,multiplane-ophys_804363_2025-08-19_11-46-48,TRAINING_3_images_A_10uL_reward,TRAINING_3,A,6,2025-08-19,VISp_6,6,VISp,36,9.48,0,Slc32a1-IRES-Cre/wt;Oi1(TIT2L-jGCaMP8s-WPRE-ICL-IRES-tTA2)/wt,multiplane-ophys_804363_2025-08-19_11-46-48_processed_2026-08-19_01-03-05,True
804363,multiplane-ophys_804363_2025-08-19_11-46-48,TRAINING_3_images_A_10uL_reward,TRAINING_3,A,6,2025-08-19,VISp_7,7,VISp,304,9.48,0,Slc32a1-IRES-Cre/wt;Oi1(TIT2L-jGCaMP8s-WPRE-ICL-IRES-tTA2)/wt,multiplane-ophys_804363_2025-08-19_11-46-48_processed_2026-08-19_01-03-05,True
804363,multiplane-ophys_804363_2025-08-20_14-57-53,TRAINING_3_images_A_10uL_reward,TRAINING_3,A,7,2025-08-20,VISp_0,0,VISp,160,9.48,0,Slc32a1-IRES-Cre/wt;Oi1(TIT2L-jGCaMP8s-WPRE-ICL-IRES-tTA2)/wt,multiplane-ophys_804363_2025-08-20_14-57-53_processed_2026-08-19_01-02-54,True
804363,multiplane-ophys_804363_2025-08-20_14-57-53,TRAINING_3_images_A_10uL_reward,TRAINING_3,A,7,2025-08-20,VISp_1,1,VISp,200,9.48,0,Slc32a1-IRES-Cre/wt;Oi1(TIT2L-jGCaMP8s-WPRE-ICL-IRES-tTA2)/wt,multiplane-ophys_804363_2025-08-20_14-57-53_processed_2026-08-19_01-02-54,True
804363,multiplane-ophys_804363_2025-08-20_14-57-53,TRAINING_3_images_A_10uL_reward,TRAINING_3,A,7,2025-08-20,VISp_2,2,VISp,116,9.48,0,Slc32a1-IRES-Cre/wt;Oi1(TIT2L-jGCaMP8s-WPRE-ICL-IRES-tTA2)/wt,multiplane-ophys_804363_2025-08-20_14-57-53_processed_2026-08-19_01-02-54,True
804363,multiplane-ophys_804363_2025-08-20_14-57-53,TRAINING_3_images_A_10uL_reward,TRAINING_3,A,7,2025-08-20,VISp_3,3,VISp,236,9.48,0,Slc32a1-IRES-Cre/wt;Oi1(TIT2L-jGCaMP8s-WPRE-ICL-IRES-tTA2)/wt,multiplane-ophys_804363_2025-08-20_14-57-53_processed_2026-08-19_01-02-54,True
804363,multiplane-ophys_804363_2025-08-20_14-57-53,TRAINING_3_images_A_10uL_reward,TRAINING_3,A,7,2025-08-20,VISp_4,4,VISp,76,9.48,0,Slc32a1-IRES-Cre/wt;Oi1(TIT2L-jGCaMP8s-WPRE-ICL-IRES-tTA2)/wt,multiplane-ophys_804363_2025-08-20_14-57-53_processed_2026-08-19_01-02-54,True
804363,multiplane-ophys_804363_2025-08-20_14-57-53,TRAINING_3_images_A_10uL_reward,TRAINING_3,A,7,2025-08-20,VISp_5,5,VISp,276,9.48,0,Slc32a1-IRES-Cre/wt;Oi1(TIT2L-jGCaMP8s-WPRE-ICL-IRES-tTA2)/wt,multiplane-ophys_804363_2025-08-20_14-57-53_processed_2026-08-19_01-02-54,True
804363,multiplane-ophys_804363_2025-08-20_14-57-53,TRAINING_3_images_A_10uL_reward,TRAINING_3,A,7,2025-08-20,VISp_6,6,VISp,36,9.48,0,Slc32a1-IRES-Cre/wt;Oi1(TIT2L-jGCaMP8s-WPRE-ICL-IRES-tTA2)/wt,multiplane-ophys_804363_2025-08-20_14-57-53_processed_2026-08-19_01-02-54,True
804363,multiplane-ophys_804363_2025-08-20_14-57-53,TRAINING_3_images_A_10uL_reward,TRAINING_3,A,7,2025-08-20,VISp_7,7,VISp,318,9.48,0,Slc32a1-IRES-Cre/wt;Oi1(TIT2L-jGCaMP8s-WPRE-ICL-IRES-tTA2)/wt,multiplane-ophys_804363_2025-08-20_14-57-53_processed_2026-08-19_01-02-54,True
804363,multiplane-ophys_804363_2025-08-21_14-13-43,TRAINING_4_images_A_training,TRAINING_4,A,8,2025-08-21,VISp_0,0,VISp,156,9.48,0,Slc32a1-IRES-Cre/wt;Oi1(TIT2L-jGCaMP8s-WPRE-ICL-IRES-tTA2)/wt,multiplane-ophys_804363_2025-08-21_14-13-43_processed_2026-08-19_01-03-00,True
804363,multiplane-ophys_804363_2025-08-21_14-13-43,TRAINING_4_images_A_training,TRAINING_4,A,8,2025-08-21,VISp_1,1,VISp,198,9.48,0,Slc32a1-IRES-Cre/wt;Oi1(TIT2L-jGCaMP8s-WPRE-ICL-IRES-tTA2)/wt,multiplane-ophys_804363_2025-08-21_14-13-43_processed_2026-08-19_01-03-00,True
804363,multiplane-ophys_804363_2025-08-21_14-13-43,TRAINING_4_images_A_training,TRAINING_4,A,8,2025-08-21,VISp_2,2,VISp,116,9.48,0,Slc32a1-IRES-Cre/wt;Oi1(TIT2L-jGCaMP8s-WPRE-ICL-IRES-tTA2)/wt,multiplane-ophys_804363_2025-08-21_14-13-43_processed_2026-08-19_01-03-00,True
804363,multiplane-ophys_804363_2025-08-21_14-13-43,TRAINING_4_images_A_training,TRAINING_4,A,8,2025-08-21,VISp_3,3,VISp,238,9.48,0,Slc32a1-IRES-Cre/wt;Oi1(TIT2L-jGCaMP8s-WPRE-ICL-IRES-tTA2)/wt,multiplane-ophys_804363_2025-08-21_14-13-43_processed_2026-08-19_01-03-00,True
804363,multiplane-ophys_804363_2025-08-21_14-13-43,TRAINING_4_images_A_training,TRAINING_4,A,8,2025-08-21,VISp_4,4,VISp,76,9.48,0,Slc32a1-IRES-Cre/wt;Oi1(TIT2L-jGCaMP8s-WPRE-ICL-IRES-tTA2)/wt,multiplane-ophys_804363_2025-08-21_14-13-43_processed_2026-08-19_01-03-00,True
804363,multiplane-ophys_804363_2025-08-21_14-13-43,TRAINING_4_images_A_training,TRAINING_4,A,8,2025-08-21,VISp_5,5,VISp,274,9.48,0,Slc32a1-IRES-Cre/wt;Oi1(TIT2L-jGCaMP8s-WPRE-ICL-IRES-tTA2)/wt,multiplane-ophys_804363_2025-08-21_14-13-43_processed_2026-08-19_01-03-00,True
804363,multiplane-ophys_804363_2025-08-21_14-13-43,TRAINING_4_images_A_training,TRAINING_4,A,8,2025-08-21,VISp_6,6,VISp,38,9.48,0,Slc32a1-IRES-Cre/wt;Oi1(TIT2L-jGCaMP8s-WPRE-ICL-IRES-tTA2)/wt,multiplane-ophys_804363_2025-08-21_14-13-43_processed_2026-08-19_01-03-00,True
804363,multiplane-ophys_804363_2025-08-21_14-13-43,TRAINING_4_images_A_training,TRAINING_4,A,8,2025-08-21,VISp_7,7,VISp,314,9.48,0,Slc32a1-IRES-Cre/wt;Oi1(TIT2L-jGCaMP8s-WPRE-ICL-IRES-tTA2)/wt,multiplane-ophys_804363_2025-08-21_14-13-43_processed_2026-08-19_01-03-00,True
804363,multiplane-ophys_804363_2025-08-22_10-55-29,TRAINING_5_images_A_epilogue,TRAINING_5,A,9,2025-08-22,VISp_0,0,VISp,160,9.48,0,Slc32a1-IRES-Cre/wt;Oi1(TIT2L-jGCaMP8s-WPRE-ICL-IRES-tTA2)/wt,multiplane-ophys_804363_2025-08-22_10-55-29_processed_2026-08-19_01-03-42,True
804363,multiplane-ophys_804363_2025-08-22_10-55-29,TRAINING_5_images_A_epilogue,TRAINING_5,A,9,2025-08-22,VISp_1,1,VISp,200,9.48,0,Slc32a1-IRES-Cre/wt;Oi1(TIT2L-jGCaMP8s-WPRE-ICL-IRES-tTA2)/wt,multiplane-ophys_804363_2025-08-22_10-55-29_processed_2026-08-19_01-03-42,True
804363,multiplane-ophys_804363_2025-08-22_10-55-29,TRAINING_5_images_A_epilogue,TRAINING_5,A,9,2025-08-22,VISp_2,2,VISp,120,9.48,0,Slc32a1-IRES-Cre/wt;Oi1(TIT2L-jGCaMP8s-WPRE-ICL-IRES-tTA2)/wt,multiplane-ophys_804363_2025-08-22_10-55-29_processed_2026-08-19_01-03-42,True
804363,multiplane-ophys_804363_2025-08-22_10-55-29,TRAINING_5_images_A_epilogue,TRAINING_5,A,9,2025-08-22,VISp_3,3,VISp,240,9.48,0,Slc32a1-IRES-Cre/wt;Oi1(TIT2L-jGCaMP8s-WPRE-ICL-IRES-tTA2)/wt,multiplane-ophys_804363_2025-08-22_10-55-29_processed_2026-08-19_01-03-42,True
804363,multiplane-ophys_804363_2025-08-22_10-55-29,TRAINING_5_images_A_epilogue,TRAINING_5,A,9,2025-08-22,VISp_4,4,VISp,80,9.48,0,Slc32a1-IRES-Cre/wt;Oi1(TIT2L-jGCaMP8s-WPRE-ICL-IRES-tTA2)/wt,multiplane-ophys_804363_2025-08-22_10-55-29_processed_2026-08-19_01-03-42,True
804363,multiplane-ophys_804363_2025-08-22_10-55-29,TRAINING_5_images_A_epilogue,TRAINING_5,A,9,2025-08-22,VISp_5,5,VISp,276,9.48,0,Slc32a1-IRES-Cre/wt;Oi1(TIT2L-jGCaMP8s-WPRE-ICL-IRES-tTA2)/wt,multiplane-ophys_804363_2025-08-22_10-55-29_processed_2026-08-19_01-03-42,True
804363,multiplane-ophys_804363_2025-08-22_10-55-29,TRAINING_5_images_A_epilogue,TRAINING_5,A,9,2025-08-22,VISp_6,6,VISp,48,9.48,0,Slc32a1-IRES-Cre/wt;Oi1(TIT2L-jGCaMP8s-WPRE-ICL-IRES-tTA2)/wt,multiplane-ophys_804363_2025-08-22_10-55-29_processed_2026-08-19_01-03-42,True
804363,multiplane-ophys_804363_2025-08-22_10-55-29,TRAINING_5_images_A_epilogue,TRAINING_5,A,9,2025-08-22,VISp_7,7,VISp,318,9.48,0,Slc32a1-IRES-Cre/wt;Oi1(TIT2L-jGCaMP8s-WPRE-ICL-IRES-tTA2)/wt,multiplane-ophys_804363_2025-08-22_10-55-29_processed_2026-08-19_01-03-42,True
804363,multiplane-ophys_804363_2025-08-25_11-46-42,TRAINING_5_images_A_handoff_ready,TRAINING_5,A,10,2025-08-25,VISp_0,0,VISp,158,9.48,0,Slc32a1-IRES-Cre/wt;Oi1(TIT2L-jGCaMP8s-WPRE-ICL-IRES-tTA2)/wt,multiplane-ophys_804363_2025-08-25_11-46-42_processed_2026-08-19_01-03-40,True
804363,multiplane-ophys_804363_2025-08-25_11-46-42,TRAINING_5_images_A_handoff_ready,TRAINING_5,A,10,2025-08-25,VISp_1,1,VISp,198,9.48,0,Slc32a1-IRES-Cre/wt;Oi1(TIT2L-jGCaMP8s-WPRE-ICL-IRES-tTA2)/wt,multiplane-ophys_804363_2025-08-25_11-46-42_processed_2026-08-19_01-03-40,True
804363,multiplane-ophys_804363_2025-08-25_11-46-42,TRAINING_5_images_A_handoff_ready,TRAINING_5,A,10,2025-08-25,VISp_2,2,VISp,115,9.48,0,Slc32a1-IRES-Cre/wt;Oi1(TIT2L-jGCaMP8s-WPRE-ICL-IRES-tTA2)/wt,multiplane-ophys_804363_2025-08-25_11-46-42_processed_2026-08-19_01-03-40,True
804363,multiplane-ophys_804363_2025-08-25_11-46-42,TRAINING_5_images_A_handoff_ready,TRAINING_5,A,10,2025-08-25,VISp_3,3,VISp,236,9.48,0,Slc32a1-IRES-Cre/wt;Oi1(TIT2L-jGCaMP8s-WPRE-ICL-IRES-tTA2)/wt,multiplane-ophys_804363_2025-08-25_11-46-42_processed_2026-08-19_01-03-40,True
804363,multiplane-ophys_804363_2025-08-25_11-46-42,TRAINING_5_images_A_handoff_ready,TRAINING_5,A,10,2025-08-25,VISp_4,4,VISp,78,9.48,0,Slc32a1-IRES-Cre/wt;Oi1(TIT2L-jGCaMP8s-WPRE-ICL-IRES-tTA2)/wt,multiplane-ophys_804363_2025-08-25_11-46-42_processed_2026-08-19_01-03-40,True
804363,multiplane-ophys_804363_2025-08-25_11-46-42,TRAINING_5_images_A_handoff_ready,TRAINING_5,A,10,2025-08-25,VISp_5,5,VISp,276,9.48,0,Slc32a1-IRES-Cre/wt;Oi1(TIT2L-jGCaMP8s-WPRE-ICL-IRES-tTA2)/wt,multiplane-ophys_804363_2025-08-25_11-46-42_processed_2026-08-19_01-03-40,True
804363,multiplane-ophys_804363_2025-08-25_11-46-42,TRAINING_5_images_A_handoff_ready,TRAINING_5,A,10,2025-08-25,VISp_6,6,VISp,44,9.48,0,Slc32a1-IRES-Cre/wt;Oi1(TIT2L-jGCaMP8s-WPRE-ICL-IRES-tTA2)/wt,multiplane-ophys_804363_2025-08-25_11-46-42_processed_2026-08-19_01-03-40,True
804363,multiplane-ophys_804363_2025-08-25_11-46-42,TRAINING_5_images_A_handoff_ready,TRAINING_5,A,10,2025-08-25,VISp_7,7,VISp,314,9.48,0,Slc32a1-IRES-Cre/wt;Oi1(TIT2L-jGCaMP8s-WPRE-ICL-IRES-tTA2)/wt,multiplane-ophys_804363_2025-08-25_11-46-42_processed_2026-08-19_01-03-40,True
804363,multiplane-ophys_804363_2025-08-26_11-28-57,OPHYS_1_images_A,OPHYS_1,A,11,2025-08-26,VISp_0,0,VISp,158,9.48,0,Slc32a1-IRES-Cre/wt;Oi1(TIT2L-jGCaMP8s-WPRE-ICL-IRES-tTA2)/wt,multiplane-ophys_804363_2025-08-26_11-28-57_processed_2026-08-19_01-03-50,True
804363,multiplane-ophys_804363_2025-08-26_11-28-57,OPHYS_1_images_A,OPHYS_1,A,11,2025-08-26,VISp_1,1,VISp,198,9.48,0,Slc32a1-IRES-Cre/wt;Oi1(TIT2L-jGCaMP8s-WPRE-ICL-IRES-tTA2)/wt,multiplane-ophys_804363_2025-08-26_11-28-57_processed_2026-08-19_01-03-50,True
804363,multiplane-ophys_804363_2025-08-26_11-28-57,OPHYS_1_images_A,OPHYS_1,A,11,2025-08-26,VISp_2,2,VISp,118,9.48,0,Slc32a1-IRES-Cre/wt;Oi1(TIT2L-jGCaMP8s-WPRE-ICL-IRES-tTA2)/wt,multiplane-ophys_804363_2025-08-26_11-28-57_processed_2026-08-19_01-03-50,True
804363,multiplane-ophys_804363_2025-08-26_11-28-57,OPHYS_1_images_A,OPHYS_1,A,11,2025-08-26,VISp_3,3,VISp,238,9.48,0,Slc32a1-IRES-Cre/wt;Oi1(TIT2L-jGCaMP8s-WPRE-ICL-IRES-tTA2)/wt,multiplane-ophys_804363_2025-08-26_11-28-57_processed_2026-08-19_01-03-50,True
804363,multiplane-ophys_804363_2025-08-26_11-28-57,OPHYS_1_images_A,OPHYS_1,A,11,2025-08-26,VISp_4,4,VISp,74,9.48,0,Slc32a1-IRES-Cre/wt;Oi1(TIT2L-jGCaMP8s-WPRE-ICL-IRES-tTA2)/wt,multiplane-ophys_804363_2025-08-26_11-28-57_processed_2026-08-19_01-03-50,True
804363,multiplane-ophys_804363_2025-08-26_11-28-57,OPHYS_1_images_A,OPHYS_1,A,11,2025-08-26,VISp_5,5,VISp,268,9.48,0,Slc32a1-IRES-Cre/wt;Oi1(TIT2L-jGCaMP8s-WPRE-ICL-IRES-tTA2)/wt,multiplane-ophys_804363_2025-08-26_11-28-57_processed_2026-08-19_01-03-50,True
804363,multiplane-ophys_804363_2025-08-26_11-28-57,OPHYS_1_images_A,OPHYS_1,A,11,2025-08-26,VISp_6,6,VISp,42,9.48,0,Slc32a1-IRES-Cre/wt;Oi1(TIT2L-jGCaMP8s-WPRE-ICL-IRES-tTA2)/wt,multiplane-ophys_804363_2025-08-26_11-28-57_processed_2026-08-19_01-03-50,True
804363,multiplane-ophys_804363_2025-08-26_11-28-57,OPHYS_1_images_A,OPHYS_1,A,11,2025-08-26,VISp_7,7,VISp,308,9.48,0,Slc32a1-IRES-Cre/wt;Oi1(TIT2L-jGCaMP8s-WPRE-ICL-IRES-tTA2)/wt,multiplane-ophys_804363_2025-08-26_11-28-57_processed_2026-08-19_01-03-50,True
804363,multiplane-ophys_804363_2025-08-28_14-46-56,OPHYS_1_images_A,OPHYS_1,A,12,2025-08-28,VISp_0,0,VISp,160,9.48,0,Slc32a1-IRES-Cre/wt;Oi1(TIT2L-jGCaMP8s-WPRE-ICL-IRES-tTA2)/wt,multiplane-ophys_804363_2025-08-28_14-46-56_processed_2026-08-19_01-04-54,True
804363,multiplane-ophys_804363_2025-08-28_14-46-56,OPHYS_1_images_A,OPHYS_1,A,12,2025-08-28,VISp_1,1,VISp,200,9.48,0,Slc32a1-IRES-Cre/wt;Oi1(TIT2L-jGCaMP8s-WPRE-ICL-IRES-tTA2)/wt,multiplane-ophys_804363_2025-08-28_14-46-56_processed_2026-08-19_01-04-54,True
804363,multiplane-ophys_804363_2025-08-28_14-46-56,OPHYS_1_images_A,OPHYS_1,A,12,2025-08-28,VISp_2,2,VISp,116,9.48,0,Slc32a1-IRES-Cre/wt;Oi1(TIT2L-jGCaMP8s-WPRE-ICL-IRES-tTA2)/wt,multiplane-ophys_804363_2025-08-28_14-46-56_processed_2026-08-19_01-04-54,True
804363,multiplane-ophys_804363_2025-08-28_14-46-56,OPHYS_1_images_A,OPHYS_1,A,12,2025-08-28,VISp_3,3,VISp,234,9.48,0,Slc32a1-IRES-Cre/wt;Oi1(TIT2L-jGCaMP8s-WPRE-ICL-IRES-tTA2)/wt,multiplane-ophys_804363_2025-08-28_14-46-56_processed_2026-08-19_01-04-54,True
804363,multiplane-ophys_804363_2025-08-28_14-46-56,OPHYS_1_images_A,OPHYS_1,A,12,2025-08-28,VISp_4,4,VISp,80,9.48,0,Slc32a1-IRES-Cre/wt;Oi1(TIT2L-jGCaMP8s-WPRE-ICL-IRES-tTA2)/wt,multiplane-ophys_804363_2025-08-28_14-46-56_processed_2026-08-19_01-04-54,True
804363,multiplane-ophys_804363_2025-08-28_14-46-56,OPHYS_1_images_A,OPHYS_1,A,12,2025-08-28,VISp_5,5,VISp,270,9.48,0,Slc32a1-IRES-Cre/wt;Oi1(TIT2L-jGCaMP8s-WPRE-ICL-IRES-tTA2)/wt,multiplane-ophys_804363_2025-08-28_14-46-56_processed_2026-08-19_01-04-54,True
804363,multiplane-ophys_804363_2025-08-28_14-46-56,OPHYS_1_images_A,OPHYS_1,A,12,2025-08-28,VISp_6,6,VISp,44,9.48,0,Slc32a1-IRES-Cre/wt;Oi1(TIT2L-jGCaMP8s-WPRE-ICL-IRES-tTA2)/wt,multiplane-ophys_804363_2025-08-28_14-46-56_processed_2026-08-19_01-04-54,True
804363,multiplane-ophys_804363_2025-08-28_14-46-56,OPHYS_1_images_A,OPHYS_1,A,12,2025-08-28,VISp_7,7,VISp,310,9.48,0,Slc32a1-IRES-Cre/wt;Oi1(TIT2L-jGCaMP8s-WPRE-ICL-IRES-tTA2)/wt,multiplane-ophys_804363_2025-08-28_14-46-56_processed_2026-08-19_01-04-54,True
804363,multiplane-ophys_804363_2025-08-29_14-47-31,OPHYS_4_images_B,OPHYS_4,B,13,2025-08-29,VISp_0,0,VISp,156,9.48,0,Slc32a1-IRES-Cre/wt;Oi1(TIT2L-jGCaMP8s-WPRE-ICL-IRES-tTA2)/wt,multiplane-ophys_804363_2025-08-29_14-47-31_processed_2026-08-19_01-04-57,True
804363,multiplane-ophys_804363_2025-08-29_14-47-31,OPHYS_4_images_B,OPHYS_4,B,13,2025-08-29,VISp_1,1,VISp,196,9.48,0,Slc32a1-IRES-Cre/wt;Oi1(TIT2L-jGCaMP8s-WPRE-ICL-IRES-tTA2)/wt,multiplane-ophys_804363_2025-08-29_14-47-31_processed_2026-08-19_01-04-57,True
804363,multiplane-ophys_804363_2025-08-29_14-47-31,OPHYS_4_images_B,OPHYS_4,B,13,2025-08-29,VISp_2,2,VISp,118,9.48,0,Slc32a1-IRES-Cre/wt;Oi1(TIT2L-jGCaMP8s-WPRE-ICL-IRES-tTA2)/wt,multiplane-ophys_804363_2025-08-29_14-47-31_processed_2026-08-19_01-04-57,True
804363,multiplane-ophys_804363_2025-08-29_14-47-31,OPHYS_4_images_B,OPHYS_4,B,13,2025-08-29,VISp_3,3,VISp,236,9.48,0,Slc32a1-IRES-Cre/wt;Oi1(TIT2L-jGCaMP8s-WPRE-ICL-IRES-tTA2)/wt,multiplane-ophys_804363_2025-08-29_14-47-31_processed_2026-08-19_01-04-57,True
804363,multiplane-ophys_804363_2025-08-29_14-47-31,OPHYS_4_images_B,OPHYS_4,B,13,2025-08-29,VISp_4,4,VISp,78,9.48,0,Slc32a1-IRES-Cre/wt;Oi1(TIT2L-jGCaMP8s-WPRE-ICL-IRES-tTA2)/wt,multiplane-ophys_804363_2025-08-29_14-47-31_processed_2026-08-19_01-04-57,True
804363,multiplane-ophys_804363_2025-08-29_14-47-31,OPHYS_4_images_B,OPHYS_4,B,13,2025-08-29,VISp_5,5,VISp,268,9.48,0,Slc32a1-IRES-Cre/wt;Oi1(TIT2L-jGCaMP8s-WPRE-ICL-IRES-tTA2)/wt,multiplane-ophys_804363_2025-08-29_14-47-31_processed_2026-08-19_01-04-57,True
804363,multiplane-ophys_804363_2025-08-29_14-47-31,OPHYS_4_images_B,OPHYS_4,B,13,2025-08-29,VISp_6,6,VISp,40,9.48,0,Slc32a1-IRES-Cre/wt;Oi1(TIT2L-jGCaMP8s-WPRE-ICL-IRES-tTA2)/wt,multiplane-ophys_804363_2025-08-29_14-47-31_processed_2026-08-19_01-04-57,True
804363,multiplane-ophys_804363_2025-08-29_14-47-31,OPHYS_4_images_B,OPHYS_4,B,13,2025-08-29,VISp_7,7,VISp,310,9.48,0,Slc32a1-IRES-Cre/wt;Oi1(TIT2L-jGCaMP8s-WPRE-ICL-IRES-tTA2)/wt,multiplane-ophys_804363_2025-08-29_14-47-31_processed_2026-08-19_01-04-57,True
804363,multiplane-ophys_804363_2025-09-02_11-50-29,OPHYS_4_images_B,OPHYS_4,B,14,2025-09-02,VISp_0,0,VISp,156,9.48,0,Slc32a1-IRES-Cre/wt;Oi1(TIT2L-jGCaMP8s-WPRE-ICL-IRES-tTA2)/wt,multiplane-ophys_804363_2025-09-02_11-50-29_processed_2026-08-19_01-05-07,True
804363,multiplane-ophys_804363_2025-09-02_11-50-29,OPHYS_4_images_B,OPHYS_4,B,14,2025-09-02,VISp_1,1,VISp,198,9.48,0,Slc32a1-IRES-Cre/wt;Oi1(TIT2L-jGCaMP8s-WPRE-ICL-IRES-tTA2)/wt,multiplane-ophys_804363_2025-09-02_11-50-29_processed_2026-08-19_01-05-07,True
804363,multiplane-ophys_804363_2025-09-02_11-50-29,OPHYS_4_images_B,OPHYS_4,B,14,2025-09-02,VISp_2,2,VISp,116,9.48,0,Slc32a1-IRES-Cre/wt;Oi1(TIT2L-jGCaMP8s-WPRE-ICL-IRES-tTA2)/wt,multiplane-ophys_804363_2025-09-02_11-50-29_processed_2026-08-19_01-05-07,True
804363,multiplane-ophys_804363_2025-09-02_11-50-29,OPHYS_4_images_B,OPHYS_4,B,14,2025-09-02,VISp_3,3,VISp,234,9.48,0,Slc32a1-IRES-Cre/wt;Oi1(TIT2L-jGCaMP8s-WPRE-ICL-IRES-tTA2)/wt,multiplane-ophys_804363_2025-09-02_11-50-29_processed_2026-08-19_01-05-07,True
804363,multiplane-ophys_804363_2025-09-02_11-50-29,OPHYS_4_images_B,OPHYS_4,B,14,2025-09-02,VISp_4,4,VISp,80,9.48,0,Slc32a1-IRES-Cre/wt;Oi1(TIT2L-jGCaMP8s-WPRE-ICL-IRES-tTA2)/wt,multiplane-ophys_804363_2025-09-02_11-50-29_processed_2026-08-19_01-05-07,True
804363,multiplane-ophys_804363_2025-09-02_11-50-29,OPHYS_4_images_B,OPHYS_4,B,14,2025-09-02,VISp_5,5,VISp,270,9.48,0,Slc32a1-IRES-Cre/wt;Oi1(TIT2L-jGCaMP8s-WPRE-ICL-IRES-tTA2)/wt,multiplane-ophys_804363_2025-09-02_11-50-29_processed_2026-08-19_01-05-07,True
804363,multiplane-ophys_804363_2025-09-02_11-50-29,OPHYS_4_images_B,OPHYS_4,B,14,2025-09-02,VISp_6,6,VISp,42,9.48,0,Slc32a1-IRES-Cre/wt;Oi1(TIT2L-jGCaMP8s-WPRE-ICL-IRES-tTA2)/wt,multiplane-ophys_804363_2025-09-02_11-50-29_processed_2026-08-19_01-05-07,True
804363,multiplane-ophys_804363_2025-09-02_11-50-29,OPHYS_4_images_B,OPHYS_4,B,14,2025-09-02,VISp_7,7,VISp,310,9.48,0,Slc32a1-IRES-Cre/wt;Oi1(TIT2L-jGCaMP8s-WPRE-ICL-IRES-tTA2)/wt,multiplane-ophys_804363_2025-09-02_11-50-29_processed_2026-08-19_01-05-07,True
804363,multiplane-ophys_804363_2025-09-03_14-53-32,OPHYS_6_images_B,OPHYS_6,B,15,2025-09-03,VISp_0,0,VISp,160,9.48,0,Slc32a1-IRES-Cre/wt;Oi1(TIT2L-jGCaMP8s-WPRE-ICL-IRES-tTA2)/wt,multiplane-ophys_804363_2025-09-03_14-53-32_processed_2026-08-19_01-05-02,True
804363,multiplane-ophys_804363_2025-09-03_14-53-32,OPHYS_6_images_B,OPHYS_6,B,15,2025-09-03,VISp_1,1,VISp,200,9.48,0,Slc32a1-IRES-Cre/wt;Oi1(TIT2L-jGCaMP8s-WPRE-ICL-IRES-tTA2)/wt,multiplane-ophys_804363_2025-09-03_14-53-32_processed_2026-08-19_01-05-02,True
804363,multiplane-ophys_804363_2025-09-03_14-53-32,OPHYS_6_images_B,OPHYS_6,B,15,2025-09-03,VISp_2,2,VISp,120,9.48,0,Slc32a1-IRES-Cre/wt;Oi1(TIT2L-jGCaMP8s-WPRE-ICL-IRES-tTA2)/wt,multiplane-ophys_804363_2025-09-03_14-53-32_processed_2026-08-19_01-05-02,True
804363,multiplane-ophys_804363_2025-09-03_14-53-32,OPHYS_6_images_B,OPHYS_6,B,15,2025-09-03,VISp_3,3,VISp,240,9.48,0,Slc32a1-IRES-Cre/wt;Oi1(TIT2L-jGCaMP8s-WPRE-ICL-IRES-tTA2)/wt,multiplane-ophys_804363_2025-09-03_14-53-32_processed_2026-08-19_01-05-02,True
804363,multiplane-ophys_804363_2025-09-03_14-53-32,OPHYS_6_images_B,OPHYS_6,B,15,2025-09-03,VISp_4,4,VISp,84,9.48,0,Slc32a1-IRES-Cre/wt;Oi1(TIT2L-jGCaMP8s-WPRE-ICL-IRES-tTA2)/wt,multiplane-ophys_804363_2025-09-03_14-53-32_processed_2026-08-19_01-05-02,True
804363,multiplane-ophys_804363_2025-09-03_14-53-32,OPHYS_6_images_B,OPHYS_6,B,15,2025-09-03,VISp_5,5,VISp,274,9.48,0,Slc32a1-IRES-Cre/wt;Oi1(TIT2L-jGCaMP8s-WPRE-ICL-IRES-tTA2)/wt,multiplane-ophys_804363_2025-09-03_14-53-32_processed_2026-08-19_01-05-02,True
804363,multiplane-ophys_804363_2025-09-03_14-53-32,OPHYS_6_images_B,OPHYS_6,B,15,2025-09-03,VISp_6,6,VISp,42,9.48,0,Slc32a1-IRES-Cre/wt;Oi1(TIT2L-jGCaMP8s-WPRE-ICL-IRES-tTA2)/wt,multiplane-ophys_804363_2025-09-03_14-53-32_processed_2026-08-19_01-05-02,True
804363,multiplane-ophys_804363_2025-09-03_14-53-32,OPHYS_6_images_B,OPHYS_6,B,15,2025-09-03,VISp_7,7,VISp,312,9.48,0,Slc32a1-IRES-Cre/wt;Oi1(TIT2L-jGCaMP8s-WPRE-ICL-IRES-tTA2)/wt,multiplane-ophys_804363_2025-09-03_14-53-32_processed_2026-08-19_01-05-02,True
804363,multiplane-ophys_804363_2025-09-04_16-08-45,OPHYS_6_images_B,OPHYS_6,B,16,2025-09-04,VISp_0,0,VISp,160,9.48,0,Slc32a1-IRES-Cre/wt;Oi1(TIT2L-jGCaMP8s-WPRE-ICL-IRES-tTA2)/wt,multiplane-ophys_804363_2025-09-04_16-08-45_processed_2026-08-19_01-05-08,True
804363,multiplane-ophys_804363_2025-09-04_16-08-45,OPHYS_6_images_B,OPHYS_6,B,16,2025-09-04,VISp_1,1,VISp,200,9.48,0,Slc32a1-IRES-Cre/wt;Oi1(TIT2L-jGCaMP8s-WPRE-ICL-IRES-tTA2)/wt,multiplane-ophys_804363_2025-09-04_16-08-45_processed_2026-08-19_01-05-08,True
804363,multiplane-ophys_804363_2025-09-04_16-08-45,OPHYS_6_images_B,OPHYS_6,B,16,2025-09-04,VISp_2,2,VISp,120,9.48,0,Slc32a1-IRES-Cre/wt;Oi1(TIT2L-jGCaMP8s-WPRE-ICL-IRES-tTA2)/wt,multiplane-ophys_804363_2025-09-04_16-08-45_processed_2026-08-19_01-05-08,True
804363,multiplane-ophys_804363_2025-09-04_16-08-45,OPHYS_6_images_B,OPHYS_6,B,16,2025-09-04,VISp_3,3,VISp,238,9.48,0,Slc32a1-IRES-Cre/wt;Oi1(TIT2L-jGCaMP8s-WPRE-ICL-IRES-tTA2)/wt,multiplane-ophys_804363_2025-09-04_16-08-45_processed_2026-08-19_01-05-08,True
804363,multiplane-ophys_804363_2025-09-04_16-08-45,OPHYS_6_images_B,OPHYS_6,B,16,2025-09-04,VISp_4,4,VISp,80,9.48,0,Slc32a1-IRES-Cre/wt;Oi1(TIT2L-jGCaMP8s-WPRE-ICL-IRES-tTA2)/wt,multiplane-ophys_804363_2025-09-04_16-08-45_processed_2026-08-19_01-05-08,True
804363,multiplane-ophys_804363_2025-09-04_16-08-45,OPHYS_6_images_B,OPHYS_6,B,16,2025-09-04,VISp_5,5,VISp,272,9.48,0,Slc32a1-IRES-Cre/wt;Oi1(TIT2L-jGCaMP8s-WPRE-ICL-IRES-tTA2)/wt,multiplane-ophys_804363_2025-09-04_16-08-45_processed_2026-08-19_01-05-08,True
804363,multiplane-ophys_804363_2025-09-04_16-08-45,OPHYS_6_images_B,OPHYS_6,B,16,2025-09-04,VISp_6,6,VISp,48,9.48,0,Slc32a1-IRES-Cre/wt;Oi1(TIT2L-jGCaMP8s-WPRE-ICL-IRES-tTA2)/wt,multiplane-ophys_804363_2025-09-04_16-08-45_processed_2026-08-19_01-05-08,True
804363,multiplane-ophys_804363_2025-09-04_16-08-45,OPHYS_6_images_B,OPHYS_6,B,16,2025-09-04,VISp_7,7,VISp,314,9.48,0,Slc32a1-IRES-Cre/wt;Oi1(TIT2L-jGCaMP8s-WPRE-ICL-IRES-tTA2)/wt,multiplane-ophys_804363_2025-09-04_16-08-45_processed_2026-08-19_01-05-08,True
804363,multiplane-ophys_804363_2025-09-05_13-25-33,STAGE_0,STAGE_0,,17,2025-09-05,VISp_0,0,VISp,160,9.48,0,Slc32a1-IRES-Cre/wt;Oi1(TIT2L-jGCaMP8s-WPRE-ICL-IRES-tTA2)/wt,multiplane-ophys_804363_2025-09-05_13-25-33_processed_2026-08-19_01-05-09,True
804363,multiplane-ophys_804363_2025-09-05_13-25-33,STAGE_0,STAGE_0,,17,2025-09-05,VISp_1,1,VISp,196,9.48,0,Slc32a1-IRES-Cre/wt;Oi1(TIT2L-jGCaMP8s-WPRE-ICL-IRES-tTA2)/wt,multiplane-ophys_804363_2025-09-05_13-25-33_processed_2026-08-19_01-05-09,True
804363,multiplane-ophys_804363_2025-09-05_13-25-33,STAGE_0,STAGE_0,,17,2025-09-05,VISp_2,2,VISp,120,9.48,0,Slc32a1-IRES-Cre/wt;Oi1(TIT2L-jGCaMP8s-WPRE-ICL-IRES-tTA2)/wt,multiplane-ophys_804363_2025-09-05_13-25-33_processed_2026-08-19_01-05-09,True
804363,multiplane-ophys_804363_2025-09-05_13-25-33,STAGE_0,STAGE_0,,17,2025-09-05,VISp_3,3,VISp,240,9.48,0,Slc32a1-IRES-Cre/wt;Oi1(TIT2L-jGCaMP8s-WPRE-ICL-IRES-tTA2)/wt,multiplane-ophys_804363_2025-09-05_13-25-33_processed_2026-08-19_01-05-09,True
804363,multiplane-ophys_804363_2025-09-05_13-25-33,STAGE_0,STAGE_0,,17,2025-09-05,VISp_4,4,VISp,78,9.48,0,Slc32a1-IRES-Cre/wt;Oi1(TIT2L-jGCaMP8s-WPRE-ICL-IRES-tTA2)/wt,multiplane-ophys_804363_2025-09-05_13-25-33_processed_2026-08-19_01-05-09,True
804363,multiplane-ophys_804363_2025-09-05_13-25-33,STAGE_0,STAGE_0,,17,2025-09-05,VISp_5,5,VISp,276,9.48,0,Slc32a1-IRES-Cre/wt;Oi1(TIT2L-jGCaMP8s-WPRE-ICL-IRES-tTA2)/wt,multiplane-ophys_804363_2025-09-05_13-25-33_processed_2026-08-19_01-05-09,True
804363,multiplane-ophys_804363_2025-09-05_13-25-33,STAGE_0,STAGE_0,,17,2025-09-05,VISp_6,6,VISp,44,9.48,0,Slc32a1-IRES-Cre/wt;Oi1(TIT2L-jGCaMP8s-WPRE-ICL-IRES-tTA2)/wt,multiplane-ophys_804363_2025-09-05_13-25-33_processed_2026-08-19_01-05-09,True
804363,multiplane-ophys_804363_2025-09-05_13-25-33,STAGE_0,STAGE_0,,17,2025-09-05,VISp_7,7,VISp,320,9.48,0,Slc32a1-IRES-Cre/wt;Oi1(TIT2L-jGCaMP8s-WPRE-ICL-IRES-tTA2)/wt,multiplane-ophys_804363_2025-09-05_13-25-33_processed_2026-08-19_01-05-09,True
804363,multiplane-ophys_804363_2025-09-08_09-24-39,STAGE_1,STAGE_1,,18,2025-09-08,VISp_0,0,VISp,160,9.48,0,Slc32a1-IRES-Cre/wt;Oi1(TIT2L-jGCaMP8s-WPRE-ICL-IRES-tTA2)/wt,multiplane-ophys_804363_2025-09-08_09-24-39_processed_2026-08-19_01-05-32,True
804363,multiplane-ophys_804363_2025-09-08_09-24-39,STAGE_1,STAGE_1,,18,2025-09-08,VISp_1,1,VISp,198,9.48,0,Slc32a1-IRES-Cre/wt;Oi1(TIT2L-jGCaMP8s-WPRE-ICL-IRES-tTA2)/wt,multiplane-ophys_804363_2025-09-08_09-24-39_processed_2026-08-19_01-05-32,True
804363,multiplane-ophys_804363_2025-09-08_09-24-39,STAGE_1,STAGE_1,,18,2025-09-08,VISp_2,2,VISp,120,9.48,0,Slc32a1-IRES-Cre/wt;Oi1(TIT2L-jGCaMP8s-WPRE-ICL-IRES-tTA2)/wt,multiplane-ophys_804363_2025-09-08_09-24-39_processed_2026-08-19_01-05-32,True
804363,multiplane-ophys_804363_2025-09-08_09-24-39,STAGE_1,STAGE_1,,18,2025-09-08,VISp_3,3,VISp,240,9.48,0,Slc32a1-IRES-Cre/wt;Oi1(TIT2L-jGCaMP8s-WPRE-ICL-IRES-tTA2)/wt,multiplane-ophys_804363_2025-09-08_09-24-39_processed_2026-08-19_01-05-32,True
804363,multiplane-ophys_804363_2025-09-08_09-24-39,STAGE_1,STAGE_1,,18,2025-09-08,VISp_4,4,VISp,82,9.48,0,Slc32a1-IRES-Cre/wt;Oi1(TIT2L-jGCaMP8s-WPRE-ICL-IRES-tTA2)/wt,multiplane-ophys_804363_2025-09-08_09-24-39_processed_2026-08-19_01-05-32,True
804363,multiplane-ophys_804363_2025-09-08_09-24-39,STAGE_1,STAGE_1,,18,2025-09-08,VISp_5,5,VISp,276,9.48,0,Slc32a1-IRES-Cre/wt;Oi1(TIT2L-jGCaMP8s-WPRE-ICL-IRES-tTA2)/wt,multiplane-ophys_804363_2025-09-08_09-24-39_processed_2026-08-19_01-05-32,True
804363,multiplane-ophys_804363_2025-09-08_09-24-39,STAGE_1,STAGE_1,,18,2025-09-08,VISp_6,6,VISp,42,9.48,0,Slc32a1-IRES-Cre/wt;Oi1(TIT2L-jGCaMP8s-WPRE-ICL-IRES-tTA2)/wt,multiplane-ophys_804363_2025-09-08_09-24-39_processed_2026-08-19_01-05-32,True
804363,multiplane-ophys_804363_2025-09-08_09-24-39,STAGE_1,STAGE_1,,18,2025-09-08,VISp_7,7,VISp,320,9.48,0,Slc32a1-IRES-Cre/wt;Oi1(TIT2L-jGCaMP8s-WPRE-ICL-IRES-tTA2)/wt,multiplane-ophys_804363_2025-09-08_09-24-39_processed_2026-08-19_01-05-32,True
804363,multiplane-ophys_804363_2025-09-09_11-44-14,STAGE_1,STAGE_1,,19,2025-09-09,VISp_0,0,VISp,160,9.48,0,Slc32a1-IRES-Cre/wt;Oi1(TIT2L-jGCaMP8s-WPRE-ICL-IRES-tTA2)/wt,multiplane-ophys_804363_2025-09-09_11-44-14_processed_2026-08-19_01-05-33,True
804363,multiplane-ophys_804363_2025-09-09_11-44-14,STAGE_1,STAGE_1,,19,2025-09-09,VISp_1,1,VISp,200,9.48,0,Slc32a1-IRES-Cre/wt;Oi1(TIT2L-jGCaMP8s-WPRE-ICL-IRES-tTA2)/wt,multiplane-ophys_804363_2025-09-09_11-44-14_processed_2026-08-19_01-05-33,True
804363,multiplane-ophys_804363_2025-09-09_11-44-14,STAGE_1,STAGE_1,,19,2025-09-09,VISp_2,2,VISp,122,9.48,0,Slc32a1-IRES-Cre/wt;Oi1(TIT2L-jGCaMP8s-WPRE-ICL-IRES-tTA2)/wt,multiplane-ophys_804363_2025-09-09_11-44-14_processed_2026-08-19_01-05-33,True
804363,multiplane-ophys_804363_2025-09-09_11-44-14,STAGE_1,STAGE_1,,19,2025-09-09,VISp_3,3,VISp,240,9.48,0,Slc32a1-IRES-Cre/wt;Oi1(TIT2L-jGCaMP8s-WPRE-ICL-IRES-tTA2)/wt,multiplane-ophys_804363_2025-09-09_11-44-14_processed_2026-08-19_01-05-33,True
804363,multiplane-ophys_804363_2025-09-09_11-44-14,STAGE_1,STAGE_1,,19,2025-09-09,VISp_4,4,VISp,84,9.48,0,Slc32a1-IRES-Cre/wt;Oi1(TIT2L-jGCaMP8s-WPRE-ICL-IRES-tTA2)/wt,multiplane-ophys_804363_2025-09-09_11-44-14_processed_2026-08-19_01-05-33,True
804363,multiplane-ophys_804363_2025-09-09_11-44-14,STAGE_1,STAGE_1,,19,2025-09-09,VISp_5,5,VISp,280,9.48,0,Slc32a1-IRES-Cre/wt;Oi1(TIT2L-jGCaMP8s-WPRE-ICL-IRES-tTA2)/wt,multiplane-ophys_804363_2025-09-09_11-44-14_processed_2026-08-19_01-05-33,True
804363,multiplane-ophys_804363_2025-09-09_11-44-14,STAGE_1,STAGE_1,,19,2025-09-09,VISp_6,6,VISp,44,9.48,0,Slc32a1-IRES-Cre/wt;Oi1(TIT2L-jGCaMP8s-WPRE-ICL-IRES-tTA2)/wt,multiplane-ophys_804363_2025-09-09_11-44-14_processed_2026-08-19_01-05-33,True
804363,multiplane-ophys_804363_2025-09-09_11-44-14,STAGE_1,STAGE_1,,19,2025-09-09,VISp_7,7,VISp,322,9.48,0,Slc32a1-IRES-Cre/wt;Oi1(TIT2L-jGCaMP8s-WPRE-ICL-IRES-tTA2)/wt,multiplane-ophys_804363_2025-09-09_11-44-14_processed_2026-08-19_01-05-33,True
804363,multiplane-ophys_804363_2025-09-10_14-44-56,STAGE_1,STAGE_1,,20,2025-09-10,VISp_0,0,VISp,160,9.48,0,Slc32a1-IRES-Cre/wt;Oi1(TIT2L-jGCaMP8s-WPRE-ICL-IRES-tTA2)/wt,multiplane-ophys_804363_2025-09-10_14-44-56_processed_2026-08-19_01-05-12,True
804363,multiplane-ophys_804363_2025-09-10_14-44-56,STAGE_1,STAGE_1,,20,2025-09-10,VISp_1,1,VISp,200,9.48,0,Slc32a1-IRES-Cre/wt;Oi1(TIT2L-jGCaMP8s-WPRE-ICL-IRES-tTA2)/wt,multiplane-ophys_804363_2025-09-10_14-44-56_processed_2026-08-19_01-05-12,True
804363,multiplane-ophys_804363_2025-09-10_14-44-56,STAGE_1,STAGE_1,,20,2025-09-10,VISp_2,2,VISp,124,9.48,0,Slc32a1-IRES-Cre/wt;Oi1(TIT2L-jGCaMP8s-WPRE-ICL-IRES-tTA2)/wt,multiplane-ophys_804363_2025-09-10_14-44-56_processed_2026-08-19_01-05-12,True
804363,multiplane-ophys_804363_2025-09-10_14-44-56,STAGE_1,STAGE_1,,20,2025-09-10,VISp_3,3,VISp,240,9.48,0,Slc32a1-IRES-Cre/wt;Oi1(TIT2L-jGCaMP8s-WPRE-ICL-IRES-tTA2)/wt,multiplane-ophys_804363_2025-09-10_14-44-56_processed_2026-08-19_01-05-12,True
804363,multiplane-ophys_804363_2025-09-10_14-44-56,STAGE_1,STAGE_1,,20,2025-09-10,VISp_4,4,VISp,84,9.48,0,Slc32a1-IRES-Cre/wt;Oi1(TIT2L-jGCaMP8s-WPRE-ICL-IRES-tTA2)/wt,multiplane-ophys_804363_2025-09-10_14-44-56_processed_2026-08-19_01-05-12,True
804363,multiplane-ophys_804363_2025-09-10_14-44-56,STAGE_1,STAGE_1,,20,2025-09-10,VISp_5,5,VISp,280,9.48,0,Slc32a1-IRES-Cre/wt;Oi1(TIT2L-jGCaMP8s-WPRE-ICL-IRES-tTA2)/wt,multiplane-ophys_804363_2025-09-10_14-44-56_processed_2026-08-19_01-05-12,True
804363,multiplane-ophys_804363_2025-09-10_14-44-56,STAGE_1,STAGE_1,,20,2025-09-10,VISp_6,6,VISp,44,9.48,0,Slc32a1-IRES-Cre/wt;Oi1(TIT2L-jGCaMP8s-WPRE-ICL-IRES-tTA2)/wt,multiplane-ophys_804363_2025-09-10_14-44-56_processed_2026-08-19_01-05-12,True
804363,multiplane-ophys_804363_2025-09-10_14-44-56,STAGE_1,STAGE_1,,20,2025-09-10,VISp_7,7,VISp,322,9.48,0,Slc32a1-IRES-Cre/wt;Oi1(TIT2L-jGCaMP8s-WPRE-ICL-IRES-tTA2)/wt,multiplane-ophys_804363_2025-09-10_14-44-56_processed_2026-08-19_01-05-12,True
804363,multiplane-ophys_804363_2025-09-24_13-00-27,CENTER_MOUSEMOTION,,,21,2025-09-24,VISp_0,0,VISp,163,9.48,0,Slc32a1-IRES-Cre/wt;Oi1(TIT2L-jGCaMP8s-WPRE-ICL-IRES-tTA2)/wt,multiplane-ophys_804363_2025-09-24_13-00-27_processed_2026-08-19_01-05-12,True
804363,multiplane-ophys_804363_2025-09-24_13-00-27,CENTER_MOUSEMOTION,,,21,2025-09-24,VISp_1,1,VISp,206,9.48,0,Slc32a1-IRES-Cre/wt;Oi1(TIT2L-jGCaMP8s-WPRE-ICL-IRES-tTA2)/wt,multiplane-ophys_804363_2025-09-24_13-00-27_processed_2026-08-19_01-05-12,True
804363,multiplane-ophys_804363_2025-09-24_13-00-27,CENTER_MOUSEMOTION,,,21,2025-09-24,VISp_2,2,VISp,123,9.48,0,Slc32a1-IRES-Cre/wt;Oi1(TIT2L-jGCaMP8s-WPRE-ICL-IRES-tTA2)/wt,multiplane-ophys_804363_2025-09-24_13-00-27_processed_2026-08-19_01-05-12,True
804363,multiplane-ophys_804363_2025-09-24_13-00-27,CENTER_MOUSEMOTION,,,21,2025-09-24,VISp_3,3,VISp,246,9.48,0,Slc32a1-IRES-Cre/wt;Oi1(TIT2L-jGCaMP8s-WPRE-ICL-IRES-tTA2)/wt,multiplane-ophys_804363_2025-09-24_13-00-27_processed_2026-08-19_01-05-12,True
804363,multiplane-ophys_804363_2025-09-24_13-00-27,CENTER_MOUSEMOTION,,,21,2025-09-24,VISp_4,4,VISp,85,9.48,0,Slc32a1-IRES-Cre/wt;Oi1(TIT2L-jGCaMP8s-WPRE-ICL-IRES-tTA2)/wt,multiplane-ophys_804363_2025-09-24_13-00-27_processed_2026-08-19_01-05-12,True
804363,multiplane-ophys_804363_2025-09-24_13-00-27,CENTER_MOUSEMOTION,,,21,2025-09-24,VISp_5,5,VISp,290,9.48,0,Slc32a1-IRES-Cre/wt;Oi1(TIT2L-jGCaMP8s-WPRE-ICL-IRES-tTA2)/wt,multiplane-ophys_804363_2025-09-24_13-00-27_processed_2026-08-19_01-05-12,True
804363,multiplane-ophys_804363_2025-09-24_13-00-27,CENTER_MOUSEMOTION,,,21,2025-09-24,VISp_6,6,VISp,47,9.48,0,Slc32a1-IRES-Cre/wt;Oi1(TIT2L-jGCaMP8s-WPRE-ICL-IRES-tTA2)/wt,multiplane-ophys_804363_2025-09-24_13-00-27_processed_2026-08-19_01-05-12,True
804363,multiplane-ophys_804363_2025-09-24_13-00-27,CENTER_MOUSEMOTION,,,21,2025-09-24,VISp_7,7,VISp,328,9.48,0,Slc32a1-IRES-Cre/wt;Oi1(TIT2L-jGCaMP8s-WPRE-ICL-IRES-tTA2)/wt,multiplane-ophys_804363_2025-09-24_13-00-27_processed_2026-08-19_01-05-12,True
804363,multiplane-ophys_804363_2025-09-29_11-55-50,CENTER_MOUSEMOTION,,,22,2025-09-29,VISp_0,0,VISp,155,9.48,0,Slc32a1-IRES-Cre/wt;Oi1(TIT2L-jGCaMP8s-WPRE-ICL-IRES-tTA2)/wt,multiplane-ophys_804363_2025-09-29_11-55-50_processed_2026-08-19_01-06-15,True
804363,multiplane-ophys_804363_2025-09-29_11-55-50,CENTER_MOUSEMOTION,,,22,2025-09-29,VISp_1,1,VISp,195,9.48,0,Slc32a1-IRES-Cre/wt;Oi1(TIT2L-jGCaMP8s-WPRE-ICL-IRES-tTA2)/wt,multiplane-ophys_804363_2025-09-29_11-55-50_processed_2026-08-19_01-06-15,True
804363,multiplane-ophys_804363_2025-09-29_11-55-50,CENTER_MOUSEMOTION,,,22,2025-09-29,VISp_2,2,VISp,115,9.48,0,Slc32a1-IRES-Cre/wt;Oi1(TIT2L-jGCaMP8s-WPRE-ICL-IRES-tTA2)/wt,multiplane-ophys_804363_2025-09-29_11-55-50_processed_2026-08-19_01-06-15,True
804363,multiplane-ophys_804363_2025-09-29_11-55-50,CENTER_MOUSEMOTION,,,22,2025-09-29,VISp_3,3,VISp,240,9.48,0,Slc32a1-IRES-Cre/wt;Oi1(TIT2L-jGCaMP8s-WPRE-ICL-IRES-tTA2)/wt,multiplane-ophys_804363_2025-09-29_11-55-50_processed_2026-08-19_01-06-15,True
804363,multiplane-ophys_804363_2025-09-29_11-55-50,CENTER_MOUSEMOTION,,,22,2025-09-29,VISp_4,4,VISp,80,9.48,0,Slc32a1-IRES-Cre/wt;Oi1(TIT2L-jGCaMP8s-WPRE-ICL-IRES-tTA2)/wt,multiplane-ophys_804363_2025-09-29_11-55-50_processed_2026-08-19_01-06-15,True
804363,multiplane-ophys_804363_2025-09-29_11-55-50,CENTER_MOUSEMOTION,,,22,2025-09-29,VISp_5,5,VISp,280,9.48,0,Slc32a1-IRES-Cre/wt;Oi1(TIT2L-jGCaMP8s-WPRE-ICL-IRES-tTA2)/wt,multiplane-ophys_804363_2025-09-29_11-55-50_processed_2026-08-19_01-06-15,True
804363,multiplane-ophys_804363_2025-09-29_11-55-50,CENTER_MOUSEMOTION,,,22,2025-09-29,VISp_6,6,VISp,40,9.48,0,Slc32a1-IRES-Cre/wt;Oi1(TIT2L-jGCaMP8s-WPRE-ICL-IRES-tTA2)/wt,multiplane-ophys_804363_2025-09-29_11-55-50_processed_2026-08-19_01-06-15,True
804363,multiplane-ophys_804363_2025-09-29_11-55-50,CENTER_MOUSEMOTION,,,22,2025-09-29,VISp_7,7,VISp,320,9.48,0,Slc32a1-IRES-Cre/wt;Oi1(TIT2L-jGCaMP8s-WPRE-ICL-IRES-tTA2)/wt,multiplane-ophys_804363_2025-09-29_11-55-50_processed_2026-08-19_01-06-15,True
