project_name,session_type,stimulus_category,_id,name,subject_id,genotype,date_of_birth,age,sex,species,modality,session_id,session_number,session_date,session_start_time,session_end_time,rig_id,mouse_platform,targeted_structure,n_planes,imaging_depths_um,depth_min_um,depth_max_um,n_coupled_pairs,frame_rate_hz,n_frames,n_rois_total,n_soma_total,n_rois_min,n_rois_max,image_set,n_stimulus_presentations,n_trials,epoch_labels,stimulus_labels,data_level,pipeline_version,n_data_processes,has_original_metadata,raw_matches_processed,processing_date
LearningmFISHTask1A,TRAINING_0_gratings_autorewards_15min,static_gratings,5ab56cbd-9671-44e4-ae60-bc05fea48d4b,multiplane-ophys_782149_2025-03-25_09-46-08_processed_2026-08-19_00-32-51,782149,Slc32a1-IRES-Cre/wt;Oi1(TIT2L-jGCaMP8s-WPRE-ICL-IRES-tTA2)/wt,2024-12-07,108,Male,Mus musculus,pophys|behavior,multiplane-ophys_782149_2025-03-25_09-46-08,1,2025-03-25,09:46:08.591468,10:01:49.856308,MESO.2,disc,VISp,8,40|80|120|160|200|240|280|320,40,320,4,10.63,10112,631,571,62,95,,121.0,120.0,spontaneous,gratings_0|gratings_180|gratings_270|gratings_90,derived,v1,50,True,True,2026-08-19
LearningmFISHTask1A,TRAINING_1_gratings,static_gratings,c1dbab5f-c0e7-49cf-97fa-1b4035a4ea48,multiplane-ophys_782149_2025-03-28_10-55-25_processed_2026-08-19_00-34-09,782149,Slc32a1-IRES-Cre/wt;Oi1(TIT2L-jGCaMP8s-WPRE-ICL-IRES-tTA2)/wt,2024-12-07,111,Male,Mus musculus,pophys|behavior,multiplane-ophys_782149_2025-03-28_10-55-25,2,2025-03-28,10:55:25.569080,11:56:06.280000,MESO.1,disc,VISp,8,40|80|114|160|200|244|280|310,40,310,4,9.48,34506,680,614,73,99,,261.0,943.0,spontaneous|change_detection,gratings_0|gratings_180|gratings_270|gratings_90,derived,v1,50,True,True,2026-08-19
Learning mFISH-V1omFISH,TRAINING_1_gratings,static_gratings,feb61843-d7d2-4aa1-9dc4-2f3b9aa26b7d,multiplane-ophys_782149_2025-03-29_10-10-29_processed_2026-08-19_00-33-54,782149,Slc32a1-IRES-Cre/wt;Oi1(TIT2L-jGCaMP8s-WPRE-ICL-IRES-tTA2)/wt,2024-12-07,112,Male,Mus musculus,pophys|behavior,multiplane-ophys_782149_2025-03-29_10-10-29,3,2025-03-29,10:10:29.493070,11:11:17.293530,MESO.1,disc,VISp,8,43|80|114|158|198|246|276|306,43,306,4,9.48,34577,686,620,61,101,,307.0,673.0,spontaneous|change_detection,gratings_0|gratings_180|gratings_270|gratings_90,derived,v1,50,True,True,2026-08-19
LearningmFISHTask1A,TRAINING_1_gratings,static_gratings,f6110279-7ae3-4ac8-9fd9-7d91ab21c483,multiplane-ophys_782149_2025-03-31_12-23-33_processed_2026-08-19_00-34-28,782149,Slc32a1-IRES-Cre/wt;Oi1(TIT2L-jGCaMP8s-WPRE-ICL-IRES-tTA2)/wt,2024-12-07,114,Male,Mus musculus,pophys|behavior,multiplane-ophys_782149_2025-03-31_12-23-33,4,2025-03-31,12:23:33.753970,13:24:21.937810,MESO.1,disc,VISp,8,40|80|115|160|200|245|280|310,40,310,4,9.48,34577,711,648,72,104,,295.0,686.0,spontaneous|change_detection,gratings_0|gratings_180|gratings_270|gratings_90,derived,v1,50,True,True,2026-08-19
LearningmFISHTask1A,TRAINING_2_gratings_flashed,flashed_gratings,1fa67b1e-e083-47f5-973b-ed99f6423066,multiplane-ophys_782149_2025-04-01_09-42-11_processed_2026-08-19_00-33-58,782149,Slc32a1-IRES-Cre/wt;Oi1(TIT2L-jGCaMP8s-WPRE-ICL-IRES-tTA2)/wt,2024-12-07,115,Male,Mus musculus,pophys|behavior,multiplane-ophys_782149_2025-04-01_09-42-11,5,2025-04-01,09:42:11.814685,10:42:58.213565,MESO.1,disc,VISp,8,40|85|115|160|200|240|280|300,40,300,4,9.48,34563,687,633,64,102,,4804.0,550.0,spontaneous|change_detection,gratings_0|gratings_180|gratings_270|gratings_90,derived,v1,50,True,True,2026-08-19
LearningmFISHTask1A,TRAINING_3_images_A_10uL_reward,flashed_images,171360f9-9e13-4798-ab39-ce8cc386bae7,multiplane-ophys_782149_2025-04-02_12-16-24_processed_2026-08-19_00-34-02,782149,Slc32a1-IRES-Cre/wt;Oi1(TIT2L-jGCaMP8s-WPRE-ICL-IRES-tTA2)/wt,2024-12-07,116,Male,Mus musculus,pophys|behavior,multiplane-ophys_782149_2025-04-02_12-16-24,6,2025-04-02,12:16:24.347832,13:17:10.681342,MESO.1,disc,VISp,8,40|80|116|160|200|245|280|310,40,310,4,9.48,34560,681,612,66,100,A,4804.0,587.0,spontaneous|change_detection,im061|im062|im063|im065|im066|im069|im077|im085,derived,v1,50,True,True,2026-08-19
Learning mFISH-V1omFISH,TRAINING_3_images_A_10uL_reward,flashed_images,7afa478c-dd64-449f-8c91-60433aac52f6,multiplane-ophys_782149_2025-04-04_11-39-31_processed_2026-08-19_00-34-04,782149,Slc32a1-IRES-Cre/wt;Oi1(TIT2L-jGCaMP8s-WPRE-ICL-IRES-tTA2)/wt,2024-12-07,118,Male,Mus musculus,pophys|behavior,multiplane-ophys_782149_2025-04-04_11-39-31,7,2025-04-04,11:39:31.012983,12:40:12.291013,MESO.1,disc,VISp,8,40|80|115|160|200|240|280|305,40,305,4,9.48,34515,682,621,67,108,A,4797.0,460.0,spontaneous|change_detection,im061|im062|im063|im065|im066|im069|im077|im085,derived,v1,50,True,True,2026-08-19
LearningmFISHTask1A,TRAINING_3_images_A_10uL_reward,flashed_images,7e13d055-5552-4c2d-b274-358cbf290221,multiplane-ophys_782149_2025-04-08_09-28-39_processed_2026-08-19_00-34-01,782149,Slc32a1-IRES-Cre/wt;Oi1(TIT2L-jGCaMP8s-WPRE-ICL-IRES-tTA2)/wt,2024-12-07,122,Male,Mus musculus,pophys|behavior,multiplane-ophys_782149_2025-04-08_09-28-39,8,2025-04-08,09:28:39.721364,10:29:27.521654,MESO.1,disc,VISp,8,35|75|110|155|195|235|275|300,35,300,4,9.48,34576,683,623,69,103,A,4806.0,649.0,spontaneous|change_detection,im061|im062|im063|im065|im066|im069|im077|im085,derived,v1,50,True,True,2026-08-19
LearningmFISHTask1A,TRAINING_4_images_A_training,flashed_images,af9050dc-d935-4f34-8723-a4655d85991e,multiplane-ophys_782149_2025-04-09_09-46-45_processed_2026-08-19_00-33-57,782149,Slc32a1-IRES-Cre/wt;Oi1(TIT2L-jGCaMP8s-WPRE-ICL-IRES-tTA2)/wt,2024-12-07,123,Male,Mus musculus,pophys|behavior,multiplane-ophys_782149_2025-04-09_09-46-45,9,2025-04-09,09:46:45.121922,10:47:25.999762,MESO.1,disc,VISp,8,40|80|115|160|200|240|280|305,40,305,4,9.48,34512,695,644,75,98,A,4797.0,844.0,spontaneous|change_detection,im061|im062|im063|im065|im066|im069|im077|im085,derived,v1,50,True,True,2026-08-19
LearningmFISHTask1A,TRAINING_5_images_A_epilogue,flashed_images,785dc39a-d013-46fd-bb09-4ce83e83f3b1,multiplane-ophys_782149_2025-04-10_09-26-55_processed_2026-08-19_00-34-32,782149,Slc32a1-IRES-Cre/wt;Oi1(TIT2L-jGCaMP8s-WPRE-ICL-IRES-tTA2)/wt,2024-12-07,124,Male,Mus musculus,pophys|behavior,multiplane-ophys_782149_2025-04-10_09-26-55,10,2025-04-10,09:26:55.042787,10:42:00.335217,MESO.1,disc,VISp,8,35|75|110|155|195|235|275|300,35,300,4,9.48,42705,699,618,74,112,A,4802.0,835.0,spontaneous|change_detection|natural_movie_one,im061|im062|im063|im065|im066|im069|im077|im085,derived,v1,50,True,True,2026-08-19
LearningmFISHTask1A,TRAINING_5_images_A_handoff_ready,flashed_images,c82d523e-fc8b-4cd2-9384-2c22eb0741d5,multiplane-ophys_782149_2025-04-11_09-47-54_processed_2026-08-19_00-34-37,782149,Slc32a1-IRES-Cre/wt;Oi1(TIT2L-jGCaMP8s-WPRE-ICL-IRES-tTA2)/wt,2024-12-07,125,Male,Mus musculus,pophys|behavior,multiplane-ophys_782149_2025-04-11_09-47-54,11,2025-04-11,09:47:54.486287,11:03:01.296977,MESO.1,disc,VISp,8,40|80|115|160|200|240|280|305,40,305,4,9.48,42722,674,606,68,99,A,4804.0,786.0,spontaneous|change_detection|natural_movie_one,im061|im062|im063|im065|im066|im069|im077|im085,derived,v1,50,True,True,2026-08-19
LearningmFISHTask1A,TRAINING_5_images_A_handoff_lapsed,flashed_images,1f20a8ab-704d-4d22-b68d-226c887a1029,multiplane-ophys_782149_2025-04-14_12-01-21_processed_2026-08-19_00-34-31,782149,Slc32a1-IRES-Cre/wt;Oi1(TIT2L-jGCaMP8s-WPRE-ICL-IRES-tTA2)/wt,2024-12-07,128,Male,Mus musculus,pophys|behavior,multiplane-ophys_782149_2025-04-14_12-01-21,12,2025-04-14,12:01:21.281902,13:16:26.642562,MESO.1,disc,VISp,8,40|80|115|160|200|240|280|305,40,305,4,9.48,42703,672,620,68,105,A,4802.0,979.0,spontaneous|change_detection|natural_movie_one,im061|im062|im063|im065|im066|im069|im077|im085,derived,v1,50,True,True,2026-08-19
LearningmFISHTask1A,OPHYS_1_images_A,familiar_images,b7fbb112-8ab2-4e72-93e3-ef1173916124,multiplane-ophys_782149_2025-04-15_09-36-40_processed_2026-08-19_00-34-44,782149,Slc32a1-IRES-Cre/wt;Oi1(TIT2L-jGCaMP8s-WPRE-ICL-IRES-tTA2)/wt,2024-12-07,129,Male,Mus musculus,pophys|behavior,multiplane-ophys_782149_2025-04-15_09-36-40,13,2025-04-15,09:36:40.772556,10:51:53.638006,MESO.1,disc,VISp,8,40|81|115|160|200|240|280|305,40,305,4,9.48,42778,717,660,75,103,A,4812.0,716.0,spontaneous|change_detection|natural_movie_one,im061|im062|im063|im065|im066|im069|im077|im085|omitted,derived,v1,50,True,True,2026-08-19
LearningmFISHTask1A,OPHYS_1_images_A,familiar_images,3e1b3985-69ee-485a-9978-b800ac2ff5da,multiplane-ophys_782149_2025-04-16_09-36-19_processed_2026-08-19_00-34-50,782149,Slc32a1-IRES-Cre/wt;Oi1(TIT2L-jGCaMP8s-WPRE-ICL-IRES-tTA2)/wt,2024-12-07,130,Male,Mus musculus,pophys|behavior,multiplane-ophys_782149_2025-04-16_09-36-19,14,2025-04-16,09:36:19.737038,10:51:24.629288,MESO.1,disc,VISp,8,45|85|120|160|200|245|280|310,45,310,4,9.48,42702,689,616,65,108,A,4801.0,570.0,spontaneous|change_detection|natural_movie_one,im061|im062|im063|im065|im066|im069|im077|im085|omitted,derived,v1,50,True,True,2026-08-19
LearningmFISHTask1A,TRAINING_4_images_A_training,flashed_images,e203194d-f153-4ee3-b8b7-1b144046b530,multiplane-ophys_782149_2025-04-23_08-59-23_processed_2026-08-19_00-34-19,782149,Slc32a1-IRES-Cre/wt;Oi1(TIT2L-jGCaMP8s-WPRE-ICL-IRES-tTA2)/wt,2024-12-07,137,Male,Mus musculus,pophys|behavior,multiplane-ophys_782149_2025-04-23_08-59-23,15,2025-04-23,08:59:23.393550,10:00:07.690800,MESO.1,disc,VISp,8,35|81|115|155|195|235|270|300,35,300,4,9.48,34542,706,653,74,103,A,4801.0,988.0,spontaneous|change_detection,im061|im062|im063|im065|im066|im069|im077|im085,derived,v1,50,True,True,2026-08-19
LearningmFISHTask1A,TRAINING_5_images_A_epilogue,flashed_images,a99950db-b184-4a08-8982-12da3eb225ef,multiplane-ophys_782149_2025-04-25_09-14-05_processed_2026-08-19_00-35-17,782149,Slc32a1-IRES-Cre/wt;Oi1(TIT2L-jGCaMP8s-WPRE-ICL-IRES-tTA2)/wt,2024-12-07,139,Male,Mus musculus,pophys|behavior,multiplane-ophys_782149_2025-04-25_09-14-05,16,2025-04-25,09:14:05.367975,10:29:13.546475,MESO.1,disc,VISp,8,35|80|110|155|195|235|270|300,35,300,4,9.48,42733,745,689,73,115,A,4806.0,737.0,spontaneous|change_detection|natural_movie_one,im061|im062|im063|im065|im066|im069|im077|im085,derived,v1,50,True,True,2026-08-19
LearningmFISHTask1A,OPHYS_4_images_B,novel_images,fc6fe263-1ed3-47cf-aadc-945e50c94065,multiplane-ophys_782149_2025-04-28_10-02-28_processed_2026-08-19_00-34-43,782149,Slc32a1-IRES-Cre/wt;Oi1(TIT2L-jGCaMP8s-WPRE-ICL-IRES-tTA2)/wt,2024-12-07,142,Male,Mus musculus,pophys|behavior,multiplane-ophys_782149_2025-04-28_10-02-28,17,2025-04-28,10:02:28.224191,11:17:35.368791,MESO.1,disc,VISp,8,40|80|116|160|200|245|270|305,40,305,4,9.48,42721,662,613,65,107,B,4805.0,767.0,spontaneous|change_detection|natural_movie_one,im000|im031|im035|im045|im054|im073|im075|im106|omitted,derived,v1,50,True,True,2026-08-19
LearningmFISHTask1A,OPHYS_4_images_B,novel_images,1ca6d284-9b2e-4570-adf7-a3a7d14bb97e,multiplane-ophys_782149_2025-04-29_09-15-23_processed_2026-08-19_00-34-55,782149,Slc32a1-IRES-Cre/wt;Oi1(TIT2L-jGCaMP8s-WPRE-ICL-IRES-tTA2)/wt,2024-12-07,143,Male,Mus musculus,pophys|behavior,multiplane-ophys_782149_2025-04-29_09-15-23,18,2025-04-29,09:15:23.174165,10:30:29.868405,MESO.1,disc,VISp,8,30|75|110|155|195|240|270|300,30,300,4,9.48,42717,687,653,69,98,B,4805.0,651.0,spontaneous|change_detection|natural_movie_one,im000|im031|im035|im045|im054|im073|im075|im106|omitted,derived,v1,50,True,True,2026-08-19
LearningmFISHTask1A,OPHYS_6_images_B,novel_extinction,a3d37bd4-4a2d-4c4b-92fe-7cf094ac3900,multiplane-ophys_782149_2025-04-30_11-37-48_processed_2026-08-19_00-34-45,782149,Slc32a1-IRES-Cre/wt;Oi1(TIT2L-jGCaMP8s-WPRE-ICL-IRES-tTA2)/wt,2024-12-07,144,Male,Mus musculus,pophys|behavior,multiplane-ophys_782149_2025-04-30_11-37-48,19,2025-04-30,11:37:48.704574,12:52:50.928314,MESO.1,disc,VISp,8,40|80|115|160|200|245|270|305,40,305,4,9.48,42670,700,648,70,117,B,4798.0,466.0,spontaneous|change_detection|natural_movie_one,im000|im031|im035|im045|im054|im073|im075|im106|omitted,derived,v1,50,True,True,2026-08-19
LearningmFISHTask1A,OPHYS_6_images_B,novel_extinction,3eb8f5f0-9268-4be2-943b-d0220cca61df,multiplane-ophys_782149_2025-05-01_09-20-00_processed_2026-08-19_00-35-10,782149,Slc32a1-IRES-Cre/wt;Oi1(TIT2L-jGCaMP8s-WPRE-ICL-IRES-tTA2)/wt,2024-12-07,145,Male,Mus musculus,pophys|behavior,multiplane-ophys_782149_2025-05-01_09-20-00,20,2025-05-01,09:20:00.996768,10:35:06.172498,MESO.1,disc,VISp,8,35|75|105|155|195|240|270|300,35,300,4,9.48,42702,739,674,79,105,B,4802.0,424.0,spontaneous|change_detection|natural_movie_one,im000|im031|im035|im045|im054|im073|im075|im106|omitted,derived,v1,50,True,True,2026-08-19
U01BFCT,STAGE_0,natural_movies,83ccce4b-d7de-486f-9078-cdd39cfc669b,multiplane-ophys_782149_2025-05-02_10-55-09_processed_2026-08-19_00-37-40,782149,Slc32a1-IRES-Cre/wt;Oi1(TIT2L-jGCaMP8s-WPRE-ICL-IRES-tTA2)/wt,2024-12-07,146,Male,Mus musculus,pophys|behavior,multiplane-ophys_782149_2025-05-02_10-55-09,21,2025-05-02,10:55:09.778837,12:11:47.681957,MESO.1,disc,VISp,8,40|81|110|160|200|245|275|310,40,310,4,9.48,43583,705,651,67,107,,137370.0,,ds_warped_15_Session_0_00|ds_warped_15_Session_0_01|ds_warped_15_Session_0_02|ds_warped_15_Session_0_03|ds_warped_15_Session_0_04|ds_warped_15_Session_0_05|ds_warped_15_Session_0_06|ds_warped_15_Session_0_07|ds_warped_15_Session_0_08|ds_warped_15_Session_0_09|ds_warped_15_Session_0_10|ds_warped_15_Session_0_11|ds_warped_15_Session_0_12|ds_warped_15_Session_0_13|ds_warped_15_Session_0_14|ds_warped_15_Session_0_15|ds_warped_15_Session_0_16|ds_warped_15_Session_0_17|ds_warped_15_Session_0_18|ds_warped_15_Session_0_19|ds_warped_15_Session_0_20|ds_warped_15_Session_0_21|ds_warped_15_Session_0_22|ds_warped_15_Session_0_23|ds_warped_15_Session_0_24|ds_warped_15_Session_0_25|ds_warped_15_Session_0_26|ds_warped_15_Session_0_27|ds_warped_15_Session_test_0_0|ds_warped_15_Session_0_28|ds_warped_15_Session_0_29|ds_warped_15_Session_0_30|ds_warped_15_Session_0_31|ds_warped_15_Session_0_32|ds_warped_15_Session_0_33|ds_warped_15_Session_0_34|ds_warped_15_Session_0_35|ds_warped_15_Session_0_36|ds_warped_15_Session_0_37|ds_warped_15_Session_0_38|ds_warped_15_Session_0_39|ds_warped_15_Session_0_40|ds_warped_15_Session_0_41|ds_warped_15_Session_0_42|ds_warped_15_Session_0_43|ds_warped_15_Session_0_44|ds_warped_15_Session_0_45|ds_warped_15_Session_0_46|ds_warped_15_Session_0_47|ds_warped_15_Session_0_48|ds_warped_15_Session_0_49|ds_warped_15_Session_0_50|ds_warped_15_Session_0_51|ds_warped_15_Session_0_52|ds_warped_15_Session_0_53|ds_warped_15_Session_0_54,ds_warped_15_Session_0_00|ds_warped_15_Session_0_01|ds_warped_15_Session_0_02|ds_warped_15_Session_0_03|ds_warped_15_Session_0_04|ds_warped_15_Session_0_05|ds_warped_15_Session_0_06|ds_warped_15_Session_0_07|ds_warped_15_Session_0_08|ds_warped_15_Session_0_09|ds_warped_15_Session_0_10|ds_warped_15_Session_0_11|ds_warped_15_Session_0_12|ds_warped_15_Session_0_13|ds_warped_15_Session_0_14|ds_warped_15_Session_0_15|ds_warped_15_Session_0_16|ds_warped_15_Session_0_17|ds_warped_15_Session_0_18|ds_warped_15_Session_0_19|ds_warped_15_Session_0_20|ds_warped_15_Session_0_21|ds_warped_15_Session_0_22|ds_warped_15_Session_0_23|ds_warped_15_Session_0_24|ds_warped_15_Session_0_25|ds_warped_15_Session_0_26|ds_warped_15_Session_0_27|ds_warped_15_Session_0_28|ds_warped_15_Session_0_29|ds_warped_15_Session_0_30|ds_warped_15_Session_0_31|ds_warped_15_Session_0_32|ds_warped_15_Session_0_33|ds_warped_15_Session_0_34|ds_warped_15_Session_0_35|ds_warped_15_Session_0_36|ds_warped_15_Session_0_37|ds_warped_15_Session_0_38|ds_warped_15_Session_0_39|ds_warped_15_Session_0_40|ds_warped_15_Session_0_41|ds_warped_15_Session_0_42|ds_warped_15_Session_0_43|ds_warped_15_Session_0_44|ds_warped_15_Session_0_45|ds_warped_15_Session_0_46|ds_warped_15_Session_0_47|ds_warped_15_Session_0_48|ds_warped_15_Session_0_49|ds_warped_15_Session_0_50|ds_warped_15_Session_0_51|ds_warped_15_Session_0_52|ds_warped_15_Session_0_53|ds_warped_15_Session_0_54|ds_warped_15_Session_test_0_0,derived,v1,50,True,True,2026-08-19
U01BFCT,STAGE_1,drifting_gratings,5a86ae80-0f4a-40c8-84cf-de38c70f915f,multiplane-ophys_782149_2025-05-05_11-39-29_processed_2026-08-19_00-38-38,782149,Slc32a1-IRES-Cre/wt;Oi1(TIT2L-jGCaMP8s-WPRE-ICL-IRES-tTA2)/wt,2024-12-07,149,Male,Mus musculus,pophys|behavior,multiplane-ophys_782149_2025-05-05_11-39-29,22,2025-05-05,11:39:29.053104,12:42:05.294844,MESO.1,disc,VISp,8,40|80|115|160|200|240|275|305,40,305,4,9.48,35607,714,662,68,108,,1092.0,,drifting_gratings_contrast|drifting_gratings_TF|spontaneous,drifting_gratings_TF|drifting_gratings_contrast,derived,v1,50,True,True,2026-08-19
U01BFCT,STAGE_1,drifting_gratings,6f70fac4-1c2e-48da-adbb-edd71923a39b,multiplane-ophys_782149_2025-05-06_09-18-12_processed_2026-08-19_00-38-34,782149,Slc32a1-IRES-Cre/wt;Oi1(TIT2L-jGCaMP8s-WPRE-ICL-IRES-tTA2)/wt,2024-12-07,150,Male,Mus musculus,pophys|behavior,multiplane-ophys_782149_2025-05-06_09-18-12,23,2025-05-06,09:18:12.976231,10:20:49.267721,MESO.1,disc,VISp,8,40|80|115|155|200|240|275|305,40,305,4,9.48,35604,726,673,73,103,,1091.0,,drifting_gratings_contrast|drifting_gratings_TF|spontaneous,drifting_gratings_TF|drifting_gratings_contrast,derived,v1,50,True,True,2026-08-19
U01BFCT,STAGE_1,drifting_gratings,fc80a253-5ad7-4be4-add2-59a2d052b186,multiplane-ophys_782149_2025-05-07_09-10-44_processed_2026-08-19_00-38-18,782149,Slc32a1-IRES-Cre/wt;Oi1(TIT2L-jGCaMP8s-WPRE-ICL-IRES-tTA2)/wt,2024-12-07,151,Male,Mus musculus,pophys|behavior,multiplane-ophys_782149_2025-05-07_09-10-44,24,2025-05-07,09:10:44.279123,10:13:20.487643,MESO.1,disc,VISp,8,35|80|115|155|195|240|275|305,35,305,4,9.48,35608,705,652,74,104,,1094.0,,drifting_gratings_contrast|drifting_gratings_TF|spontaneous,drifting_gratings_TF|drifting_gratings_contrast,derived,v1,50,True,True,2026-08-19
LearningmFISHTask1A,TRAINING_0_gratings_autorewards_15min,static_gratings,c622b576-84fd-4fe3-8d2b-91888212e468,multiplane-ophys_788406_2025-05-29_11-29-10_processed_2026-08-19_00-37-07,788406,Slc32a1-IRES-Cre/wt;Oi1(TIT2L-jGCaMP8s-WPRE-ICL-IRES-tTA2)/wt,2025-01-18,131,Male,Mus musculus,pophys|behavior,multiplane-ophys_788406_2025-05-29_11-29-10,1,2025-05-29,11:29:10.973112,11:44:52.221372,MESO.2,disc,VISp,8,40|80|120|160|200|240|280|320,40,320,4,9.42,8960,541,507,53,79,,121.0,120.0,spontaneous,gratings_0|gratings_180|gratings_270|gratings_90,derived,v1,50,True,True,2026-08-19
LearningmFISHTask1A,TRAINING_1_gratings,static_gratings,2a876166-e548-4a2a-9204-7038970d9224,multiplane-ophys_788406_2025-05-31_12-37-36_processed_2026-08-19_00-38-01,788406,Slc32a1-IRES-Cre/wt;Oi1(TIT2L-jGCaMP8s-WPRE-ICL-IRES-tTA2)/wt,2025-01-18,133,Male,Mus musculus,pophys|behavior,multiplane-ophys_788406_2025-05-31_12-37-36,2,2025-05-31,12:37:36.213670,13:38:17.636530,MESO.2,disc,VISp,8,35|78|120|152|194|238|278|316,35,316,4,9.42,34663,581,552,54,88,,267.0,855.0,spontaneous|change_detection,gratings_0|gratings_180|gratings_270|gratings_90,derived,v1,50,True,True,2026-08-19
LearningmFISHTask1A,TRAINING_1_gratings,static_gratings,e14cee49-9623-4bb3-b707-7ffce4c5050d,multiplane-ophys_788406_2025-06-04_07-29-18_processed_2026-08-19_00-38-20,788406,Slc32a1-IRES-Cre/wt;Oi1(TIT2L-jGCaMP8s-WPRE-ICL-IRES-tTA2)/wt,2025-01-18,137,Male,Mus musculus,pophys|behavior,multiplane-ophys_788406_2025-06-04_07-29-18,3,2025-06-04,07:29:18.859732,08:29:58.847912,MESO.2,disc,VISp,8,46|88|126|168|206|244|284|322,46,322,4,10.63,39106,607,562,66,93,,240.0,813.0,spontaneous|change_detection,gratings_0|gratings_180|gratings_270|gratings_90,derived,v1,50,True,True,2026-08-19
LearningmFISHTask1A,TRAINING_1_gratings,static_gratings,9c854fea-6ac0-4276-a137-f15057ac1994,multiplane-ophys_788406_2025-06-05_09-20-38_processed_2026-08-19_00-38-04,788406,Slc32a1-IRES-Cre/wt;Oi1(TIT2L-jGCaMP8s-WPRE-ICL-IRES-tTA2)/wt,2025-01-18,138,Male,Mus musculus,pophys|behavior,multiplane-ophys_788406_2025-06-05_09-20-38,4,2025-06-05,09:20:38.826880,10:21:22.001540,MESO.2,disc,VISp,8,37|81|120|157|195|236|275|312,37,312,4,10.63,39137,573,537,53,84,,231.0,871.0,spontaneous|change_detection,gratings_0|gratings_180|gratings_270|gratings_90,derived,v1,50,True,True,2026-08-19
LearningmFISHTask1A,TRAINING_1_gratings,static_gratings,c8450c66-b8b2-4bb0-9a20-eb6fdeb9a2c9,multiplane-ophys_788406_2025-06-06_09-04-24_processed_2026-08-19_00-38-00,788406,Slc32a1-IRES-Cre/wt;Oi1(TIT2L-jGCaMP8s-WPRE-ICL-IRES-tTA2)/wt,2025-01-18,139,Male,Mus musculus,pophys|behavior,multiplane-ophys_788406_2025-06-06_09-04-24,5,2025-06-06,09:04:24.795439,10:05:05.384739,MESO.2,disc,VISp,8,34|72|108|150|192|234|274|314,34,314,4,10.63,39109,558,517,56,83,,324.0,583.0,spontaneous|change_detection,gratings_0|gratings_180|gratings_270|gratings_90,derived,v1,50,True,True,2026-08-19
Learning mFISH-V1omFISH,TRAINING_1_gratings,static_gratings,39d5efa5-8bc8-4d5d-b4a4-2cf85b60674d,multiplane-ophys_788406_2025-06-10_08-54-07_processed_2026-08-19_00-39-09,788406,Slc32a1-IRES-Cre/wt;Oi1(TIT2L-jGCaMP8s-WPRE-ICL-IRES-tTA2)/wt,2025-01-18,143,Male,Mus musculus,pophys|behavior,multiplane-ophys_788406_2025-06-10_08-54-07,6,2025-06-10,08:54:07.495918,09:54:52.572218,MESO.2,disc,VISp,8,42|80|120|154|194|238|272|312,42,312,4,10.63,39157,591,550,58,86,,232.0,919.0,spontaneous|change_detection,gratings_0|gratings_180|gratings_270|gratings_90,derived,v1,50,True,True,2026-08-19
LearningmFISHTask1A,TRAINING_1_gratings,static_gratings,d66e28f9-dc66-4ba7-82f8-acc0479e5e5d,multiplane-ophys_788406_2025-06-11_08-54-38_processed_2026-08-19_00-39-40,788406,Slc32a1-IRES-Cre/wt;Oi1(TIT2L-jGCaMP8s-WPRE-ICL-IRES-tTA2)/wt,2025-01-18,144,Male,Mus musculus,pophys|behavior,multiplane-ophys_788406_2025-06-11_08-54-38,7,2025-06-11,08:54:38.444037,09:55:23.386277,MESO.2,disc,VISp,8,40|82|114|156|194|232|272|312,40,312,4,10.63,39157,602,566,59,90,,299.0,633.0,spontaneous|change_detection,gratings_0|gratings_180|gratings_270|gratings_90,derived,v1,50,False,True,2026-08-19
LearningmFISHTask1A,TRAINING_1_gratings,static_gratings,c395580e-03c3-45ab-8073-619c64e68677,multiplane-ophys_788406_2025-06-13_09-35-46_processed_2026-08-19_00-39-27,788406,Slc32a1-IRES-Cre/wt;Oi1(TIT2L-jGCaMP8s-WPRE-ICL-IRES-tTA2)/wt,2025-01-18,146,Male,Mus musculus,pophys|behavior,multiplane-ophys_788406_2025-06-13_09-35-46,8,2025-06-13,09:35:46.659299,10:36:29.248819,MESO.2,disc,VISp,8,38|80|116|154|192|230|282|310,38,310,4,10.63,39132,609,570,62,92,,243.0,808.0,spontaneous|change_detection,gratings_0|gratings_180|gratings_270|gratings_90,derived,v1,50,True,True,2026-08-19
Learning mFISH-V1omFISH,TRAINING_1_gratings,static_gratings,981f3211-2622-4c93-aca2-3967cff9f054,multiplane-ophys_788406_2025-06-14_10-03-45_processed_2026-08-19_00-39-12,788406,Slc32a1-IRES-Cre/wt;Oi1(TIT2L-jGCaMP8s-WPRE-ICL-IRES-tTA2)/wt,2025-01-18,147,Male,Mus musculus,pophys|behavior,multiplane-ophys_788406_2025-06-14_10-03-45,9,2025-06-14,10:03:45.250944,11:04:30.509134,MESO.2,disc,VISp,8,30|72|110|146|188|222|266|308,30,308,4,10.63,39161,564,519,56,92,,236.0,890.0,spontaneous|change_detection,gratings_0|gratings_180|gratings_270|gratings_90,derived,v1,50,True,True,2026-08-19
Learning mFISH-V1omFISH,TRAINING_1_gratings,static_gratings,3d1bc5d9-7bd8-4a8e-8493-9aa34eb27d61,multiplane-ophys_788406_2025-06-17_09-08-48_processed_2026-08-19_00-39-24,788406,Slc32a1-IRES-Cre/wt;Oi1(TIT2L-jGCaMP8s-WPRE-ICL-IRES-tTA2)/wt,2025-01-18,150,Male,Mus musculus,pophys|behavior,multiplane-ophys_788406_2025-06-17_09-08-48,10,2025-06-17,09:08:48.040950,10:09:32.314970,MESO.2,disc,VISp,8,38|80|120|158|196|232|272|310,38,310,4,10.63,39151,612,572,66,92,,263.0,785.0,spontaneous|change_detection,gratings_0|gratings_180|gratings_270|gratings_90,derived,v1,50,True,True,2026-08-19
Learning mFISH-V1omFISH,TRAINING_1_gratings,static_gratings,7c367be4-1804-41c6-92c3-b2c76bb1b729,multiplane-ophys_788406_2025-06-18_12-47-45_processed_2026-08-19_00-39-09,788406,Slc32a1-IRES-Cre/wt;Oi1(TIT2L-jGCaMP8s-WPRE-ICL-IRES-tTA2)/wt,2025-01-18,151,Male,Mus musculus,pophys|behavior,multiplane-ophys_788406_2025-06-18_12-47-45,11,2025-06-18,12:47:45.705974,13:48:27.078294,MESO.2,disc,VISp,8,36|72|112|152|192|234|268|308,36,308,4,10.63,39118,583,530,56,84,,287.0,703.0,spontaneous|change_detection,gratings_0|gratings_180|gratings_270|gratings_90,derived,v1,50,False,True,2026-08-19
Learning mFISH-V1omFISH,TRAINING_1_gratings,static_gratings,6268b8a5-5d87-4564-b0a6-eea602493829,multiplane-ophys_788406_2025-06-20_10-38-42_processed_2026-08-19_00-39-59,788406,Slc32a1-IRES-Cre/wt;Oi1(TIT2L-jGCaMP8s-WPRE-ICL-IRES-tTA2)/wt,2025-01-18,153,Male,Mus musculus,pophys|behavior,multiplane-ophys_788406_2025-06-20_10-38-42,12,2025-06-20,10:38:42.496123,11:39:27.788423,MESO.2,disc,VISp,8,28|68|112|150|192|224|264|304,28,304,4,10.63,39160,676,626,65,107,,259.0,776.0,spontaneous|change_detection,gratings_0|gratings_180|gratings_270|gratings_90,derived,v1,50,False,True,2026-08-19
Learning mFISH-V1omFISH,TRAINING_2_gratings_flashed,flashed_gratings,4b7a2eb1-7ab9-47f2-adbc-3ba9fd427119,multiplane-ophys_788406_2025-06-25_12-18-34_processed_2026-08-19_00-39-31,788406,Slc32a1-IRES-Cre/wt;Oi1(TIT2L-jGCaMP8s-WPRE-ICL-IRES-tTA2)/wt,2025-01-18,158,Male,Mus musculus,pophys|behavior,multiplane-ophys_788406_2025-06-25_12-18-34,13,2025-06-25,12:18:34.432083,13:19:15.570913,MESO.2,disc,VISp,8,32|74|112|148|194|230|264|306,32,306,4,10.63,39116,585,553,50,84,,4797.0,993.0,spontaneous|change_detection,gratings_0|gratings_180|gratings_270|gratings_90,derived,v1,50,False,True,2026-08-19
Learning mFISH-V1omFISH,TRAINING_2_gratings_flashed,flashed_gratings,db8b874b-b31e-4b6e-acab-a8f6515a0aa7,multiplane-ophys_788406_2025-06-26_12-16-41_processed_2026-08-19_00-39-32,788406,Slc32a1-IRES-Cre/wt;Oi1(TIT2L-jGCaMP8s-WPRE-ICL-IRES-tTA2)/wt,2025-01-18,159,Male,Mus musculus,pophys|behavior,multiplane-ophys_788406_2025-06-26_12-16-41,14,2025-06-26,12:16:41.317601,13:17:25.875981,MESO.2,disc,VISp,8,34|70|122|150|198|236|272|312,34,312,4,10.63,39153,616,569,54,94,,4802.0,829.0,spontaneous|change_detection,gratings_0|gratings_180|gratings_270|gratings_90,derived,v1,50,False,True,2026-08-19
LearningmFISHTask1A,TRAINING_3_images_A_10uL_reward,flashed_images,a354ff6c-d3e3-45ce-8f97-8e5de9b9c9ce,multiplane-ophys_788406_2025-07-01_11-50-55_processed_2026-08-19_00-39-19,788406,Slc32a1-IRES-Cre/wt;Oi1(TIT2L-jGCaMP8s-WPRE-ICL-IRES-tTA2)/wt,2025-01-18,164,Male,Mus musculus,pophys|behavior,multiplane-ophys_788406_2025-07-01_11-50-55,15,2025-07-01,11:50:55.728444,12:51:38.269454,MESO.2,disc,VISp,8,37|78|122|156|192|232|266|304,37,304,4,10.63,39130,565,528,51,81,A,4799.0,690.0,spontaneous|change_detection,im061|im062|im063|im065|im066|im069|im077|im085,derived,v1,50,True,True,2026-08-19
Learning mFISH-V1omFISH,TRAINING_3_images_A_10uL_reward,flashed_images,94d48e08-62ab-493c-87f6-3d152a32147d,multiplane-ophys_788406_2025-07-02_12-17-09_processed_2026-08-19_00-39-49,788406,Slc32a1-IRES-Cre/wt;Oi1(TIT2L-jGCaMP8s-WPRE-ICL-IRES-tTA2)/wt,2025-01-18,165,Male,Mus musculus,pophys|behavior,multiplane-ophys_788406_2025-07-02_12-17-09,16,2025-07-02,12:17:09.740716,13:17:51.430486,MESO.2,disc,VISp,8,44|82|120|154|200|240|276|318,44,318,4,10.63,39121,616,576,58,91,A,4798.0,637.0,spontaneous|change_detection,im061|im062|im063|im065|im066|im069|im077|im085,derived,v1,50,True,True,2026-08-19
LearningmFISHTask1A,TRAINING_3_images_A_10uL_reward,flashed_images,4c4bf8e3-f1a9-42ab-8575-461644c304df,multiplane-ophys_788406_2025-07-03_12-12-35_processed_2026-08-19_00-41-22,788406,Slc32a1-IRES-Cre/wt;Oi1(TIT2L-jGCaMP8s-WPRE-ICL-IRES-tTA2)/wt,2025-01-18,166,Male,Mus musculus,pophys|behavior,multiplane-ophys_788406_2025-07-03_12-12-35,17,2025-07-03,12:12:35.771511,13:13:16.843801,MESO.2,disc,VISp,8,44|82|124|166|200|234|268|310,44,310,4,10.63,39115,594,554,53,86,A,4797.0,605.0,spontaneous|change_detection,im061|im062|im063|im065|im066|im069|im077|im085,derived,v1,50,False,True,2026-08-19
LearningmFISHTask1A,TRAINING_4_images_A_training,flashed_images,2ac64bed-9d7c-4566-af20-86164e6a8fb4,multiplane-ophys_788406_2025-07-07_10-32-03_processed_2026-08-19_00-42-41,788406,Slc32a1-IRES-Cre/wt;Oi1(TIT2L-jGCaMP8s-WPRE-ICL-IRES-tTA2)/wt,2025-01-18,170,Male,Mus musculus,pophys|behavior,multiplane-ophys_788406_2025-07-07_10-32-03,18,2025-07-07,10:32:03.290380,11:32:47.382370,MESO.2,disc,VISp,8,40|84|120|154|200|234|270|314,40,314,4,10.63,39147,629,584,57,93,A,4801.0,669.0,spontaneous|change_detection,im061|im062|im063|im065|im066|im069|im077|im085,derived,v1,50,False,True,2026-08-19
Learning mFISH-V1omFISH,TRAINING_5_images_A_epilogue,flashed_images,1fcc04ae-8ab2-41e9-b512-defc2436bbab,multiplane-ophys_788406_2025-07-08_10-15-16_processed_2026-08-19_00-42-55,788406,Slc32a1-IRES-Cre/wt;Oi1(TIT2L-jGCaMP8s-WPRE-ICL-IRES-tTA2)/wt,2025-01-18,171,Male,Mus musculus,pophys|behavior,multiplane-ophys_788406_2025-07-08_10-15-16,19,2025-07-08,10:15:16.024879,11:30:21.965659,MESO.2,disc,VISp,8,30|64|100|150|182|222|254|300,30,300,4,10.63,48406,611,571,63,89,A,4803.0,558.0,spontaneous|change_detection|natural_movie_one,im061|im062|im063|im065|im066|im069|im077|im085,derived,v1,50,False,True,2026-08-19
Learning mFISH-V1omFISH,TRAINING_5_images_A_handoff_ready,flashed_images,4e0bec47-141c-4408-94e1-c0368bf7c5ff,multiplane-ophys_788406_2025-07-10_13-36-01_processed_2026-08-19_00-42-46,788406,Slc32a1-IRES-Cre/wt;Oi1(TIT2L-jGCaMP8s-WPRE-ICL-IRES-tTA2)/wt,2025-01-18,173,Male,Mus musculus,pophys|behavior,multiplane-ophys_788406_2025-07-10_13-36-01,20,2025-07-10,13:36:01.677532,14:51:03.382052,MESO.2,disc,VISp,8,34|64|114|156|186|222|262|304,34,304,4,10.63,48361,543,512,54,77,A,4797.0,603.0,spontaneous|change_detection|natural_movie_one,im061|im062|im063|im065|im066|im069|im077|im085,derived,v1,50,False,True,2026-08-19
Learning mFISH-V1omFISH,OPHYS_1_images_A,familiar_images,48a4f4a1-8764-413f-a56e-46d67e8a0baf,multiplane-ophys_788406_2025-07-11_12-25-37_processed_2026-08-19_00-42-59,788406,Slc32a1-IRES-Cre/wt;Oi1(TIT2L-jGCaMP8s-WPRE-ICL-IRES-tTA2)/wt,2025-01-18,174,Male,Mus musculus,pophys|behavior,multiplane-ophys_788406_2025-07-11_12-25-37,21,2025-07-11,12:25:37.940566,13:40:43.998626,MESO.2,disc,VISp,8,34|72|110|152|190|222|272|300,34,300,4,10.63,48407,601,553,57,93,A,4803.0,817.0,spontaneous|change_detection|natural_movie_one,im061|im062|im063|im065|im066|im069|im077|im085|omitted,derived,v1,50,False,True,2026-08-19
Learning mFISH-V1omFISH,OPHYS_1_images_A,familiar_images,e956cf24-4e64-4a33-8f48-d614999c1bcb,multiplane-ophys_788406_2025-07-14_12-20-34_processed_2026-08-19_00-42-55,788406,Slc32a1-IRES-Cre/wt;Oi1(TIT2L-jGCaMP8s-WPRE-ICL-IRES-tTA2)/wt,2025-01-18,177,Male,Mus musculus,pophys|behavior,multiplane-ophys_788406_2025-07-14_12-20-34,22,2025-07-14,12:20:34.877536,13:35:40.252856,MESO.2,disc,VISp,8,40|82|116|154|190|232|266|310,40,310,4,10.63,48400,609,569,56,98,A,4802.0,916.0,spontaneous|change_detection|natural_movie_one,im061|im062|im063|im065|im066|im069|im077|im085|omitted,derived,v1,50,False,True,2026-08-19
Learning mFISH-V1omFISH,OPHYS_4_images_B,novel_images,3a089947-0121-4965-a3b1-ab1ea52c123a,multiplane-ophys_788406_2025-07-15_10-39-07_processed_2026-08-19_00-43-01,788406,Slc32a1-IRES-Cre/wt;Oi1(TIT2L-jGCaMP8s-WPRE-ICL-IRES-tTA2)/wt,2025-01-18,178,Male,Mus musculus,pophys|behavior,multiplane-ophys_788406_2025-07-15_10-39-07,23,2025-07-15,10:39:07.604275,11:54:11.410465,MESO.2,disc,VISp,8,22|66|102|132|174|216|254|292,22,292,4,10.63,48384,634,581,61,96,B,4800.0,785.0,spontaneous|change_detection|natural_movie_one,im000|im031|im035|im045|im054|im073|im075|im106|omitted,derived,v1,50,False,True,2026-08-19
Learning mFISH-V1omFISH,OPHYS_4_images_B,novel_images,89024256-e9db-4746-bc9b-c4fc1101aea6,multiplane-ophys_788406_2025-07-16_12-07-35_processed_2026-08-19_00-42-52,788406,Slc32a1-IRES-Cre/wt;Oi1(TIT2L-jGCaMP8s-WPRE-ICL-IRES-tTA2)/wt,2025-01-18,179,Male,Mus musculus,pophys|behavior,multiplane-ophys_788406_2025-07-16_12-07-35,24,2025-07-16,12:07:35.662743,13:22:41.103773,MESO.2,disc,VISp,8,40|78|120|158|188|228|262|302,40,302,4,10.63,48401,583,532,56,88,B,4802.0,559.0,spontaneous|change_detection|natural_movie_one,im000|im031|im035|im045|im054|im073|im075|im106|omitted,derived,v1,50,False,True,2026-08-19
Learning mFISH-V1omFISH,OPHYS_6_images_B,novel_extinction,c7a23a74-0b53-4248-b860-e4904fbb7735,multiplane-ophys_788406_2025-07-17_12-43-19_processed_2026-08-19_00-42-44,788406,Slc32a1-IRES-Cre/wt;Oi1(TIT2L-jGCaMP8s-WPRE-ICL-IRES-tTA2)/wt,2025-01-18,180,Male,Mus musculus,pophys|behavior,multiplane-ophys_788406_2025-07-17_12-43-19,25,2025-07-17,12:43:19.506965,13:58:20.177265,MESO.2,disc,VISp,8,36|74|120|146|192|228|262|302,36,302,4,10.63,48349,555,525,55,79,B,4796.0,439.0,spontaneous|change_detection|natural_movie_one,im000|im031|im035|im045|im054|im073|im075|im106|omitted,derived,v1,50,False,True,2026-08-19
Learning mFISH-V1omFISH,OPHYS_6_images_B,novel_extinction,132210b3-56a7-438a-a1c8-dbec9f9dd7bf,multiplane-ophys_788406_2025-07-18_12-17-32_processed_2026-08-19_00-44-55,788406,Slc32a1-IRES-Cre/wt;Oi1(TIT2L-jGCaMP8s-WPRE-ICL-IRES-tTA2)/wt,2025-01-18,181,Male,Mus musculus,pophys|behavior,multiplane-ophys_788406_2025-07-18_12-17-32,26,2025-07-18,12:17:32.357873,13:32:33.795813,MESO.2,disc,VISp,8,40|82|120|156|190|228|270|308,40,308,4,10.63,48358,627,592,62,93,B,4797.0,415.0,spontaneous|change_detection|natural_movie_one,im000|im031|im035|im045|im054|im073|im075|im106|omitted,derived,v1,50,False,True,2026-08-19
Learning mFISH-V1omFISH,OPHYS_6_images_B,novel_extinction,63a5dea2-30b5-47e8-a18a-becdbc4392de,multiplane-ophys_788406_2025-07-21_11-16-45_processed_2026-08-19_00-44-01,788406,Slc32a1-IRES-Cre/wt;Oi1(TIT2L-jGCaMP8s-WPRE-ICL-IRES-tTA2)/wt,2025-01-18,184,Male,Mus musculus,pophys|behavior,multiplane-ophys_788406_2025-07-21_11-16-45,27,2025-07-21,11:16:45.247869,12:31:48.169999,MESO.2,disc,VISp,8,28|72|116|146|190|226|260|308,28,308,4,10.63,48373,594,553,57,88,B,4799.0,411.0,spontaneous|change_detection|natural_movie_one,im000|im031|im035|im045|im054|im073|im075|im106|omitted,derived,v1,50,False,True,2026-08-19
Learning mFISH-V1omFISH,STAGE_0,natural_movies,97d6f961-d774-43c5-b12a-f4a67163a631,multiplane-ophys_788406_2025-07-22_10-10-36_processed_2026-08-19_00-44-25,788406,Slc32a1-IRES-Cre/wt;Oi1(TIT2L-jGCaMP8s-WPRE-ICL-IRES-tTA2)/wt,2025-01-18,185,Male,Mus musculus,pophys|behavior,multiplane-ophys_788406_2025-07-22_10-10-36,28,2025-07-22,10:10:36.427780,11:27:14.360540,MESO.2,disc,VISp,8,32|76|118|144|192|234|270|314,32,314,4,10.63,49395,616,579,53,94,,137370.0,,ds_warped_15_Session_0_00|ds_warped_15_Session_0_01|ds_warped_15_Session_0_02|ds_warped_15_Session_0_03|ds_warped_15_Session_0_04|ds_warped_15_Session_0_05|ds_warped_15_Session_0_06|ds_warped_15_Session_0_07|ds_warped_15_Session_0_08|ds_warped_15_Session_0_09|ds_warped_15_Session_0_10|ds_warped_15_Session_0_11|ds_warped_15_Session_0_12|ds_warped_15_Session_0_13|ds_warped_15_Session_0_14|ds_warped_15_Session_0_15|ds_warped_15_Session_0_16|ds_warped_15_Session_0_17|ds_warped_15_Session_0_18|ds_warped_15_Session_0_19|ds_warped_15_Session_0_20|ds_warped_15_Session_0_21|ds_warped_15_Session_0_22|ds_warped_15_Session_0_23|ds_warped_15_Session_0_24|ds_warped_15_Session_0_25|ds_warped_15_Session_0_26|ds_warped_15_Session_0_27|ds_warped_15_Session_test_0_0|ds_warped_15_Session_0_28|ds_warped_15_Session_0_29|ds_warped_15_Session_0_30|ds_warped_15_Session_0_31|ds_warped_15_Session_0_32|ds_warped_15_Session_0_33|ds_warped_15_Session_0_34|ds_warped_15_Session_0_35|ds_warped_15_Session_0_36|ds_warped_15_Session_0_37|ds_warped_15_Session_0_38|ds_warped_15_Session_0_39|ds_warped_15_Session_0_40|ds_warped_15_Session_0_41|ds_warped_15_Session_0_42|ds_warped_15_Session_0_43|ds_warped_15_Session_0_44|ds_warped_15_Session_0_45|ds_warped_15_Session_0_46|ds_warped_15_Session_0_47|ds_warped_15_Session_0_48|ds_warped_15_Session_0_49|ds_warped_15_Session_0_50|ds_warped_15_Session_0_51|ds_warped_15_Session_0_52|ds_warped_15_Session_0_53|ds_warped_15_Session_0_54,ds_warped_15_Session_0_00|ds_warped_15_Session_0_01|ds_warped_15_Session_0_02|ds_warped_15_Session_0_03|ds_warped_15_Session_0_04|ds_warped_15_Session_0_05|ds_warped_15_Session_0_06|ds_warped_15_Session_0_07|ds_warped_15_Session_0_08|ds_warped_15_Session_0_09|ds_warped_15_Session_0_10|ds_warped_15_Session_0_11|ds_warped_15_Session_0_12|ds_warped_15_Session_0_13|ds_warped_15_Session_0_14|ds_warped_15_Session_0_15|ds_warped_15_Session_0_16|ds_warped_15_Session_0_17|ds_warped_15_Session_0_18|ds_warped_15_Session_0_19|ds_warped_15_Session_0_20|ds_warped_15_Session_0_21|ds_warped_15_Session_0_22|ds_warped_15_Session_0_23|ds_warped_15_Session_0_24|ds_warped_15_Session_0_25|ds_warped_15_Session_0_26|ds_warped_15_Session_0_27|ds_warped_15_Session_0_28|ds_warped_15_Session_0_29|ds_warped_15_Session_0_30|ds_warped_15_Session_0_31|ds_warped_15_Session_0_32|ds_warped_15_Session_0_33|ds_warped_15_Session_0_34|ds_warped_15_Session_0_35|ds_warped_15_Session_0_36|ds_warped_15_Session_0_37|ds_warped_15_Session_0_38|ds_warped_15_Session_0_39|ds_warped_15_Session_0_40|ds_warped_15_Session_0_41|ds_warped_15_Session_0_42|ds_warped_15_Session_0_43|ds_warped_15_Session_0_44|ds_warped_15_Session_0_45|ds_warped_15_Session_0_46|ds_warped_15_Session_0_47|ds_warped_15_Session_0_48|ds_warped_15_Session_0_49|ds_warped_15_Session_0_50|ds_warped_15_Session_0_51|ds_warped_15_Session_0_52|ds_warped_15_Session_0_53|ds_warped_15_Session_0_54|ds_warped_15_Session_test_0_0,derived,v1,50,True,True,2026-08-19
Learning mFISH-V1omFISH,STAGE_0,natural_movies,2eae1919-3b11-4288-a28d-2a4c7b476a9f,multiplane-ophys_788406_2025-07-23_12-31-02_processed_2026-08-19_00-44-15,788406,Slc32a1-IRES-Cre/wt;Oi1(TIT2L-jGCaMP8s-WPRE-ICL-IRES-tTA2)/wt,2025-01-18,186,Male,Mus musculus,pophys|behavior,multiplane-ophys_788406_2025-07-23_12-31-02,29,2025-07-23,12:31:02.512223,13:47:40.528593,MESO.2,disc,VISp,8,42|82|124|158|202|236|274|316,42,316,4,10.63,49395,560,527,48,80,,137370.0,,ds_warped_15_Session_0_00|ds_warped_15_Session_0_01|ds_warped_15_Session_0_02|ds_warped_15_Session_0_03|ds_warped_15_Session_0_04|ds_warped_15_Session_0_05|ds_warped_15_Session_0_06|ds_warped_15_Session_0_07|ds_warped_15_Session_0_08|ds_warped_15_Session_0_09|ds_warped_15_Session_0_10|ds_warped_15_Session_0_11|ds_warped_15_Session_0_12|ds_warped_15_Session_0_13|ds_warped_15_Session_0_14|ds_warped_15_Session_0_15|ds_warped_15_Session_0_16|ds_warped_15_Session_0_17|ds_warped_15_Session_0_18|ds_warped_15_Session_0_19|ds_warped_15_Session_0_20|ds_warped_15_Session_0_21|ds_warped_15_Session_0_22|ds_warped_15_Session_0_23|ds_warped_15_Session_0_24|ds_warped_15_Session_0_25|ds_warped_15_Session_0_26|ds_warped_15_Session_0_27|ds_warped_15_Session_test_0_0|ds_warped_15_Session_0_28|ds_warped_15_Session_0_29|ds_warped_15_Session_0_30|ds_warped_15_Session_0_31|ds_warped_15_Session_0_32|ds_warped_15_Session_0_33|ds_warped_15_Session_0_34|ds_warped_15_Session_0_35|ds_warped_15_Session_0_36|ds_warped_15_Session_0_37|ds_warped_15_Session_0_38|ds_warped_15_Session_0_39|ds_warped_15_Session_0_40|ds_warped_15_Session_0_41|ds_warped_15_Session_0_42|ds_warped_15_Session_0_43|ds_warped_15_Session_0_44|ds_warped_15_Session_0_45|ds_warped_15_Session_0_46|ds_warped_15_Session_0_47|ds_warped_15_Session_0_48|ds_warped_15_Session_0_49|ds_warped_15_Session_0_50|ds_warped_15_Session_0_51|ds_warped_15_Session_0_52|ds_warped_15_Session_0_53|ds_warped_15_Session_0_54,ds_warped_15_Session_0_00|ds_warped_15_Session_0_01|ds_warped_15_Session_0_02|ds_warped_15_Session_0_03|ds_warped_15_Session_0_04|ds_warped_15_Session_0_05|ds_warped_15_Session_0_06|ds_warped_15_Session_0_07|ds_warped_15_Session_0_08|ds_warped_15_Session_0_09|ds_warped_15_Session_0_10|ds_warped_15_Session_0_11|ds_warped_15_Session_0_12|ds_warped_15_Session_0_13|ds_warped_15_Session_0_14|ds_warped_15_Session_0_15|ds_warped_15_Session_0_16|ds_warped_15_Session_0_17|ds_warped_15_Session_0_18|ds_warped_15_Session_0_19|ds_warped_15_Session_0_20|ds_warped_15_Session_0_21|ds_warped_15_Session_0_22|ds_warped_15_Session_0_23|ds_warped_15_Session_0_24|ds_warped_15_Session_0_25|ds_warped_15_Session_0_26|ds_warped_15_Session_0_27|ds_warped_15_Session_0_28|ds_warped_15_Session_0_29|ds_warped_15_Session_0_30|ds_warped_15_Session_0_31|ds_warped_15_Session_0_32|ds_warped_15_Session_0_33|ds_warped_15_Session_0_34|ds_warped_15_Session_0_35|ds_warped_15_Session_0_36|ds_warped_15_Session_0_37|ds_warped_15_Session_0_38|ds_warped_15_Session_0_39|ds_warped_15_Session_0_40|ds_warped_15_Session_0_41|ds_warped_15_Session_0_42|ds_warped_15_Session_0_43|ds_warped_15_Session_0_44|ds_warped_15_Session_0_45|ds_warped_15_Session_0_46|ds_warped_15_Session_0_47|ds_warped_15_Session_0_48|ds_warped_15_Session_0_49|ds_warped_15_Session_0_50|ds_warped_15_Session_0_51|ds_warped_15_Session_0_52|ds_warped_15_Session_0_53|ds_warped_15_Session_0_54|ds_warped_15_Session_test_0_0,derived,v1,50,False,True,2026-08-19
U01BFCT,STAGE_1,drifting_gratings,0a3e9469-e0ac-4b22-b0e6-f4003692d71c,multiplane-ophys_788406_2025-07-25_11-13-57_processed_2026-08-19_00-44-00,788406,Slc32a1-IRES-Cre/wt;Oi1(TIT2L-jGCaMP8s-WPRE-ICL-IRES-tTA2)/wt,2025-01-18,188,Male,Mus musculus,pophys|behavior,multiplane-ophys_788406_2025-07-25_11-13-57,30,2025-07-25,11:13:57.811540,12:16:34.045830,MESO.2,disc,VISp,8,38|74|120|160|188|232|262|312,38,312,4,10.63,40353,602,558,54,102,,1093.0,,drifting_gratings_contrast|drifting_gratings_TF|spontaneous,drifting_gratings_TF|drifting_gratings_contrast,derived,v1,50,False,True,2026-08-19
Learning mFISH-V1omFISH,STAGE_1,drifting_gratings,434827fc-4289-496e-91ef-641f1ca615ab,multiplane-ophys_788406_2025-07-28_12-22-00_processed_2026-08-19_00-43-25,788406,Slc32a1-IRES-Cre/wt;Oi1(TIT2L-jGCaMP8s-WPRE-ICL-IRES-tTA2)/wt,2025-01-18,191,Male,Mus musculus,pophys|behavior,multiplane-ophys_788406_2025-07-28_12-22-00,31,2025-07-28,12:22:00.356662,13:24:36.574322,MESO.2,disc,VISp,8,38|80|120|160|192|236|272|318,38,318,4,10.63,40352,586,542,50,90,,1094.0,,drifting_gratings_contrast|drifting_gratings_TF|spontaneous,drifting_gratings_TF|drifting_gratings_contrast,derived,v1,50,True,True,2026-08-19
Learning mFISH-V1omFISH,STAGE_1,drifting_gratings,9d1bb494-4679-4e51-9c67-65ac7ca4a62c,multiplane-ophys_788406_2025-07-29_10-20-34_processed_2026-08-19_00-44-03,788406,Slc32a1-IRES-Cre/wt;Oi1(TIT2L-jGCaMP8s-WPRE-ICL-IRES-tTA2)/wt,2025-01-18,192,Male,Mus musculus,pophys|behavior,multiplane-ophys_788406_2025-07-29_10-20-34,32,2025-07-29,10:20:34.036173,11:23:10.203503,MESO.2,disc,VISp,8,36|74|120|158|196|236|272|312,36,312,4,10.63,40351,582,536,54,93,,1091.0,,drifting_gratings_contrast|drifting_gratings_TF|spontaneous,drifting_gratings_TF|drifting_gratings_contrast,derived,v1,50,False,True,2026-08-19
LearningmFISHTask1A,TRAINING_0_gratings_autorewards_15min,static_gratings,f2f22022-b8e1-4d3b-9c27-feed7cb72e2d,multiplane-ophys_790322_2025-06-11_15-09-29_processed_2026-08-19_00-42-46,790322,Slc32a1-IRES-Cre/wt;Oi1(TIT2L-jGCaMP8s-WPRE-ICL-IRES-tTA2)/wt,2025-01-31,131,Male,Mus musculus,pophys|behavior,multiplane-ophys_790322_2025-06-11_15-09-29,1,2025-06-11,15:09:29.438454,15:25:14.973574,MESO.2,disc,VISp,8,32|80|120|160|206|246|274|324,32,324,4,10.63,10158,491,468,42,78,,123.0,122.0,spontaneous,gratings_0|gratings_180|gratings_270|gratings_90,derived,v1,50,True,True,2026-08-19
LearningmFISHTask1A,TRAINING_1_gratings,static_gratings,eb5eb6d8-215d-4854-93a1-a1c95fb3ce48,multiplane-ophys_790322_2025-06-12_15-23-11_processed_2026-08-19_00-43-34,790322,Slc32a1-IRES-Cre/wt;Oi1(TIT2L-jGCaMP8s-WPRE-ICL-IRES-tTA2)/wt,2025-01-31,132,Male,Mus musculus,pophys|behavior,multiplane-ophys_790322_2025-06-12_15-23-11,2,2025-06-12,15:23:11.012984,16:23:56.472624,MESO.2,disc,VISp,8,32|80|120|160|208|246|272|322,32,322,4,10.63,39161,509,475,43,88,,313.0,759.0,spontaneous|change_detection,gratings_0|gratings_180|gratings_270|gratings_90,derived,v1,50,True,True,2026-08-19
LearningmFISHTask1A,TRAINING_1_gratings,static_gratings,e117b261-310e-4b8c-9dab-5da4f2a28d2b,multiplane-ophys_790322_2025-06-13_14-57-49_processed_2026-08-19_00-44-45,790322,Slc32a1-IRES-Cre/wt;Oi1(TIT2L-jGCaMP8s-WPRE-ICL-IRES-tTA2)/wt,2025-01-31,133,Male,Mus musculus,pophys|behavior,multiplane-ophys_790322_2025-06-13_14-57-49,3,2025-06-13,14:57:49.289128,15:58:38.568428,MESO.2,disc,VISp,8,32|80|120|162|208|250|278|330,32,330,4,10.63,39203,555,507,54,83,,333.0,648.0,spontaneous|change_detection,gratings_0|gratings_180|gratings_270|gratings_90,derived,v1,50,False,True,2026-08-19
Learning mFISH-V1omFISH,TRAINING_1_gratings,static_gratings,5b32a731-9b86-4aac-9e7f-17855d978160,multiplane-ophys_790322_2025-06-16_12-24-56_processed_2026-08-19_00-44-48,790322,Slc32a1-IRES-Cre/wt;Oi1(TIT2L-jGCaMP8s-WPRE-ICL-IRES-tTA2)/wt,2025-01-31,136,Male,Mus musculus,pophys|behavior,multiplane-ophys_790322_2025-06-16_12-24-56,4,2025-06-16,12:24:56.391358,13:25:36.712808,MESO.2,disc,VISp,8,26|76|114|160|206|246|274|324,26,324,4,10.63,39108,599,548,51,96,,214.0,1157.0,spontaneous|change_detection,gratings_0|gratings_180|gratings_270|gratings_90,derived,v1,50,False,True,2026-08-19
Learning mFISH-V1omFISH,TRAINING_2_gratings_flashed,flashed_gratings,b8c84fd3-85a4-4b23-af4c-fec9d968d2da,multiplane-ophys_790322_2025-06-17_15-44-27_processed_2026-08-19_00-45-41,790322,Slc32a1-IRES-Cre/wt;Oi1(TIT2L-jGCaMP8s-WPRE-ICL-IRES-tTA2)/wt,2025-01-31,137,Male,Mus musculus,pophys|behavior,multiplane-ophys_790322_2025-06-17_15-44-27,5,2025-06-17,15:44:27.001798,16:45:11.894508,MESO.2,disc,VISp,8,38|86|120|164|212|252|278|328,38,328,4,10.63,39156,527,489,38,87,,4802.0,990.0,spontaneous|change_detection,gratings_0|gratings_180|gratings_270|gratings_90,derived,v1,50,False,True,2026-08-19
Learning mFISH-V1omFISH,TRAINING_2_gratings_flashed,flashed_gratings,287f9fef-3e48-46c6-b522-1154b48b287b,multiplane-ophys_790322_2025-06-18_14-34-44_processed_2026-08-19_00-46-44,790322,Slc32a1-IRES-Cre/wt;Oi1(TIT2L-jGCaMP8s-WPRE-ICL-IRES-tTA2)/wt,2025-01-31,138,Male,Mus musculus,pophys|behavior,multiplane-ophys_790322_2025-06-18_14-34-44,6,2025-06-18,14:34:44.250111,15:35:29.042411,MESO.2,disc,VISp,8,30|80|120|160|210|248|274|324,30,324,4,10.63,39154,541,487,40,97,,4802.0,1088.0,spontaneous|change_detection,gratings_0|gratings_180|gratings_270|gratings_90,derived,v1,50,False,True,2026-08-19
LearningmFISHTask1A,TRAINING_3_images_A_10uL_reward,flashed_images,76e5d597-4d40-42f0-a9ad-a24712472fb5,multiplane-ophys_790322_2025-06-23_12-18-18_processed_2026-08-19_00-46-52,790322,Slc32a1-IRES-Cre/wt;Oi1(TIT2L-jGCaMP8s-WPRE-ICL-IRES-tTA2)/wt,2025-01-31,143,Male,Mus musculus,pophys|behavior,multiplane-ophys_790322_2025-06-23_12-18-18,7,2025-06-23,12:18:18.942838,13:18:59.064398,MESO.2,disc,VISp,8,34|80|120|160|206|246|274|324,34,324,4,10.63,39106,539,500,44,90,A,4796.0,1128.0,spontaneous|change_detection,im061|im062|im063|im065|im066|im069|im077|im085,derived,v1,50,True,True,2026-08-19
LearningmFISHTask1A,TRAINING_3_images_A_10uL_reward,flashed_images,378828bc-294d-47fb-a156-b7f2c1bea7a4,multiplane-ophys_790322_2025-06-24_12-14-55_processed_2026-08-19_00-47-19,790322,Slc32a1-IRES-Cre/wt;Oi1(TIT2L-jGCaMP8s-WPRE-ICL-IRES-tTA2)/wt,2025-01-31,144,Male,Mus musculus,pophys|behavior,multiplane-ophys_790322_2025-06-24_12-14-55,8,2025-06-24,12:14:55.472790,13:15:41.649360,MESO.2,disc,VISp,8,26|74|116|156|200|240|272|318,26,318,4,10.63,39170,585,540,43,95,A,4804.0,1060.0,spontaneous|change_detection,im061|im062|im063|im065|im066|im069|im077|im085,derived,v1,50,False,True,2026-08-19
Learning mFISH-V1omFISH,TRAINING_3_images_A_10uL_reward,flashed_images,79042aaa-e074-4d9c-b8b1-d2739026fc5e,multiplane-ophys_790322_2025-06-25_14-02-09_processed_2026-08-19_00-46-34,790322,Slc32a1-IRES-Cre/wt;Oi1(TIT2L-jGCaMP8s-WPRE-ICL-IRES-tTA2)/wt,2025-01-31,145,Male,Mus musculus,pophys|behavior,multiplane-ophys_790322_2025-06-25_14-02-09,9,2025-06-25,14:02:09.505297,15:02:50.494217,MESO.2,disc,VISp,8,30|78|116|158|202|242|270|318,30,318,4,10.63,39114,506,475,37,87,A,4797.0,1050.0,spontaneous|change_detection,im061|im062|im063|im065|im066|im069|im077|im085,derived,v1,50,False,True,2026-08-19
LearningmFISHTask1A,TRAINING_4_images_A_training,flashed_images,7235ebe9-def3-4d99-a936-9b1392d0b1ba,multiplane-ophys_790322_2025-06-26_14-34-26_processed_2026-08-19_00-46-42,790322,Slc32a1-IRES-Cre/wt;Oi1(TIT2L-jGCaMP8s-WPRE-ICL-IRES-tTA2)/wt,2025-01-31,146,Male,Mus musculus,pophys|behavior,multiplane-ophys_790322_2025-06-26_14-34-26,10,2025-06-26,14:34:26.197007,15:35:08.603637,MESO.2,disc,VISp,8,34|82|122|164|206|244|270|324,34,324,4,10.63,39130,511,482,43,85,A,4799.0,774.0,spontaneous|change_detection,im061|im062|im063|im065|im066|im069|im077|im085,derived,v1,50,False,True,2026-08-19
Learning mFISH-V1omFISH,TRAINING_5_images_A_epilogue,flashed_images,5d3c41f8-e123-4e55-a7d6-03de6dc2649f,multiplane-ophys_790322_2025-06-30_11-27-24_processed_2026-08-19_00-47-07,790322,Slc32a1-IRES-Cre/wt;Oi1(TIT2L-jGCaMP8s-WPRE-ICL-IRES-tTA2)/wt,2025-01-31,150,Male,Mus musculus,pophys|behavior,multiplane-ophys_790322_2025-06-30_11-27-24,11,2025-06-30,11:27:24.203809,12:42:24.973499,MESO.2,disc,VISp,8,36|80|120|160|196|236|264|312,36,312,4,10.63,48350,553,517,45,93,A,4796.0,718.0,spontaneous|change_detection|natural_movie_one,im061|im062|im063|im065|im066|im069|im077|im085,derived,v1,50,False,True,2026-08-19
Learning mFISH-V1omFISH,TRAINING_5_images_A_handoff_ready,flashed_images,34ef85f4-366f-45b4-a227-63ea18dd70dc,multiplane-ophys_790322_2025-07-01_13-35-26_processed_2026-08-19_00-47-08,790322,Slc32a1-IRES-Cre/wt;Oi1(TIT2L-jGCaMP8s-WPRE-ICL-IRES-tTA2)/wt,2025-01-31,151,Male,Mus musculus,pophys|behavior,multiplane-ophys_790322_2025-07-01_13-35-26,12,2025-07-01,13:35:26.243427,14:50:27.497007,MESO.2,disc,VISp,8,42|86|124|166|210|252|278|328,42,328,4,10.63,48354,550,513,48,91,A,4797.0,924.0,spontaneous|change_detection|natural_movie_one,im061|im062|im063|im065|im066|im069|im077|im085,derived,v1,50,False,True,2026-08-19
Learning mFISH-V1omFISH,OPHYS_1_images_A,familiar_images,1a85415d-fd23-4307-8f1e-ef54b3429fed,multiplane-ophys_790322_2025-07-02_14-00-54_processed_2026-08-19_00-47-14,790322,Slc32a1-IRES-Cre/wt;Oi1(TIT2L-jGCaMP8s-WPRE-ICL-IRES-tTA2)/wt,2025-01-31,152,Male,Mus musculus,pophys|behavior,multiplane-ophys_790322_2025-07-02_14-00-54,13,2025-07-02,14:00:54.943455,15:15:57.247935,MESO.2,disc,VISp,8,36|82|120|162|206|248|276|324,36,324,4,10.63,48366,554,511,51,83,A,4798.0,804.0,spontaneous|change_detection|natural_movie_one,im061|im062|im063|im065|im066|im069|im077|im085|omitted,derived,v1,50,False,True,2026-08-19
Learning mFISH-V1omFISH,OPHYS_1_images_A,familiar_images,f28f6bed-de0b-4c67-8def-5ddd419904e3,multiplane-ophys_790322_2025-07-03_14-03-48_processed_2026-08-19_00-46-52,790322,Slc32a1-IRES-Cre/wt;Oi1(TIT2L-jGCaMP8s-WPRE-ICL-IRES-tTA2)/wt,2025-01-31,153,Male,Mus musculus,pophys|behavior,multiplane-ophys_790322_2025-07-03_14-03-48,14,2025-07-03,14:03:48.900344,15:18:54.223944,MESO.2,disc,VISp,8,36|86|120|158|198|238|266|318,36,318,4,10.63,48399,513,482,44,88,A,4802.0,636.0,spontaneous|change_detection|natural_movie_one,im061|im062|im063|im065|im066|im069|im077|im085|omitted,derived,v1,50,False,True,2026-08-19
Learning mFISH-V1omFISH,OPHYS_4_images_B,novel_images,5e773dc5-85e9-4dab-9b02-40ab2e317fad,multiplane-ophys_790322_2025-07-07_12-19-54_processed_2026-08-19_00-47-54,790322,Slc32a1-IRES-Cre/wt;Oi1(TIT2L-jGCaMP8s-WPRE-ICL-IRES-tTA2)/wt,2025-01-31,157,Male,Mus musculus,pophys|behavior,multiplane-ophys_790322_2025-07-07_12-19-54,15,2025-07-07,12:19:54.006758,13:34:54.860248,MESO.2,disc,VISp,8,30|80|114|154|200|238|266|318,30,318,4,10.63,48351,513,482,43,85,B,4796.0,748.0,spontaneous|change_detection|natural_movie_one,im000|im031|im035|im045|im054|im073|im075|im106|omitted,derived,v1,50,False,True,2026-08-19
Learning mFISH-V1omFISH,OPHYS_4_images_B,novel_images,bfb94a44-c6f3-440b-ae8d-408ae9589ed7,multiplane-ophys_790322_2025-07-08_12-35-46_processed_2026-08-19_00-48-15,790322,Slc32a1-IRES-Cre/wt;Oi1(TIT2L-jGCaMP8s-WPRE-ICL-IRES-tTA2)/wt,2025-01-31,158,Male,Mus musculus,pophys|behavior,multiplane-ophys_790322_2025-07-08_12-35-46,16,2025-07-08,12:35:46.277304,13:50:50.933554,MESO.2,disc,VISp,8,36|80|120|160|204|246|274|322,36,322,4,10.63,48392,520,481,41,91,B,4801.0,734.0,spontaneous|change_detection|natural_movie_one,im000|im031|im035|im045|im054|im073|im075|im106|omitted,derived,v1,50,False,True,2026-08-19
Learning mFISH-V1omFISH,OPHYS_6_images_B,novel_extinction,3d849e4e-bb65-443f-9b72-bb6cca76f75c,multiplane-ophys_790322_2025-07-10_15-25-55_processed_2026-08-19_00-47-55,790322,Slc32a1-IRES-Cre/wt;Oi1(TIT2L-jGCaMP8s-WPRE-ICL-IRES-tTA2)/wt,2025-01-31,160,Male,Mus musculus,pophys|behavior,multiplane-ophys_790322_2025-07-10_15-25-55,17,2025-07-10,15:25:55.361040,16:40:59.134080,MESO.2,disc,VISp,8,32|80|120|160|202|240|268|318,32,318,4,10.63,48382,511,477,45,87,B,4800.0,461.0,spontaneous|change_detection|natural_movie_one,im000|im031|im035|im045|im054|im073|im075|im106|omitted,derived,v1,50,False,True,2026-08-19
Learning mFISH-V1omFISH,OPHYS_6_images_B,novel_extinction,572f9a3f-5717-4dfa-bfc8-87ea5e10aa51,multiplane-ophys_790322_2025-07-11_14-33-34_processed_2026-08-19_00-48-10,790322,Slc32a1-IRES-Cre/wt;Oi1(TIT2L-jGCaMP8s-WPRE-ICL-IRES-tTA2)/wt,2025-01-31,161,Male,Mus musculus,pophys|behavior,multiplane-ophys_790322_2025-07-11_14-33-34,18,2025-07-11,14:33:34.387170,15:48:36.675360,MESO.2,disc,VISp,8,32|76|116|158|202|240|266|320,32,320,4,10.63,48366,528,491,47,84,B,4798.0,432.0,spontaneous|change_detection|natural_movie_one,im000|im031|im035|im045|im054|im073|im075|im106|omitted,derived,v1,50,False,True,2026-08-19
U01BFCT,STAGE_0,natural_movies,ed9df91d-d621-4812-a6f8-7b687adf5d85,multiplane-ophys_790322_2025-07-12_10-41-51_processed_2026-08-19_00-48-21,790322,Slc32a1-IRES-Cre/wt;Oi1(TIT2L-jGCaMP8s-WPRE-ICL-IRES-tTA2)/wt,2025-01-31,162,Male,Mus musculus,pophys|behavior,multiplane-ophys_790322_2025-07-12_10-41-51,19,2025-07-12,10:41:51.486050,11:58:29.369060,MESO.2,disc,VISp,8,36|84|120|158|208|250|276|330,36,330,4,10.63,49394,584,542,51,93,,137370.0,,ds_warped_15_Session_0_00|ds_warped_15_Session_0_01|ds_warped_15_Session_0_02|ds_warped_15_Session_0_03|ds_warped_15_Session_0_04|ds_warped_15_Session_0_05|ds_warped_15_Session_0_06|ds_warped_15_Session_0_07|ds_warped_15_Session_0_08|ds_warped_15_Session_0_09|ds_warped_15_Session_0_10|ds_warped_15_Session_0_11|ds_warped_15_Session_0_12|ds_warped_15_Session_0_13|ds_warped_15_Session_0_14|ds_warped_15_Session_0_15|ds_warped_15_Session_0_16|ds_warped_15_Session_0_17|ds_warped_15_Session_0_18|ds_warped_15_Session_0_19|ds_warped_15_Session_0_20|ds_warped_15_Session_0_21|ds_warped_15_Session_0_22|ds_warped_15_Session_0_23|ds_warped_15_Session_0_24|ds_warped_15_Session_0_25|ds_warped_15_Session_0_26|ds_warped_15_Session_0_27|ds_warped_15_Session_test_0_0|ds_warped_15_Session_0_28|ds_warped_15_Session_0_29|ds_warped_15_Session_0_30|ds_warped_15_Session_0_31|ds_warped_15_Session_0_32|ds_warped_15_Session_0_33|ds_warped_15_Session_0_34|ds_warped_15_Session_0_35|ds_warped_15_Session_0_36|ds_warped_15_Session_0_37|ds_warped_15_Session_0_38|ds_warped_15_Session_0_39|ds_warped_15_Session_0_40|ds_warped_15_Session_0_41|ds_warped_15_Session_0_42|ds_warped_15_Session_0_43|ds_warped_15_Session_0_44|ds_warped_15_Session_0_45|ds_warped_15_Session_0_46|ds_warped_15_Session_0_47|ds_warped_15_Session_0_48|ds_warped_15_Session_0_49|ds_warped_15_Session_0_50|ds_warped_15_Session_0_51|ds_warped_15_Session_0_52|ds_warped_15_Session_0_53|ds_warped_15_Session_0_54,ds_warped_15_Session_0_00|ds_warped_15_Session_0_01|ds_warped_15_Session_0_02|ds_warped_15_Session_0_03|ds_warped_15_Session_0_04|ds_warped_15_Session_0_05|ds_warped_15_Session_0_06|ds_warped_15_Session_0_07|ds_warped_15_Session_0_08|ds_warped_15_Session_0_09|ds_warped_15_Session_0_10|ds_warped_15_Session_0_11|ds_warped_15_Session_0_12|ds_warped_15_Session_0_13|ds_warped_15_Session_0_14|ds_warped_15_Session_0_15|ds_warped_15_Session_0_16|ds_warped_15_Session_0_17|ds_warped_15_Session_0_18|ds_warped_15_Session_0_19|ds_warped_15_Session_0_20|ds_warped_15_Session_0_21|ds_warped_15_Session_0_22|ds_warped_15_Session_0_23|ds_warped_15_Session_0_24|ds_warped_15_Session_0_25|ds_warped_15_Session_0_26|ds_warped_15_Session_0_27|ds_warped_15_Session_0_28|ds_warped_15_Session_0_29|ds_warped_15_Session_0_30|ds_warped_15_Session_0_31|ds_warped_15_Session_0_32|ds_warped_15_Session_0_33|ds_warped_15_Session_0_34|ds_warped_15_Session_0_35|ds_warped_15_Session_0_36|ds_warped_15_Session_0_37|ds_warped_15_Session_0_38|ds_warped_15_Session_0_39|ds_warped_15_Session_0_40|ds_warped_15_Session_0_41|ds_warped_15_Session_0_42|ds_warped_15_Session_0_43|ds_warped_15_Session_0_44|ds_warped_15_Session_0_45|ds_warped_15_Session_0_46|ds_warped_15_Session_0_47|ds_warped_15_Session_0_48|ds_warped_15_Session_0_49|ds_warped_15_Session_0_50|ds_warped_15_Session_0_51|ds_warped_15_Session_0_52|ds_warped_15_Session_0_53|ds_warped_15_Session_0_54|ds_warped_15_Session_test_0_0,derived,v1,50,False,True,2026-08-19
Learning mFISH-V1omFISH,STAGE_1,drifting_gratings,ac2e0fab-feb7-4d7c-8f16-639ec81c3cb5,multiplane-ophys_790322_2025-08-02_12-29-52_processed_2026-08-19_00-48-32,790322,Slc32a1-IRES-Cre/wt;Oi1(TIT2L-jGCaMP8s-WPRE-ICL-IRES-tTA2)/wt,2025-01-31,183,Male,Mus musculus,pophys|behavior,multiplane-ophys_790322_2025-08-02_12-29-52,20,2025-08-02,12:29:52.014080,13:32:28.181470,MESO.2,disc,VISp,8,36|88|128|166|220|263|290|345,36,345,4,10.63,40351,510,469,41,84,,1090.0,,drifting_gratings_contrast|drifting_gratings_TF|spontaneous,drifting_gratings_TF|drifting_gratings_contrast,derived,v1,50,False,True,2026-08-19
U01BFCT,STAGE_1,drifting_gratings,02fb5ec2-03be-43bb-adf0-948c35b8e30b,multiplane-ophys_790322_2025-08-05_08-54-42_processed_2026-08-19_00-49-05,790322,Slc32a1-IRES-Cre/wt;Oi1(TIT2L-jGCaMP8s-WPRE-ICL-IRES-tTA2)/wt,2025-01-31,186,Male,Mus musculus,pophys|behavior,multiplane-ophys_790322_2025-08-05_08-54-42,21,2025-08-05,08:54:42.563160,09:57:18.730430,MESO.2,disc,VISp,8,28|76|124|167|219|260|288|348,28,348,4,10.63,40352,592,552,53,95,,1093.0,,drifting_gratings_contrast|drifting_gratings_TF|spontaneous,drifting_gratings_TF|drifting_gratings_contrast,derived,v1,50,False,True,2026-08-19
U01BFCT,STAGE_1,drifting_gratings,0aa3a565-09eb-4050-bf8d-c28f5761844d,multiplane-ophys_790322_2025-08-06_09-43-14_processed_2026-08-19_00-49-02,790322,Slc32a1-IRES-Cre/wt;Oi1(TIT2L-jGCaMP8s-WPRE-ICL-IRES-tTA2)/wt,2025-01-31,187,Male,Mus musculus,pophys|behavior,multiplane-ophys_790322_2025-08-06_09-43-14,22,2025-08-06,09:43:14.861103,10:45:51.061673,MESO.2,disc,VISp,8,26|80|130|170|210|256|288|344,26,344,4,10.63,40352,615,565,45,97,,1090.0,,drifting_gratings_contrast|drifting_gratings_TF|spontaneous,drifting_gratings_TF|drifting_gratings_contrast,derived,v1,50,False,True,2026-08-19
ISIx,TRAINING_0_gratings_autorewards_15min,static_gratings,d48e048f-c861-4f2b-a524-a9dab15c3cde,multiplane-ophys_790322_2025-08-13_10-27-05_processed_2026-08-19_00-48-02,790322,Slc32a1-IRES-Cre/wt;Oi1(TIT2L-jGCaMP8s-WPRE-ICL-IRES-tTA2)/wt,2025-01-31,194,Male,Mus musculus,pophys|behavior,multiplane-ophys_790322_2025-08-13_10-27-05,23,2025-08-13,10:27:05.310265,10:42:47.323435,MESO.1,disc,VISp,8,40|80|120|160|200|240|280|320,40,320,4,9.48,10028,643,596,59,100,,119.0,118.0,spontaneous,gratings_0|gratings_180|gratings_270|gratings_90,derived,v1,50,True,True,2026-08-19
ISIx,STAGE_1,drifting_gratings,8fed70c2-18c9-432b-9cb4-9770a5284a86,multiplane-ophys_790322_2025-08-21_09-55-07_processed_2026-08-19_00-48-39,790322,Slc32a1-IRES-Cre/wt;Oi1(TIT2L-jGCaMP8s-WPRE-ICL-IRES-tTA2)/wt,2025-01-31,202,Male,Mus musculus,pophys|behavior,multiplane-ophys_790322_2025-08-21_09-55-07,24,2025-08-21,09:55:07.643210,10:57:43.893210,MESO.2,disc,VISp,8,34|86|127|167|223|265|292|347,34,347,4,10.63,40352,502,455,43,85,,1092.0,,drifting_gratings_contrast|drifting_gratings_TF|spontaneous,drifting_gratings_TF|drifting_gratings_contrast,derived,v1,50,True,True,2026-08-19
Learning mFISH-V1omFISH,TRAINING_0_gratings_autorewards_15min,static_gratings,6315bca6-51e7-4cb4-93ef-727c0378e02e,multiplane-ophys_800792_2025-07-22_12-20-40_processed_2026-08-19_00-48-53,800792,Slc32a1-IRES-Cre/wt;Oi1(TIT2L-jGCaMP8s-WPRE-ICL-IRES-tTA2)/wt,2025-04-06,107,Female,Mus musculus,pophys|behavior,multiplane-ophys_800792_2025-07-22_12-20-40,1,2025-07-22,12:20:40.506597,12:36:22.738797,MESO.2,disc,VISp,8,34|86|116|160|200|248|280|314,34,314,4,10.63,10123,510,475,42,75,,120.0,119.0,spontaneous,gratings_0|gratings_180|gratings_270|gratings_90,derived,v1,42,False,True,2026-08-19
Learning mFISH-V1omFISH,TRAINING_1_gratings,static_gratings,a1dd49a8-f68f-4f3c-9c80-a9a21f28b2d8,multiplane-ophys_800792_2025-07-23_14-42-38_processed_2026-08-19_00-50-59,800792,Slc32a1-IRES-Cre/wt;Oi1(TIT2L-jGCaMP8s-WPRE-ICL-IRES-tTA2)/wt,2025-04-06,108,Female,Mus musculus,pophys|behavior,multiplane-ophys_800792_2025-07-23_14-42-38,2,2025-07-23,14:42:38.811219,15:43:22.886589,MESO.2,disc,VISp,8,38|90|116|172|206|252|280|318,38,318,4,10.63,39146,580,536,50,88,,354.0,534.0,spontaneous|change_detection,gratings_0|gratings_180|gratings_270|gratings_90,derived,v1,42,False,True,2026-08-19
Learning mFISH-V1omFISH,TRAINING_1_gratings,static_gratings,f98dcbd9-f5e0-4fad-b158-b9eea668f52d,multiplane-ophys_800792_2025-07-25_13-02-10_processed_2026-08-19_00-50-48,800792,Slc32a1-IRES-Cre/wt;Oi1(TIT2L-jGCaMP8s-WPRE-ICL-IRES-tTA2)/wt,2025-04-06,110,Female,Mus musculus,pophys|behavior,multiplane-ophys_800792_2025-07-25_13-02-10,3,2025-07-25,13:02:10.389306,14:02:52.512316,MESO.2,disc,VISp,8,38|90|120|162|194|244|276|302,38,302,4,10.63,39126,549,503,46,84,,202.0,1239.0,spontaneous|change_detection,gratings_0|gratings_180|gratings_270|gratings_90,derived,v1,42,False,True,2026-08-19
Learning mFISH-V1omFISH,TRAINING_1_gratings,static_gratings,26e294d2-ef47-4ad1-84ee-9013c59bc28c,multiplane-ophys_800792_2025-07-28_14-16-53_processed_2026-08-19_00-50-56,800792,Slc32a1-IRES-Cre/wt;Oi1(TIT2L-jGCaMP8s-WPRE-ICL-IRES-tTA2)/wt,2025-04-06,113,Female,Mus musculus,pophys|behavior,multiplane-ophys_800792_2025-07-28_14-16-53,4,2025-07-28,14:16:53.759612,15:17:36.750902,MESO.2,disc,VISp,8,30|86|112|160|200|248|278|306,30,306,4,10.63,39135,558,509,42,89,,259.0,971.0,spontaneous|change_detection,gratings_0|gratings_180|gratings_270|gratings_90,derived,v1,42,False,True,2026-08-19
Learning mFISH-V1omFISH,TRAINING_1_gratings,static_gratings,bd329d28-b128-41a8-8977-85e08d82132c,multiplane-ophys_800792_2025-07-29_12-31-47_processed_2026-08-19_00-51-10,800792,Slc32a1-IRES-Cre/wt;Oi1(TIT2L-jGCaMP8s-WPRE-ICL-IRES-tTA2)/wt,2025-04-06,114,Female,Mus musculus,pophys|behavior,multiplane-ophys_800792_2025-07-29_12-31-47,5,2025-07-29,12:31:47.879642,13:32:28.835412,MESO.2,disc,VISp,8,42|96|118|162|202|250|276|312,42,312,4,10.63,39114,584,543,51,88,,263.0,954.0,spontaneous|change_detection,gratings_0|gratings_180|gratings_270|gratings_90,derived,v1,50,True,True,2026-08-19
LearningmFISHTask1A,TRAINING_2_gratings_flashed,flashed_gratings,ec60ac42-ca36-43df-8f35-b5e6417f40a6,multiplane-ophys_800792_2025-07-30_13-59-33_processed_2026-08-19_00-51-07,800792,Slc32a1-IRES-Cre/wt;Oi1(TIT2L-jGCaMP8s-WPRE-ICL-IRES-tTA2)/wt,2025-04-06,115,Female,Mus musculus,pophys|behavior,multiplane-ophys_800792_2025-07-30_13-59-33,6,2025-07-30,13:59:33.670874,15:00:21.649554,MESO.2,disc,VISp,8,40|84|116|160|200|244|280|308,40,308,4,10.63,39189,561,519,49,92,,4806.0,784.0,spontaneous|change_detection,gratings_0|gratings_180|gratings_270|gratings_90,derived,v1,50,False,True,2026-08-19
LearningmFISHTask1A,TRAINING_2_gratings_flashed,flashed_gratings,f469200b-6092-419b-b7cc-bf0c0dfbb45f,multiplane-ophys_800792_2025-07-31_12-37-11_processed_2026-08-19_00-51-09,800792,Slc32a1-IRES-Cre/wt;Oi1(TIT2L-jGCaMP8s-WPRE-ICL-IRES-tTA2)/wt,2025-04-06,116,Female,Mus musculus,pophys|behavior,multiplane-ophys_800792_2025-07-31_12-37-11,7,2025-07-31,12:37:11.683607,13:37:53.089777,MESO.2,disc,VISp,8,32|86|112|152|190|236|272|300,32,300,4,10.63,39118,591,544,46,90,,4798.0,632.0,spontaneous|change_detection,gratings_0|gratings_180|gratings_270|gratings_90,derived,v1,50,True,True,2026-08-19
Learning mFISH-V1omFISH,TRAINING_3_images_A_10uL_reward,flashed_images,57e5216f-c87d-416f-aa09-c10085e483f8,multiplane-ophys_800792_2025-08-04_11-43-33_processed_2026-08-19_00-51-15,800792,Slc32a1-IRES-Cre/wt;Oi1(TIT2L-jGCaMP8s-WPRE-ICL-IRES-tTA2)/wt,2025-04-06,120,Female,Mus musculus,pophys|behavior,multiplane-ophys_800792_2025-08-04_11-43-33,8,2025-08-04,11:43:33.514901,12:44:15.972061,MESO.2,disc,VISp,8,38|86|116|160|196|236|270|302,38,302,4,10.63,39130,622,566,58,100,A,4799.0,722.0,spontaneous|change_detection,im061|im062|im063|im065|im066|im069|im077|im085,derived,v1,50,True,True,2026-08-19
LearningmFISHTask1A,TRAINING_3_images_A_10uL_reward,flashed_images,c17672cd-d812-47db-a0d3-4032027da99a,multiplane-ophys_800792_2025-08-05_11-15-02_processed_2026-08-19_00-50-49,800792,Slc32a1-IRES-Cre/wt;Oi1(TIT2L-jGCaMP8s-WPRE-ICL-IRES-tTA2)/wt,2025-04-06,121,Female,Mus musculus,pophys|behavior,multiplane-ophys_800792_2025-08-05_11-15-02,9,2025-08-05,11:15:02.446528,12:15:51.775808,MESO.2,disc,VISp,8,40|82|108|156|188|240|262|300,40,300,4,10.63,39204,546,508,54,83,A,4808.0,589.0,spontaneous|change_detection,im061|im062|im063|im065|im066|im069|im077|im085,derived,v1,50,False,True,2026-08-19
LearningmFISHTask1A,TRAINING_3_images_A_10uL_reward,flashed_images,6996af6d-a471-478b-a527-fbdb095e6293,multiplane-ophys_800792_2025-08-07_14-21-47_processed_2026-08-19_00-51-04,800792,Slc32a1-IRES-Cre/wt;Oi1(TIT2L-jGCaMP8s-WPRE-ICL-IRES-tTA2)/wt,2025-04-06,123,Female,Mus musculus,pophys|behavior,multiplane-ophys_800792_2025-08-07_14-21-47,10,2025-08-07,14:21:47.637135,15:22:28.610065,MESO.2,disc,VISp,8,36|88|112|160|194|242|272|304,36,304,4,10.63,39114,571,522,44,89,A,4797.0,787.0,spontaneous|change_detection,im061|im062|im063|im065|im066|im069|im077|im085,derived,v1,50,True,True,2026-08-19
LearningmFISHTask1A,TRAINING_3_images_A_10uL_reward,flashed_images,93165cbd-7a3e-4974-92f4-51e6e7e252c6,multiplane-ophys_800792_2025-08-08_14-53-57_processed_2026-08-19_00-52-00,800792,Slc32a1-IRES-Cre/wt;Oi1(TIT2L-jGCaMP8s-WPRE-ICL-IRES-tTA2)/wt,2025-04-06,124,Female,Mus musculus,pophys|behavior,multiplane-ophys_800792_2025-08-08_14-53-57,11,2025-08-08,14:53:57.861510,15:54:44.839580,MESO.2,disc,VISp,8,42|92|120|158|188|234|268|298,42,298,4,10.63,39178,553,519,44,88,A,4805.0,830.0,spontaneous|change_detection,im061|im062|im063|im065|im066|im069|im077|im085,derived,v1,50,True,True,2026-08-19
LearningmFISHTask1A,TRAINING_4_images_A_training,flashed_images,17d6f214-abb1-4d3d-9c07-1e079ddccdcb,multiplane-ophys_800792_2025-08-11_12-59-01_processed_2026-08-19_00-52-18,800792,Slc32a1-IRES-Cre/wt;Oi1(TIT2L-jGCaMP8s-WPRE-ICL-IRES-tTA2)/wt,2025-04-06,127,Female,Mus musculus,pophys|behavior,multiplane-ophys_800792_2025-08-11_12-59-01,12,2025-08-11,12:59:01.649956,13:59:42.121926,MESO.2,disc,VISp,8,32|80|116|148|198|236|278|304,32,304,4,10.63,39109,619,582,52,90,A,4796.0,707.0,spontaneous|change_detection,im061|im062|im063|im065|im066|im069|im077|im085,derived,v1,50,True,True,2026-08-19
Learning mFISH-V1omFISH,TRAINING_5_images_A_epilogue,flashed_images,23e88633-a5d4-49c3-89f1-802a92560e2b,multiplane-ophys_800792_2025-08-12_12-34-34_processed_2026-08-19_00-52-40,800792,Slc32a1-IRES-Cre/wt;Oi1(TIT2L-jGCaMP8s-WPRE-ICL-IRES-tTA2)/wt,2025-04-06,128,Female,Mus musculus,pophys|behavior,multiplane-ophys_800792_2025-08-12_12-34-34,13,2025-08-12,12:34:34.689169,13:49:40.014119,MESO.2,disc,VISp,8,36|82|110|150|182|248|260|288,36,288,4,10.63,48399,583,541,53,82,A,4802.0,668.0,spontaneous|change_detection|natural_movie_one,im061|im062|im063|im065|im066|im069|im077|im085,derived,v1,42,True,True,2026-08-19
Learning mFISH-V1omFISH,TRAINING_5_images_A_handoff_ready,flashed_images,b9c9f695-5a1d-41c2-bf0f-3b12792f8693,multiplane-ophys_800792_2025-08-13_14-25-39_processed_2026-08-19_00-52-36,800792,Slc32a1-IRES-Cre/wt;Oi1(TIT2L-jGCaMP8s-WPRE-ICL-IRES-tTA2)/wt,2025-04-06,129,Female,Mus musculus,pophys|behavior,multiplane-ophys_800792_2025-08-13_14-25-39,14,2025-08-13,14:25:39.850006,15:40:43.505916,MESO.2,disc,VISp,8,40|90|120|160|196|244|274|302,40,302,4,10.63,48381,585,539,51,92,A,4800.0,597.0,spontaneous|change_detection|natural_movie_one,im061|im062|im063|im065|im066|im069|im077|im085,derived,v1,50,True,True,2026-08-19
Learning mFISH-V1omFISH,OPHYS_1_images_A,familiar_images,2bbe6b60-7bf5-4b2c-ad39-961fdeeb9a27,multiplane-ophys_800792_2025-08-14_14-29-33_processed_2026-08-19_00-52-51,800792,Slc32a1-IRES-Cre/wt;Oi1(TIT2L-jGCaMP8s-WPRE-ICL-IRES-tTA2)/wt,2025-04-06,130,Female,Mus musculus,pophys|behavior,multiplane-ophys_800792_2025-08-14_14-29-33,15,2025-08-14,14:29:33.191287,15:44:36.279797,MESO.2,disc,VISp,8,40|86|118|160|196|248|280|314,40,314,4,10.63,48375,596,547,52,95,A,4799.0,572.0,spontaneous|change_detection|natural_movie_one,im061|im062|im063|im065|im066|im069|im077|im085|omitted,derived,v1,50,True,True,2026-08-19
Learning mFISH-V1omFISH,OPHYS_1_images_A,familiar_images,c22783c7-929c-4b92-9cf8-8ca803486d67,multiplane-ophys_800792_2025-08-15_15-13-09_processed_2026-08-19_00-52-47,800792,Slc32a1-IRES-Cre/wt;Oi1(TIT2L-jGCaMP8s-WPRE-ICL-IRES-tTA2)/wt,2025-04-06,131,Female,Mus musculus,pophys|behavior,multiplane-ophys_800792_2025-08-15_15-13-09,16,2025-08-15,15:13:09.794164,16:28:13.633004,MESO.2,disc,VISp,8,36|92|114|160|190|238|272|302,36,302,4,10.63,48383,579,535,43,96,A,4800.0,684.0,spontaneous|change_detection|natural_movie_one,im061|im062|im063|im065|im066|im069|im077|im085|omitted,derived,v1,50,True,True,2026-08-19
Learning mFISH-V1omFISH,OPHYS_4_images_B,novel_images,bb888782-9cbb-47a4-990d-27bbfc1245cf,multiplane-ophys_800792_2025-08-18_14-43-32_processed_2026-08-19_00-53-45,800792,Slc32a1-IRES-Cre/wt;Oi1(TIT2L-jGCaMP8s-WPRE-ICL-IRES-tTA2)/wt,2025-04-06,134,Female,Mus musculus,pophys|behavior,multiplane-ophys_800792_2025-08-18_14-43-32,17,2025-08-18,14:43:32.159080,15:58:40.768370,MESO.2,disc,VISp,8,36|82|116|156|198|242|272|306,36,306,4,10.63,48434,597,543,53,91,B,4807.0,685.0,spontaneous|change_detection|natural_movie_one,im000|im031|im035|im045|im054|im073|im075|im106|omitted,derived,v1,50,True,True,2026-08-19
Learning mFISH-V1omFISH,OPHYS_4_images_B,novel_images,bd64c7c0-3395-4bdf-a1a2-e25ecddf7c52,multiplane-ophys_800792_2025-08-19_13-08-51_processed_2026-08-19_00-53-37,800792,Slc32a1-IRES-Cre/wt;Oi1(TIT2L-jGCaMP8s-WPRE-ICL-IRES-tTA2)/wt,2025-04-06,135,Female,Mus musculus,pophys|behavior,multiplane-ophys_800792_2025-08-19_13-08-51,18,2025-08-19,13:08:51.115447,14:23:54.787677,MESO.2,disc,VISp,8,30|76|104|146|186|230|258|300,30,300,4,10.63,48381,570,529,51,91,B,4800.0,662.0,spontaneous|change_detection|natural_movie_one,im000|im031|im035|im045|im054|im073|im075|im106|omitted,derived,v1,50,True,True,2026-08-19
Learning mFISH-V1omFISH,OPHYS_6_images_B,novel_extinction,1b49673a-bb2b-4201-8c6f-6cadca6895aa,multiplane-ophys_800792_2025-08-20_14-43-42_processed_2026-08-19_00-53-44,800792,Slc32a1-IRES-Cre/wt;Oi1(TIT2L-jGCaMP8s-WPRE-ICL-IRES-tTA2)/wt,2025-04-06,136,Female,Mus musculus,pophys|behavior,multiplane-ophys_800792_2025-08-20_14-43-42,19,2025-08-20,14:43:42.136068,15:58:45.190768,MESO.2,disc,VISp,8,36|82|112|156|190|240|272|296,36,296,4,10.63,48375,589,531,57,92,B,4799.0,585.0,spontaneous|change_detection|natural_movie_one,im000|im031|im035|im045|im054|im073|im075|im106|omitted,derived,v1,50,True,True,2026-08-19
Learning mFISH-V1omFISH,OPHYS_6_images_B,novel_extinction,09d9d1e5-c1fe-4368-8e43-3c261ff718ba,multiplane-ophys_800792_2025-08-21_14-34-02_processed_2026-08-19_00-53-28,800792,Slc32a1-IRES-Cre/wt;Oi1(TIT2L-jGCaMP8s-WPRE-ICL-IRES-tTA2)/wt,2025-04-06,137,Female,Mus musculus,pophys|behavior,multiplane-ophys_800792_2025-08-21_14-34-02,20,2025-08-21,14:34:02.870120,15:49:06.492790,MESO.2,disc,VISp,8,50|96|124|164|198|254|276|314,50,314,4,10.63,48381,502,460,44,81,B,4800.0,545.0,spontaneous|change_detection|natural_movie_one,im000|im031|im035|im045|im054|im073|im075|im106|omitted,derived,v1,50,True,True,2026-08-19
Learning mFISH-V1omFISH,OPHYS_6_images_B,novel_extinction,3d4877c8-e075-4293-99b9-9ceedb16ad0a,multiplane-ophys_800792_2025-08-22_14-37-56_processed_2026-08-19_00-53-35,800792,Slc32a1-IRES-Cre/wt;Oi1(TIT2L-jGCaMP8s-WPRE-ICL-IRES-tTA2)/wt,2025-04-06,138,Female,Mus musculus,pophys|behavior,multiplane-ophys_800792_2025-08-22_14-37-56,21,2025-08-22,14:37:56.417073,15:53:04.559413,MESO.2,disc,VISp,8,36|84|114|152|190|238|272|298,36,298,4,10.63,48429,559,514,49,85,B,4806.0,524.0,spontaneous|change_detection|natural_movie_one,im000|im031|im035|im045|im054|im073|im075|im106|omitted,derived,v1,50,True,True,2026-08-19
Learning mFISH-V1omFISH,STAGE_0,natural_movies,8cc530a3-a279-4efd-8820-cd3ab70459f3,multiplane-ophys_800792_2025-08-25_13-00-38_processed_2026-08-19_00-55-51,800792,Slc32a1-IRES-Cre/wt;Oi1(TIT2L-jGCaMP8s-WPRE-ICL-IRES-tTA2)/wt,2025-04-06,141,Female,Mus musculus,pophys|behavior,multiplane-ophys_800792_2025-08-25_13-00-38,22,2025-08-25,13:00:38.344076,14:17:16.292896,MESO.2,disc,VISp,8,34|86|112|154|190|236|272|300,34,300,4,10.63,49394,583,535,50,97,,137370.0,,ds_warped_15_Session_0_00|ds_warped_15_Session_0_01|ds_warped_15_Session_0_02|ds_warped_15_Session_0_03|ds_warped_15_Session_0_04|ds_warped_15_Session_0_05|ds_warped_15_Session_0_06|ds_warped_15_Session_0_07|ds_warped_15_Session_0_08|ds_warped_15_Session_0_09|ds_warped_15_Session_0_10|ds_warped_15_Session_0_11|ds_warped_15_Session_0_12|ds_warped_15_Session_0_13|ds_warped_15_Session_0_14|ds_warped_15_Session_0_15|ds_warped_15_Session_0_16|ds_warped_15_Session_0_17|ds_warped_15_Session_0_18|ds_warped_15_Session_0_19|ds_warped_15_Session_0_20|ds_warped_15_Session_0_21|ds_warped_15_Session_0_22|ds_warped_15_Session_0_23|ds_warped_15_Session_0_24|ds_warped_15_Session_0_25|ds_warped_15_Session_0_26|ds_warped_15_Session_0_27|ds_warped_15_Session_test_0_0|ds_warped_15_Session_0_28|ds_warped_15_Session_0_29|ds_warped_15_Session_0_30|ds_warped_15_Session_0_31|ds_warped_15_Session_0_32|ds_warped_15_Session_0_33|ds_warped_15_Session_0_34|ds_warped_15_Session_0_35|ds_warped_15_Session_0_36|ds_warped_15_Session_0_37|ds_warped_15_Session_0_38|ds_warped_15_Session_0_39|ds_warped_15_Session_0_40|ds_warped_15_Session_0_41|ds_warped_15_Session_0_42|ds_warped_15_Session_0_43|ds_warped_15_Session_0_44|ds_warped_15_Session_0_45|ds_warped_15_Session_0_46|ds_warped_15_Session_0_47|ds_warped_15_Session_0_48|ds_warped_15_Session_0_49|ds_warped_15_Session_0_50|ds_warped_15_Session_0_51|ds_warped_15_Session_0_52|ds_warped_15_Session_0_53|ds_warped_15_Session_0_54,ds_warped_15_Session_0_00|ds_warped_15_Session_0_01|ds_warped_15_Session_0_02|ds_warped_15_Session_0_03|ds_warped_15_Session_0_04|ds_warped_15_Session_0_05|ds_warped_15_Session_0_06|ds_warped_15_Session_0_07|ds_warped_15_Session_0_08|ds_warped_15_Session_0_09|ds_warped_15_Session_0_10|ds_warped_15_Session_0_11|ds_warped_15_Session_0_12|ds_warped_15_Session_0_13|ds_warped_15_Session_0_14|ds_warped_15_Session_0_15|ds_warped_15_Session_0_16|ds_warped_15_Session_0_17|ds_warped_15_Session_0_18|ds_warped_15_Session_0_19|ds_warped_15_Session_0_20|ds_warped_15_Session_0_21|ds_warped_15_Session_0_22|ds_warped_15_Session_0_23|ds_warped_15_Session_0_24|ds_warped_15_Session_0_25|ds_warped_15_Session_0_26|ds_warped_15_Session_0_27|ds_warped_15_Session_0_28|ds_warped_15_Session_0_29|ds_warped_15_Session_0_30|ds_warped_15_Session_0_31|ds_warped_15_Session_0_32|ds_warped_15_Session_0_33|ds_warped_15_Session_0_34|ds_warped_15_Session_0_35|ds_warped_15_Session_0_36|ds_warped_15_Session_0_37|ds_warped_15_Session_0_38|ds_warped_15_Session_0_39|ds_warped_15_Session_0_40|ds_warped_15_Session_0_41|ds_warped_15_Session_0_42|ds_warped_15_Session_0_43|ds_warped_15_Session_0_44|ds_warped_15_Session_0_45|ds_warped_15_Session_0_46|ds_warped_15_Session_0_47|ds_warped_15_Session_0_48|ds_warped_15_Session_0_49|ds_warped_15_Session_0_50|ds_warped_15_Session_0_51|ds_warped_15_Session_0_52|ds_warped_15_Session_0_53|ds_warped_15_Session_0_54|ds_warped_15_Session_test_0_0,derived,v1,50,True,True,2026-08-19
U01BFCT,STAGE_1,drifting_gratings,57281ad9-3a7c-4386-9eec-e4da7026cab7,multiplane-ophys_800792_2025-08-26_12-30-21_processed_2026-08-19_00-55-07,800792,Slc32a1-IRES-Cre/wt;Oi1(TIT2L-jGCaMP8s-WPRE-ICL-IRES-tTA2)/wt,2025-04-06,142,Female,Mus musculus,pophys|behavior,multiplane-ophys_800792_2025-08-26_12-30-21,23,2025-08-26,12:30:21.798686,13:32:58.115886,MESO.2,disc,VISp,8,30|80|110|152|196|242|274|300,30,300,4,10.63,40353,567,511,42,90,,1090.0,,drifting_gratings_contrast|drifting_gratings_TF|spontaneous,drifting_gratings_TF|drifting_gratings_contrast,derived,v1,50,True,True,2026-08-19
Learning mFISH-V1omFISH,STAGE_1,drifting_gratings,089a52d4-de86-4715-a66f-35fc7846fd05,multiplane-ophys_800792_2025-08-27_14-31-17_processed_2026-08-19_00-55-25,800792,Slc32a1-IRES-Cre/wt;Oi1(TIT2L-jGCaMP8s-WPRE-ICL-IRES-tTA2)/wt,2025-04-06,143,Female,Mus musculus,pophys|behavior,multiplane-ophys_800792_2025-08-27_14-31-17,24,2025-08-27,14:31:17.990069,15:33:54.224099,MESO.2,disc,VISp,8,28|78|110|148|192|238|268|298,28,298,4,10.63,40347,601,545,53,93,,1094.0,,drifting_gratings_contrast|drifting_gratings_TF|spontaneous,drifting_gratings_TF|drifting_gratings_contrast,derived,v1,50,True,True,2026-08-19
Learning mFISH-V1omFISH,STAGE_1,drifting_gratings,13f0f3c0-568c-4633-8b7c-5013784f00fb,multiplane-ophys_800792_2025-08-29_13-40-16_processed_2026-08-19_00-55-09,800792,Slc32a1-IRES-Cre/wt;Oi1(TIT2L-jGCaMP8s-WPRE-ICL-IRES-tTA2)/wt,2025-04-06,145,Female,Mus musculus,pophys|behavior,multiplane-ophys_800792_2025-08-29_13-40-16,25,2025-08-29,13:40:16.012288,14:42:52.329478,MESO.2,disc,VISp,8,38|86|116|160|196|240|268|300,38,300,4,10.63,40349,591,550,48,90,,1093.0,,drifting_gratings_contrast|drifting_gratings_TF|spontaneous,drifting_gratings_TF|drifting_gratings_contrast,derived,v1,50,True,True,2026-08-19
Learning mFISH-V1omFISH,STAGE_1,drifting_gratings,f08ef25b-88f9-4f5e-8415-ff8e906904ad,multiplane-ophys_800792_2025-11-06_11-00-52_processed_2026-08-19_00-53-54,800792,Slc32a1-IRES-Cre/wt;Oi1(TIT2L-jGCaMP8s-WPRE-ICL-IRES-tTA2)/wt,2025-04-06,214,Female,Mus musculus,pophys|behavior,multiplane-ophys_800792_2025-11-06_11-00-52,26,2025-11-06,11:00:52.368687,12:03:28.486197,MESO.2,disc,VISp,2,155|300,155,300,1,42.52,161392,158,151,75,83,,1092.0,,drifting_gratings_contrast|drifting_gratings_TF|spontaneous,drifting_gratings_TF|drifting_gratings_contrast,derived,v1,14,True,True,2026-08-19
Learning mFISH-V1omFISH,STAGE_1,drifting_gratings,77716495-8457-42e3-8bd7-327a4f6cc706,multiplane-ophys_800792_2025-11-07_11-04-07_processed_2026-08-19_00-53-56,800792,Slc32a1-IRES-Cre/wt;Oi1(TIT2L-jGCaMP8s-WPRE-ICL-IRES-tTA2)/wt,2025-04-06,215,Female,Mus musculus,pophys|behavior,multiplane-ophys_800792_2025-11-07_11-04-07,27,2025-11-07,11:04:07.999436,12:06:44.115526,MESO.2,disc,VISp,2,164|306,164,306,1,42.52,161396,169,157,77,92,,1092.0,,drifting_gratings_contrast|drifting_gratings_TF|spontaneous,drifting_gratings_TF|drifting_gratings_contrast,derived,v1,14,True,True,2026-08-19
Learning mFISH-V1omFISH,STAGE_1,drifting_gratings,205a831d-1057-45d5-85d3-95c253e2fcd4,multiplane-ophys_800792_2025-11-11_09-26-07_processed_2026-08-19_00-53-56,800792,Slc32a1-IRES-Cre/wt;Oi1(TIT2L-jGCaMP8s-WPRE-ICL-IRES-tTA2)/wt,2025-04-06,219,Female,Mus musculus,pophys|behavior,multiplane-ophys_800792_2025-11-11_09-26-07,28,2025-11-11,09:26:07.893618,10:28:44.011298,MESO.2,disc,VISp,2,89|337,89,337,1,42.52,161397,149,131,67,82,,1093.0,,drifting_gratings_contrast|drifting_gratings_TF|spontaneous,drifting_gratings_TF|drifting_gratings_contrast,derived,v1,14,True,True,2026-08-19
Learning mFISH-V1omFISH,STAGE_1,drifting_gratings,0522c818-3446-4203-87a2-2ac4f0fd3b26,multiplane-ophys_800792_2025-11-17_11-16-34_processed_2026-08-19_00-54-00,800792,Slc32a1-IRES-Cre/wt;Oi1(TIT2L-jGCaMP8s-WPRE-ICL-IRES-tTA2)/wt,2025-04-06,225,Female,Mus musculus,pophys|behavior,multiplane-ophys_800792_2025-11-17_11-16-34,29,2025-11-17,11:16:34.705982,12:19:10.822782,MESO.2,disc,VISp,2,90|330,90,330,1,42.52,161397,143,130,71,72,,1094.0,,drifting_gratings_contrast|drifting_gratings_TF|spontaneous,drifting_gratings_TF|drifting_gratings_contrast,derived,v1,14,True,True,2026-08-19
LearningmFISHTask1A,TRAINING_0_gratings_autorewards_15min,static_gratings,e4ffbf4a-156e-4c9c-ad22-221541dae52a,multiplane-ophys_800995_2025-08-05_13-25-58_processed_2026-08-19_00-54-24,800995,Slc32a1-IRES-Cre/wt;Oi1(TIT2L-jGCaMP8s-WPRE-ICL-IRES-tTA2)/wt,2025-04-07,120,Female,Mus musculus,pophys|behavior,multiplane-ophys_800995_2025-08-05_13-25-58,1,2025-08-05,13:25:58.661714,13:41:46.348784,MESO.2,disc,VISp,8,32|92|120|164|200|232|272|322,32,322,4,10.63,10181,568,526,50,100,,119.0,118.0,spontaneous,gratings_0|gratings_180|gratings_270|gratings_90,derived,v1,50,True,True,2026-08-19
LearningmFISHTask1A,TRAINING_1_gratings,static_gratings,dc34f5cc-3c96-41d3-8aa6-00716eba59ca,multiplane-ophys_800995_2025-08-07_12-29-04_processed_2026-08-19_00-56-29,800995,Slc32a1-IRES-Cre/wt;Oi1(TIT2L-jGCaMP8s-WPRE-ICL-IRES-tTA2)/wt,2025-04-07,122,Female,Mus musculus,pophys|behavior,multiplane-ophys_800995_2025-08-07_12-29-04,2,2025-08-07,12:29:04.018771,13:29:49.945721,MESO.2,disc,VISp,8,36|92|122|168|204|232|272|300,36,300,4,10.63,39167,575,526,51,95,,330.0,639.0,spontaneous|change_detection,gratings_0|gratings_180|gratings_270|gratings_90,derived,v1,50,True,True,2026-08-19
Learning mFISH-V1omFISH,TRAINING_1_gratings,static_gratings,1b46981c-228d-4a90-98f8-b7c5fbda54ff,multiplane-ophys_800995_2025-08-08_12-49-42_processed_2026-08-19_00-56-19,800995,Slc32a1-IRES-Cre/wt;Oi1(TIT2L-jGCaMP8s-WPRE-ICL-IRES-tTA2)/wt,2025-04-07,123,Female,Mus musculus,pophys|behavior,multiplane-ophys_800995_2025-08-08_12-49-42,3,2025-08-08,12:49:42.427619,13:50:27.387499,MESO.2,disc,VISp,8,28|92|122|164|198|234|270|314,28,314,4,10.63,39157,532,488,52,89,,198.0,1314.0,spontaneous|change_detection,gratings_0|gratings_180|gratings_270|gratings_90,derived,v1,50,True,True,2026-08-19
LearningmFISHTask1A,TRAINING_1_gratings,static_gratings,bd88d1c5-dc31-4190-af1c-8adc68b9a263,multiplane-ophys_800995_2025-08-11_11-02-36_processed_2026-08-19_00-56-16,800995,Slc32a1-IRES-Cre/wt;Oi1(TIT2L-jGCaMP8s-WPRE-ICL-IRES-tTA2)/wt,2025-04-07,126,Female,Mus musculus,pophys|behavior,multiplane-ophys_800995_2025-08-11_11-02-36,4,2025-08-11,11:02:36.216625,12:03:17.789405,MESO.2,disc,VISp,8,30|92|120|160|192|224|272|308,30,308,4,10.63,39121,562,523,54,88,,90.0,1631.0,spontaneous|change_detection,gratings_0|gratings_180|gratings_270|gratings_90,derived,v1,50,True,True,2026-08-19
LearningmFISHTask1A,TRAINING_2_gratings_flashed,flashed_gratings,fdd22281-c0e5-4735-8045-730d0237b733,multiplane-ophys_800995_2025-08-12_10-33-26_processed_2026-08-19_00-56-36,800995,Slc32a1-IRES-Cre/wt;Oi1(TIT2L-jGCaMP8s-WPRE-ICL-IRES-tTA2)/wt,2025-04-07,127,Female,Mus musculus,pophys|behavior,multiplane-ophys_800995_2025-08-12_10-33-26,5,2025-08-12,10:33:26.848866,11:34:10.824336,MESO.2,disc,VISp,8,20|82|108|156|196|228|260|308,20,308,4,10.63,39147,631,580,57,99,,4801.0,1399.0,spontaneous|change_detection,gratings_0|gratings_180|gratings_270|gratings_90,derived,v1,50,True,True,2026-08-19
LearningmFISHTask1A,TRAINING_3_images_A_10uL_reward,flashed_images,717bcd20-832e-4524-aedc-504a5be9e26e,multiplane-ophys_800995_2025-08-13_10-35-25_processed_2026-08-19_00-57-26,800995,Slc32a1-IRES-Cre/wt;Oi1(TIT2L-jGCaMP8s-WPRE-ICL-IRES-tTA2)/wt,2025-04-07,128,Female,Mus musculus,pophys|behavior,multiplane-ophys_800995_2025-08-13_10-35-25,6,2025-08-13,10:35:25.380580,11:36:08.454750,MESO.2,disc,VISp,8,28|90|118|160|202|234|270|322,28,322,4,10.63,39137,548,522,49,85,A,4800.0,1059.0,spontaneous|change_detection,im061|im062|im063|im065|im066|im069|im077|im085,derived,v1,42,True,True,2026-08-19
Learning mFISH-V1omFISH,TRAINING_3_images_A_10uL_reward,flashed_images,d2ef84cd-0fe9-4a19-b4c4-eaf5469f6532,multiplane-ophys_800995_2025-08-14_12-22-10_processed_2026-08-19_00-57-29,800995,Slc32a1-IRES-Cre/wt;Oi1(TIT2L-jGCaMP8s-WPRE-ICL-IRES-tTA2)/wt,2025-04-07,129,Female,Mus musculus,pophys|behavior,multiplane-ophys_800995_2025-08-14_12-22-10,7,2025-08-14,12:22:10.559226,13:22:51.831296,MESO.2,disc,VISp,8,28|94|116|160|202|228|274|314,28,314,4,10.63,39118,571,539,54,85,A,4797.0,1027.0,spontaneous|change_detection,im061|im062|im063|im065|im066|im069|im077|im085,derived,v1,50,True,True,2026-08-19
LearningmFISHTask1A,TRAINING_3_images_A_10uL_reward,flashed_images,1332631a-ad7e-4860-a284-c2ca3a8c5e80,multiplane-ophys_800995_2025-08-15_12-44-14_processed_2026-08-19_00-57-33,800995,Slc32a1-IRES-Cre/wt;Oi1(TIT2L-jGCaMP8s-WPRE-ICL-IRES-tTA2)/wt,2025-04-07,130,Female,Mus musculus,pophys|behavior,multiplane-ophys_800995_2025-08-15_12-44-14,8,2025-08-15,12:44:14.025917,13:44:55.732167,MESO.2,disc,VISp,8,32|92|120|164|200|232|270|316,32,316,4,10.63,39122,553,511,56,86,A,4798.0,1019.0,spontaneous|change_detection,im061|im062|im063|im065|im066|im069|im077|im085,derived,v1,50,True,True,2026-08-19
LearningmFISHTask1A,TRAINING_4_images_A_training,flashed_images,9efbbbd0-2412-4a4e-a65f-8fa8b479a6b3,multiplane-ophys_800995_2025-08-18_12-03-27_processed_2026-08-19_00-58-04,800995,Slc32a1-IRES-Cre/wt;Oi1(TIT2L-jGCaMP8s-WPRE-ICL-IRES-tTA2)/wt,2025-04-07,133,Female,Mus musculus,pophys|behavior,multiplane-ophys_800995_2025-08-18_12-03-27,9,2025-08-18,12:03:27.270635,13:04:11.911795,MESO.2,disc,VISp,8,26|92|110|158|196|228|268|316,26,316,4,10.63,39155,686,644,60,111,A,4802.0,457.0,spontaneous|change_detection,im061|im062|im063|im065|im066|im069|im077|im085,derived,v1,50,True,True,2026-08-19
Learning mFISH-V1omFISH,TRAINING_5_images_A_epilogue,flashed_images,e8c4722b-6526-497b-8cee-732eed94acec,multiplane-ophys_800995_2025-08-19_10-54-26_processed_2026-08-19_00-57-53,800995,Slc32a1-IRES-Cre/wt;Oi1(TIT2L-jGCaMP8s-WPRE-ICL-IRES-tTA2)/wt,2025-04-07,134,Female,Mus musculus,pophys|behavior,multiplane-ophys_800995_2025-08-19_10-54-26,10,2025-08-19,10:54:26.087482,12:09:27.774502,MESO.2,disc,VISp,8,26|90|110|158|198|228|264|316,26,316,4,10.63,48360,561,531,51,88,A,4797.0,558.0,spontaneous|change_detection|natural_movie_one,im061|im062|im063|im065|im066|im069|im077|im085,derived,v1,50,True,True,2026-08-19
Learning mFISH-V1omFISH,TRAINING_5_images_A_handoff_ready,flashed_images,55252338-56de-4c65-92f9-9f6596b41f0d,multiplane-ophys_800995_2025-08-20_12-33-49_processed_2026-08-19_00-57-56,800995,Slc32a1-IRES-Cre/wt;Oi1(TIT2L-jGCaMP8s-WPRE-ICL-IRES-tTA2)/wt,2025-04-07,135,Female,Mus musculus,pophys|behavior,multiplane-ophys_800995_2025-08-20_12-33-49,11,2025-08-20,12:33:49.286524,13:48:51.524154,MESO.2,disc,VISp,8,32|92|118|152|198|228|268|312,32,312,4,10.63,48366,553,520,56,86,A,4798.0,578.0,spontaneous|change_detection|natural_movie_one,im061|im062|im063|im065|im066|im069|im077|im085,derived,v1,50,True,True,2026-08-19
Learning mFISH-V1omFISH,OPHYS_1_images_A,familiar_images,1d5ecc66-afea-4b47-9504-d931b8903ae9,multiplane-ophys_800995_2025-08-21_12-22-40_processed_2026-08-19_00-57-55,800995,Slc32a1-IRES-Cre/wt;Oi1(TIT2L-jGCaMP8s-WPRE-ICL-IRES-tTA2)/wt,2025-04-07,136,Female,Mus musculus,pophys|behavior,multiplane-ophys_800995_2025-08-21_12-22-40,12,2025-08-21,12:22:40.918319,13:37:43.472569,MESO.2,disc,VISp,8,26|88|118|156|196|228|268|314,26,314,4,10.63,48370,582,537,59,100,A,4798.0,606.0,spontaneous|change_detection|natural_movie_one,im061|im062|im063|im065|im066|im069|im077|im085|omitted,derived,v1,50,True,True,2026-08-19
Learning mFISH-V1omFISH,OPHYS_1_images_A,familiar_images,e2c9e784-2f20-44f8-9479-8d09d957b991,multiplane-ophys_800995_2025-08-22_12-35-43_processed_2026-08-19_00-58-52,800995,Slc32a1-IRES-Cre/wt;Oi1(TIT2L-jGCaMP8s-WPRE-ICL-IRES-tTA2)/wt,2025-04-07,137,Female,Mus musculus,pophys|behavior,multiplane-ophys_800995_2025-08-22_12-35-43,13,2025-08-22,12:35:43.551898,13:50:49.809258,MESO.2,disc,VISp,8,22|88|112|156|194|224|260|312,22,312,4,10.63,48410,555,514,52,88,A,4803.0,501.0,spontaneous|change_detection|natural_movie_one,im061|im062|im063|im065|im066|im069|im077|im085|omitted,derived,v1,50,True,True,2026-08-19
Learning mFISH-V1omFISH,OPHYS_4_images_B,novel_images,1f5da51e-d5d3-409a-a88f-46968ae4cad6,multiplane-ophys_800995_2025-08-25_10-49-46_processed_2026-08-19_00-59-06,800995,Slc32a1-IRES-Cre/wt;Oi1(TIT2L-jGCaMP8s-WPRE-ICL-IRES-tTA2)/wt,2025-04-07,140,Female,Mus musculus,pophys|behavior,multiplane-ophys_800995_2025-08-25_10-49-46,14,2025-08-25,10:49:46.280048,12:04:51.553178,MESO.2,disc,VISp,8,28|90|120|158|194|226|266|316,28,316,4,10.63,48399,561,534,53,95,B,4802.0,731.0,spontaneous|change_detection|natural_movie_one,im000|im031|im035|im045|im054|im073|im075|im106|omitted,derived,v1,50,True,True,2026-08-19
Learning mFISH-V1omFISH,OPHYS_4_images_B,novel_images,5559c0aa-c510-467e-bf0a-f672735bc28e,multiplane-ophys_800995_2025-08-26_10-28-40_processed_2026-08-19_00-59-08,800995,Slc32a1-IRES-Cre/wt;Oi1(TIT2L-jGCaMP8s-WPRE-ICL-IRES-tTA2)/wt,2025-04-07,141,Female,Mus musculus,pophys|behavior,multiplane-ophys_800995_2025-08-26_10-28-40,15,2025-08-26,10:28:40.056012,11:43:41.876682,MESO.2,disc,VISp,8,26|86|116|158|198|226|262|306,26,306,4,10.63,48363,598,564,61,97,B,4797.0,558.0,spontaneous|change_detection|natural_movie_one,im000|im031|im035|im045|im054|im073|im075|im106|omitted,derived,v1,50,True,True,2026-08-19
Learning mFISH-V1omFISH,OPHYS_6_images_B,novel_extinction,b40f5810-665e-44a3-bb3e-de311101415f,multiplane-ophys_800995_2025-08-27_12-22-08_processed_2026-08-19_00-59-15,800995,Slc32a1-IRES-Cre/wt;Oi1(TIT2L-jGCaMP8s-WPRE-ICL-IRES-tTA2)/wt,2025-04-07,142,Female,Mus musculus,pophys|behavior,multiplane-ophys_800995_2025-08-27_12-22-08,16,2025-08-27,12:22:08.004108,13:37:16.313548,MESO.2,disc,VISp,8,20|82|110|152|194|224|262|312,20,312,4,10.63,48427,605,566,51,105,B,4806.0,466.0,spontaneous|change_detection|natural_movie_one,im000|im031|im035|im045|im054|im073|im075|im106|omitted,derived,v1,50,True,True,2026-08-19
Learning mFISH-V1omFISH,OPHYS_6_images_B,novel_extinction,3af4bdd0-ce94-4fcf-962e-30cafe7b230e,multiplane-ophys_800995_2025-08-29_11-18-22_processed_2026-08-19_00-59-18,800995,Slc32a1-IRES-Cre/wt;Oi1(TIT2L-jGCaMP8s-WPRE-ICL-IRES-tTA2)/wt,2025-04-07,144,Female,Mus musculus,pophys|behavior,multiplane-ophys_800995_2025-08-29_11-18-22,17,2025-08-29,11:18:22.930496,12:33:25.267306,MESO.2,disc,VISp,8,28|86|110|158|196|224|258|310,28,310,4,10.63,48365,618,570,60,96,B,4799.0,440.0,spontaneous|change_detection|natural_movie_one,im000|im031|im035|im045|im054|im073|im075|im106|omitted,derived,v1,42,True,True,2026-08-19
LearningmFISHTask1A,OPHYS_6_images_B,novel_extinction,82d96b3e-a3c1-40b3-b413-5ca7f3a08d4e,multiplane-ophys_800995_2025-09-05_12-12-27_processed_2026-08-19_01-00-04,800995,Slc32a1-IRES-Cre/wt;Oi1(TIT2L-jGCaMP8s-WPRE-ICL-IRES-tTA2)/wt,2025-04-07,151,Female,Mus musculus,pophys|behavior,multiplane-ophys_800995_2025-09-05_12-12-27,18,2025-09-05,12:12:27.755346,13:27:33.812596,MESO.2,disc,VISp,8,40|100|130|175|210|235|280|330,40,330,4,10.63,48402,548,502,50,92,B,4803.0,410.0,spontaneous|change_detection|natural_movie_one,im000|im031|im035|im045|im054|im073|im075|im106|omitted,derived,v1,50,True,True,2026-08-19
Learning mFISH-V1omFISH,STAGE_0,natural_movies,916702ac-95bb-43df-8e47-0b6fd7b6e429,multiplane-ophys_800995_2025-09-15_12-16-41_processed_2026-08-19_01-00-17,800995,Slc32a1-IRES-Cre/wt;Oi1(TIT2L-jGCaMP8s-WPRE-ICL-IRES-tTA2)/wt,2025-04-07,161,Female,Mus musculus,pophys|behavior,multiplane-ophys_800995_2025-09-15_12-16-41,19,2025-09-15,12:16:41.959735,13:33:19.808935,MESO.2,disc,VISp,8,35|98|132|179|223|250|294|348,35,348,4,10.63,49390,621,577,62,98,,137370.0,,ds_warped_15_Session_0_00|ds_warped_15_Session_0_01|ds_warped_15_Session_0_02|ds_warped_15_Session_0_03|ds_warped_15_Session_0_04|ds_warped_15_Session_0_05|ds_warped_15_Session_0_06|ds_warped_15_Session_0_07|ds_warped_15_Session_0_08|ds_warped_15_Session_0_09|ds_warped_15_Session_0_10|ds_warped_15_Session_0_11|ds_warped_15_Session_0_12|ds_warped_15_Session_0_13|ds_warped_15_Session_0_14|ds_warped_15_Session_0_15|ds_warped_15_Session_0_16|ds_warped_15_Session_0_17|ds_warped_15_Session_0_18|ds_warped_15_Session_0_19|ds_warped_15_Session_0_20|ds_warped_15_Session_0_21|ds_warped_15_Session_0_22|ds_warped_15_Session_0_23|ds_warped_15_Session_0_24|ds_warped_15_Session_0_25|ds_warped_15_Session_0_26|ds_warped_15_Session_0_27|ds_warped_15_Session_test_0_0|ds_warped_15_Session_0_28|ds_warped_15_Session_0_29|ds_warped_15_Session_0_30|ds_warped_15_Session_0_31|ds_warped_15_Session_0_32|ds_warped_15_Session_0_33|ds_warped_15_Session_0_34|ds_warped_15_Session_0_35|ds_warped_15_Session_0_36|ds_warped_15_Session_0_37|ds_warped_15_Session_0_38|ds_warped_15_Session_0_39|ds_warped_15_Session_0_40|ds_warped_15_Session_0_41|ds_warped_15_Session_0_42|ds_warped_15_Session_0_43|ds_warped_15_Session_0_44|ds_warped_15_Session_0_45|ds_warped_15_Session_0_46|ds_warped_15_Session_0_47|ds_warped_15_Session_0_48|ds_warped_15_Session_0_49|ds_warped_15_Session_0_50|ds_warped_15_Session_0_51|ds_warped_15_Session_0_52|ds_warped_15_Session_0_53|ds_warped_15_Session_0_54,ds_warped_15_Session_0_00|ds_warped_15_Session_0_01|ds_warped_15_Session_0_02|ds_warped_15_Session_0_03|ds_warped_15_Session_0_04|ds_warped_15_Session_0_05|ds_warped_15_Session_0_06|ds_warped_15_Session_0_07|ds_warped_15_Session_0_08|ds_warped_15_Session_0_09|ds_warped_15_Session_0_10|ds_warped_15_Session_0_11|ds_warped_15_Session_0_12|ds_warped_15_Session_0_13|ds_warped_15_Session_0_14|ds_warped_15_Session_0_15|ds_warped_15_Session_0_16|ds_warped_15_Session_0_17|ds_warped_15_Session_0_18|ds_warped_15_Session_0_19|ds_warped_15_Session_0_20|ds_warped_15_Session_0_21|ds_warped_15_Session_0_22|ds_warped_15_Session_0_23|ds_warped_15_Session_0_24|ds_warped_15_Session_0_25|ds_warped_15_Session_0_26|ds_warped_15_Session_0_27|ds_warped_15_Session_0_28|ds_warped_15_Session_0_29|ds_warped_15_Session_0_30|ds_warped_15_Session_0_31|ds_warped_15_Session_0_32|ds_warped_15_Session_0_33|ds_warped_15_Session_0_34|ds_warped_15_Session_0_35|ds_warped_15_Session_0_36|ds_warped_15_Session_0_37|ds_warped_15_Session_0_38|ds_warped_15_Session_0_39|ds_warped_15_Session_0_40|ds_warped_15_Session_0_41|ds_warped_15_Session_0_42|ds_warped_15_Session_0_43|ds_warped_15_Session_0_44|ds_warped_15_Session_0_45|ds_warped_15_Session_0_46|ds_warped_15_Session_0_47|ds_warped_15_Session_0_48|ds_warped_15_Session_0_49|ds_warped_15_Session_0_50|ds_warped_15_Session_0_51|ds_warped_15_Session_0_52|ds_warped_15_Session_0_53|ds_warped_15_Session_0_54|ds_warped_15_Session_test_0_0,derived,v1,50,True,True,2026-08-19
Learning mFISH-V1omFISH,STAGE_1,drifting_gratings,b2fe7e12-0c35-49c5-bb5a-e740f8e2aa32,multiplane-ophys_800995_2025-09-16_12-04-50_processed_2026-08-19_00-59-21,800995,Slc32a1-IRES-Cre/wt;Oi1(TIT2L-jGCaMP8s-WPRE-ICL-IRES-tTA2)/wt,2025-04-07,162,Female,Mus musculus,pophys|behavior,multiplane-ophys_800995_2025-09-16_12-04-50,20,2025-09-16,12:04:50.422560,13:07:26.539680,MESO.2,disc,VISp,8,29|92|127|175|225|252|294|348,29,348,4,10.63,40350,520,487,50,84,,1091.0,,drifting_gratings_contrast|drifting_gratings_TF|spontaneous,drifting_gratings_TF|drifting_gratings_contrast,derived,v1,50,True,True,2026-08-19
Learning mFISH-V1omFISH,STAGE_1,drifting_gratings,6c6f38ed-e7e9-4593-ac43-067fbc31f258,multiplane-ophys_800995_2025-09-17_14-17-38_processed_2026-08-19_01-00-30,800995,Slc32a1-IRES-Cre/wt;Oi1(TIT2L-jGCaMP8s-WPRE-ICL-IRES-tTA2)/wt,2025-04-07,163,Female,Mus musculus,pophys|behavior,multiplane-ophys_800995_2025-09-17_14-17-38,21,2025-09-17,14:17:38.854584,15:20:14.972244,MESO.2,disc,VISp,8,32|95|129|179|220|246|289|344,32,344,4,10.63,40349,540,505,51,83,,1091.0,,drifting_gratings_contrast|drifting_gratings_TF|spontaneous,drifting_gratings_TF|drifting_gratings_contrast,derived,v1,50,True,True,2026-08-19
Learning mFISH-V1omFISH,STAGE_1,drifting_gratings,ff6b6d95-71cd-4376-88bf-1ae437e81a18,multiplane-ophys_800995_2025-09-18_11-59-49_processed_2026-08-19_01-00-45,800995,Slc32a1-IRES-Cre/wt;Oi1(TIT2L-jGCaMP8s-WPRE-ICL-IRES-tTA2)/wt,2025-04-07,164,Female,Mus musculus,pophys|behavior,multiplane-ophys_800995_2025-09-18_11-59-49,22,2025-09-18,11:59:49.412938,13:02:25.597228,MESO.2,disc,VISp,8,41|104|139|188|232|257|302|354,41,354,4,10.63,40349,593,546,54,91,,1094.0,,drifting_gratings_contrast|drifting_gratings_TF|spontaneous,drifting_gratings_TF|drifting_gratings_contrast,derived,v1,50,True,True,2026-08-19
OpenScope,CENTER_MOUSEMOTION,,d0d6d3ce-9fe9-4998-8536-ffcca77af422,multiplane-ophys_800995_2025-09-19_12-11-04_processed_2026-08-19_01-01-02,800995,Slc32a1-IRES-Cre/wt;Oi1(TIT2L-jGCaMP8s-WPRE-ICL-IRES-tTA2)/wt,2025-04-07,165,Female,Mus musculus,pophys|behavior,multiplane-ophys_800995_2025-09-19_12-11-04,23,2025-09-19,12:11:04.592895,13:19:56.005195,MESO.2,disc,VISp,8,35|100|130|185|225|255|295|345,35,345,4,10.63,44380,572,543,50,89,,2942.0,,receptive_field_block|spontaneous|drifting_gratings_field_block|homogeneous_background|stim_003,drifting_gratings_field_block|homogeneous_background|receptive_field_block,derived,v1,50,True,True,2026-08-19
Learning mFISH-V1omFISH,STAGE_1,drifting_gratings,337b64e3-cc61-4d21-989c-8967a6ae74ba,multiplane-ophys_800995_2025-11-10_13-12-51_processed_2026-08-19_00-59-12,800995,Slc32a1-IRES-Cre/wt;Oi1(TIT2L-jGCaMP8s-WPRE-ICL-IRES-tTA2)/wt,2025-04-07,217,Female,Mus musculus,pophys|behavior,multiplane-ophys_800995_2025-11-10_13-12-51,24,2025-11-10,13:12:51.019428,14:15:27.136908,MESO.2,disc,VISp,2,185|305,185,305,1,42.52,161389,120,115,59,61,,1091.0,,drifting_gratings_contrast|drifting_gratings_TF|spontaneous,drifting_gratings_TF|drifting_gratings_contrast,derived,v1,14,True,True,2026-08-19
Learning mFISH-V1omFISH,STAGE_1,drifting_gratings,e8a32ae4-5035-4e24-9fdf-1c3fce1553de,multiplane-ophys_800995_2025-11-12_12-30-02_processed_2026-08-19_00-59-22,800995,Slc32a1-IRES-Cre/wt;Oi1(TIT2L-jGCaMP8s-WPRE-ICL-IRES-tTA2)/wt,2025-04-07,219,Female,Mus musculus,pophys|behavior,multiplane-ophys_800995_2025-11-12_12-30-02,25,2025-11-12,12:30:02.844906,13:32:38.961956,MESO.2,disc,VISp,2,180|305,180,305,1,42.52,161403,129,113,63,66,,1090.0,,drifting_gratings_contrast|drifting_gratings_TF|spontaneous,drifting_gratings_TF|drifting_gratings_contrast,derived,v1,14,True,True,2026-08-19
Learning mFISH-V1omFISH,STAGE_1,drifting_gratings,e09267a1-8bf9-4846-9fd2-f17d9f9f57b3,multiplane-ophys_800995_2025-11-13_10-16-12_processed_2026-08-19_01-00-17,800995,Slc32a1-IRES-Cre/wt;Oi1(TIT2L-jGCaMP8s-WPRE-ICL-IRES-tTA2)/wt,2025-04-07,220,Female,Mus musculus,pophys|behavior,multiplane-ophys_800995_2025-11-13_10-16-12,26,2025-11-13,10:16:12.009860,11:18:48.127320,MESO.2,disc,VISp,2,75|355,75,355,1,42.52,161387,120,108,58,62,,1092.0,,drifting_gratings_contrast|drifting_gratings_TF|spontaneous,drifting_gratings_TF|drifting_gratings_contrast,derived,v1,14,True,True,2026-08-19
Learning mFISH-V1omFISH,STAGE_1,drifting_gratings,20070fd8-961c-4947-b183-b4dd5c2b6f04,multiplane-ophys_800995_2025-11-14_10-36-31_processed_2026-08-19_01-00-27,800995,Slc32a1-IRES-Cre/wt;Oi1(TIT2L-jGCaMP8s-WPRE-ICL-IRES-tTA2)/wt,2025-04-07,221,Female,Mus musculus,pophys|behavior,multiplane-ophys_800995_2025-11-14_10-36-31,27,2025-11-14,10:36:31.180796,11:39:07.298176,MESO.2,disc,VISp,2,83|371,83,371,1,42.51,161388,149,145,69,80,,1096.0,,drifting_gratings_contrast|drifting_gratings_TF|spontaneous,drifting_gratings_TF|drifting_gratings_contrast,derived,v1,14,True,True,2026-08-19
LearningmFISHTask1A,TRAINING_0_gratings_autorewards_15min,static_gratings,a2c9e6f1-0967-4adf-b4aa-23bb8b9de9f4,multiplane-ophys_804363_2025-08-12_13-01-00_processed_2026-08-19_01-00-55,804363,Slc32a1-IRES-Cre/wt;Oi1(TIT2L-jGCaMP8s-WPRE-ICL-IRES-tTA2)/wt,2025-04-27,107,Female,Mus musculus,pophys|behavior,multiplane-ophys_804363_2025-08-12_13-01-00,1,2025-08-12,13:01:00.094467,13:16:41.123217,MESO.1,disc,VISp,8,40|80|120|160|200|240|280|320,40,320,4,9.48,8921,641,587,65,104,,119.0,118.0,spontaneous,gratings_0|gratings_180|gratings_270|gratings_90,derived,v1,50,True,True,2026-08-19
LearningmFISHTask1A,TRAINING_1_gratings,static_gratings,d5a5135b-e5df-4fd7-9b14-2fb813a82f73,multiplane-ophys_804363_2025-08-13_14-32-41_processed_2026-08-19_01-01-46,804363,Slc32a1-IRES-Cre/wt;Oi1(TIT2L-jGCaMP8s-WPRE-ICL-IRES-tTA2)/wt,2025-04-27,108,Female,Mus musculus,pophys|behavior,multiplane-ophys_804363_2025-08-13_14-32-41,2,2025-08-13,14:32:41.286177,15:33:22.147377,MESO.1,disc,VISp,8,42|82|120|160|198|240|280|320,42,320,4,9.48,34515,590,536,60,95,,265.0,937.0,spontaneous|change_detection,gratings_0|gratings_180|gratings_270|gratings_90,derived,v1,50,True,True,2026-08-19
LearningmFISHTask1A,TRAINING_1_gratings,static_gratings,34a7af1b-fab3-4598-b6df-a9b65e35a19e,multiplane-ophys_804363_2025-08-14_14-24-15_processed_2026-08-19_01-01-49,804363,Slc32a1-IRES-Cre/wt;Oi1(TIT2L-jGCaMP8s-WPRE-ICL-IRES-tTA2)/wt,2025-04-27,109,Female,Mus musculus,pophys|behavior,multiplane-ophys_804363_2025-08-14_14-24-15,3,2025-08-14,14:24:15.359752,15:25:00.758732,MESO.1,disc,VISp,8,40|82|120|160|200|240|280|320,40,320,4,9.48,34559,610,555,65,87,,319.0,669.0,spontaneous|change_detection,gratings_0|gratings_180|gratings_270|gratings_90,derived,v1,50,True,True,2026-08-19
Learning mFISH-V1omFISH,TRAINING_2_gratings_flashed,flashed_gratings,1e73559c-2ee2-4b47-a3b0-a17cbb65d3c1,multiplane-ophys_804363_2025-08-15_13-19-14_processed_2026-08-19_01-01-50,804363,Slc32a1-IRES-Cre/wt;Oi1(TIT2L-jGCaMP8s-WPRE-ICL-IRES-tTA2)/wt,2025-04-27,110,Female,Mus musculus,pophys|behavior,multiplane-ophys_804363_2025-08-15_13-19-14,4,2025-08-15,13:19:14.438293,14:19:59.887133,MESO.1,disc,VISp,8,36|78|120|160|200|240|278|316,36,316,4,9.48,34557,624,571,68,85,,4803.0,685.0,spontaneous|change_detection,gratings_0|gratings_180|gratings_270|gratings_90,derived,v1,50,True,True,2026-08-19
LearningmFISHTask1A,TRAINING_3_images_A_10uL_reward,flashed_images,ac749fbc-ed34-4f9a-a7f7-d48f01e6da30,multiplane-ophys_804363_2025-08-18_11-40-56_processed_2026-08-19_01-02-01,804363,Slc32a1-IRES-Cre/wt;Oi1(TIT2L-jGCaMP8s-WPRE-ICL-IRES-tTA2)/wt,2025-04-27,113,Female,Mus musculus,pophys|behavior,multiplane-ophys_804363_2025-08-18_11-40-56,5,2025-08-18,11:40:56.230739,12:41:36.392009,MESO.1,disc,VISp,8,40|80|120|160|200|238|278|314,40,314,4,9.48,34512,626,573,68,94,A,4796.0,600.0,spontaneous|change_detection,im061|im062|im063|im065|im066|im069|im077|im085,derived,v1,50,True,True,2026-08-19
LearningmFISHTask1A,TRAINING_3_images_A_10uL_reward,flashed_images,51a255c2-17f8-46f0-ad21-55246c4fa1a8,multiplane-ophys_804363_2025-08-19_11-46-48_processed_2026-08-19_01-03-05,804363,Slc32a1-IRES-Cre/wt;Oi1(TIT2L-jGCaMP8s-WPRE-ICL-IRES-tTA2)/wt,2025-04-27,114,Female,Mus musculus,pophys|behavior,multiplane-ophys_804363_2025-08-19_11-46-48,6,2025-08-19,11:46:48.155537,12:47:31.369027,MESO.1,disc,VISp,8,36|76|115|160|198|232|274|304,36,304,4,9.48,34537,609,546,61,89,A,4800.0,606.0,spontaneous|change_detection,im061|im062|im063|im065|im066|im069|im077|im085,derived,v1,42,True,True,2026-08-19
LearningmFISHTask1A,TRAINING_3_images_A_10uL_reward,flashed_images,37033826-f4d5-4a94-b7df-51c5dd8a3dcd,multiplane-ophys_804363_2025-08-20_14-57-53_processed_2026-08-19_01-02-54,804363,Slc32a1-IRES-Cre/wt;Oi1(TIT2L-jGCaMP8s-WPRE-ICL-IRES-tTA2)/wt,2025-04-27,115,Female,Mus musculus,pophys|behavior,multiplane-ophys_804363_2025-08-20_14-57-53,7,2025-08-20,14:57:53.791831,15:58:37.138431,MESO.1,disc,VISp,8,36|76|116|160|200|236|276|318,36,318,4,9.48,34534,603,554,62,89,A,4800.0,589.0,spontaneous|change_detection,im061|im062|im063|im065|im066|im069|im077|im085,derived,v1,50,True,True,2026-08-19
LearningmFISHTask1A,TRAINING_4_images_A_training,flashed_images,f5140faf-1dcd-4115-a58f-be9bf7ca1c4f,multiplane-ophys_804363_2025-08-21_14-13-43_processed_2026-08-19_01-03-00,804363,Slc32a1-IRES-Cre/wt;Oi1(TIT2L-jGCaMP8s-WPRE-ICL-IRES-tTA2)/wt,2025-04-27,116,Female,Mus musculus,pophys|behavior,multiplane-ophys_804363_2025-08-21_14-13-43,8,2025-08-21,14:13:43.088154,15:14:27.869554,MESO.1,disc,VISp,8,38|76|116|156|198|238|274|314,38,314,4,9.48,34549,597,540,61,89,A,4802.0,526.0,spontaneous|change_detection,im061|im062|im063|im065|im066|im069|im077|im085,derived,v1,42,True,True,2026-08-19
Learning mFISH-V1omFISH,TRAINING_5_images_A_epilogue,flashed_images,1b377940-c16c-451b-9551-cd0be9534f2c,multiplane-ophys_804363_2025-08-22_10-55-29_processed_2026-08-19_01-03-42,804363,Slc32a1-IRES-Cre/wt;Oi1(TIT2L-jGCaMP8s-WPRE-ICL-IRES-tTA2)/wt,2025-04-27,117,Female,Mus musculus,pophys|behavior,multiplane-ophys_804363_2025-08-22_10-55-29,9,2025-08-22,10:55:29.141443,12:10:34.417653,MESO.1,disc,VISp,8,48|80|120|160|200|240|276|318,48,318,4,9.48,42710,599,553,59,92,A,4802.0,519.0,spontaneous|change_detection|natural_movie_one,im061|im062|im063|im065|im066|im069|im077|im085,derived,v1,50,True,True,2026-08-19
Learning mFISH-V1omFISH,TRAINING_5_images_A_handoff_ready,flashed_images,e64c1331-05d7-4048-af05-eb1fedffbd15,multiplane-ophys_804363_2025-08-25_11-46-42_processed_2026-08-19_01-03-40,804363,Slc32a1-IRES-Cre/wt;Oi1(TIT2L-jGCaMP8s-WPRE-ICL-IRES-tTA2)/wt,2025-04-27,120,Female,Mus musculus,pophys|behavior,multiplane-ophys_804363_2025-08-25_11-46-42,10,2025-08-25,11:46:42.308522,13:01:46.400182,MESO.1,disc,VISp,8,44|78|115|158|198|236|276|314,44,314,4,9.48,42699,647,591,69,92,A,4800.0,535.0,spontaneous|change_detection|natural_movie_one,im061|im062|im063|im065|im066|im069|im077|im085,derived,v1,50,True,True,2026-08-19
Learning mFISH-V1omFISH,OPHYS_1_images_A,familiar_images,dfcf0f9a-14b5-41e4-96cf-b910a9993935,multiplane-ophys_804363_2025-08-26_11-28-57_processed_2026-08-19_01-03-50,804363,Slc32a1-IRES-Cre/wt;Oi1(TIT2L-jGCaMP8s-WPRE-ICL-IRES-tTA2)/wt,2025-04-27,121,Female,Mus musculus,pophys|behavior,multiplane-ophys_804363_2025-08-26_11-28-57,11,2025-08-26,11:28:57.085497,12:44:03.979797,MESO.1,disc,VISp,8,42|74|118|158|198|238|268|308,42,308,4,9.48,42724,626,572,69,93,A,4804.0,462.0,spontaneous|change_detection|natural_movie_one,im061|im062|im063|im065|im066|im069|im077|im085|omitted,derived,v1,42,True,True,2026-08-19
Learning mFISH-V1omFISH,OPHYS_1_images_A,familiar_images,4fa4e594-648f-4452-bcef-d1f36caa98c7,multiplane-ophys_804363_2025-08-28_14-46-56_processed_2026-08-19_01-04-54,804363,Slc32a1-IRES-Cre/wt;Oi1(TIT2L-jGCaMP8s-WPRE-ICL-IRES-tTA2)/wt,2025-04-27,123,Female,Mus musculus,pophys|behavior,multiplane-ophys_804363_2025-08-28_14-46-56,12,2025-08-28,14:46:56.017018,16:02:02.043948,MESO.1,disc,VISp,8,44|80|116|160|200|234|270|310,44,310,4,9.48,42714,635,587,69,97,A,4803.0,571.0,spontaneous|change_detection|natural_movie_one,im061|im062|im063|im065|im066|im069|im077|im085|omitted,derived,v1,42,True,True,2026-08-19
Learning mFISH-V1omFISH,OPHYS_4_images_B,novel_images,da07fefc-7cc1-48f1-b60f-8ac3a0ab69ef,multiplane-ophys_804363_2025-08-29_14-47-31_processed_2026-08-19_01-04-57,804363,Slc32a1-IRES-Cre/wt;Oi1(TIT2L-jGCaMP8s-WPRE-ICL-IRES-tTA2)/wt,2025-04-27,124,Female,Mus musculus,pophys|behavior,multiplane-ophys_804363_2025-08-29_14-47-31,13,2025-08-29,14:47:31.754315,16:02:37.297765,MESO.1,disc,VISp,8,40|78|118|156|196|236|268|310,40,310,4,9.48,42709,630,573,66,95,B,4802.0,526.0,spontaneous|change_detection|natural_movie_one,im000|im031|im035|im045|im054|im073|im075|im106|omitted,derived,v1,50,True,True,2026-08-19
Learning mFISH-V1omFISH,OPHYS_4_images_B,novel_images,4f5d351a-3ceb-4caa-ab8d-d38e8d0f3f78,multiplane-ophys_804363_2025-09-02_11-50-29_processed_2026-08-19_01-05-07,804363,Slc32a1-IRES-Cre/wt;Oi1(TIT2L-jGCaMP8s-WPRE-ICL-IRES-tTA2)/wt,2025-04-27,128,Female,Mus musculus,pophys|behavior,multiplane-ophys_804363_2025-09-02_11-50-29,14,2025-09-02,11:50:29.165700,13:05:36.110980,MESO.1,disc,VISp,8,42|80|116|156|198|234|270|310,42,310,4,9.48,42727,669,616,75,97,B,4804.0,495.0,spontaneous|change_detection|natural_movie_one,im000|im031|im035|im045|im054|im073|im075|im106|omitted,derived,v1,50,True,True,2026-08-19
Learning mFISH-V1omFISH,OPHYS_6_images_B,novel_extinction,773315d5-1276-4303-9f43-49964401174b,multiplane-ophys_804363_2025-09-03_14-53-32_processed_2026-08-19_01-05-02,804363,Slc32a1-IRES-Cre/wt;Oi1(TIT2L-jGCaMP8s-WPRE-ICL-IRES-tTA2)/wt,2025-04-27,129,Female,Mus musculus,pophys|behavior,multiplane-ophys_804363_2025-09-03_14-53-32,15,2025-09-03,14:53:32.529344,16:08:33.585614,MESO.1,disc,VISp,8,42|84|120|160|200|240|274|312,42,312,4,9.48,42667,645,595,63,94,B,4796.0,402.0,spontaneous|change_detection|natural_movie_one,im000|im031|im035|im045|im054|im073|im075|im106|omitted,derived,v1,50,True,True,2026-08-19
Learning mFISH-V1omFISH,OPHYS_6_images_B,novel_extinction,b0321a57-7fbb-4f71-8213-22939c18761b,multiplane-ophys_804363_2025-09-04_16-08-45_processed_2026-08-19_01-05-08,804363,Slc32a1-IRES-Cre/wt;Oi1(TIT2L-jGCaMP8s-WPRE-ICL-IRES-tTA2)/wt,2025-04-27,130,Female,Mus musculus,pophys|behavior,multiplane-ophys_804363_2025-09-04_16-08-45,16,2025-09-04,16:08:45.114554,17:23:50.624784,MESO.1,disc,VISp,8,48|80|120|160|200|238|272|314,48,314,4,9.48,42711,665,610,66,94,B,4802.0,409.0,spontaneous|change_detection|natural_movie_one,im000|im031|im035|im045|im054|im073|im075|im106|omitted,derived,v1,50,True,True,2026-08-19
Learning mFISH-V1omFISH,STAGE_0,natural_movies,ab17d63f-5d36-47be-a460-fc87614536b5,multiplane-ophys_804363_2025-09-05_13-25-33_processed_2026-08-19_01-05-09,804363,Slc32a1-IRES-Cre/wt;Oi1(TIT2L-jGCaMP8s-WPRE-ICL-IRES-tTA2)/wt,2025-04-27,131,Female,Mus musculus,pophys|behavior,multiplane-ophys_804363_2025-09-05_13-25-33,17,2025-09-05,13:25:33.172779,14:42:11.660289,MESO.1,disc,VISp,8,44|78|120|160|196|240|276|320,44,320,4,9.48,43594,668,623,75,97,,137370.0,,ds_warped_15_Session_0_00|ds_warped_15_Session_0_01|ds_warped_15_Session_0_02|ds_warped_15_Session_0_03|ds_warped_15_Session_0_04|ds_warped_15_Session_0_05|ds_warped_15_Session_0_06|ds_warped_15_Session_0_07|ds_warped_15_Session_0_08|ds_warped_15_Session_0_09|ds_warped_15_Session_0_10|ds_warped_15_Session_0_11|ds_warped_15_Session_0_12|ds_warped_15_Session_0_13|ds_warped_15_Session_0_14|ds_warped_15_Session_0_15|ds_warped_15_Session_0_16|ds_warped_15_Session_0_17|ds_warped_15_Session_0_18|ds_warped_15_Session_0_19|ds_warped_15_Session_0_20|ds_warped_15_Session_0_21|ds_warped_15_Session_0_22|ds_warped_15_Session_0_23|ds_warped_15_Session_0_24|ds_warped_15_Session_0_25|ds_warped_15_Session_0_26|ds_warped_15_Session_0_27|ds_warped_15_Session_test_0_0|ds_warped_15_Session_0_28|ds_warped_15_Session_0_29|ds_warped_15_Session_0_30|ds_warped_15_Session_0_31|ds_warped_15_Session_0_32|ds_warped_15_Session_0_33|ds_warped_15_Session_0_34|ds_warped_15_Session_0_35|ds_warped_15_Session_0_36|ds_warped_15_Session_0_37|ds_warped_15_Session_0_38|ds_warped_15_Session_0_39|ds_warped_15_Session_0_40|ds_warped_15_Session_0_41|ds_warped_15_Session_0_42|ds_warped_15_Session_0_43|ds_warped_15_Session_0_44|ds_warped_15_Session_0_45|ds_warped_15_Session_0_46|ds_warped_15_Session_0_47|ds_warped_15_Session_0_48|ds_warped_15_Session_0_49|ds_warped_15_Session_0_50|ds_warped_15_Session_0_51|ds_warped_15_Session_0_52|ds_warped_15_Session_0_53|ds_warped_15_Session_0_54,ds_warped_15_Session_0_00|ds_warped_15_Session_0_01|ds_warped_15_Session_0_02|ds_warped_15_Session_0_03|ds_warped_15_Session_0_04|ds_warped_15_Session_0_05|ds_warped_15_Session_0_06|ds_warped_15_Session_0_07|ds_warped_15_Session_0_08|ds_warped_15_Session_0_09|ds_warped_15_Session_0_10|ds_warped_15_Session_0_11|ds_warped_15_Session_0_12|ds_warped_15_Session_0_13|ds_warped_15_Session_0_14|ds_warped_15_Session_0_15|ds_warped_15_Session_0_16|ds_warped_15_Session_0_17|ds_warped_15_Session_0_18|ds_warped_15_Session_0_19|ds_warped_15_Session_0_20|ds_warped_15_Session_0_21|ds_warped_15_Session_0_22|ds_warped_15_Session_0_23|ds_warped_15_Session_0_24|ds_warped_15_Session_0_25|ds_warped_15_Session_0_26|ds_warped_15_Session_0_27|ds_warped_15_Session_0_28|ds_warped_15_Session_0_29|ds_warped_15_Session_0_30|ds_warped_15_Session_0_31|ds_warped_15_Session_0_32|ds_warped_15_Session_0_33|ds_warped_15_Session_0_34|ds_warped_15_Session_0_35|ds_warped_15_Session_0_36|ds_warped_15_Session_0_37|ds_warped_15_Session_0_38|ds_warped_15_Session_0_39|ds_warped_15_Session_0_40|ds_warped_15_Session_0_41|ds_warped_15_Session_0_42|ds_warped_15_Session_0_43|ds_warped_15_Session_0_44|ds_warped_15_Session_0_45|ds_warped_15_Session_0_46|ds_warped_15_Session_0_47|ds_warped_15_Session_0_48|ds_warped_15_Session_0_49|ds_warped_15_Session_0_50|ds_warped_15_Session_0_51|ds_warped_15_Session_0_52|ds_warped_15_Session_0_53|ds_warped_15_Session_0_54|ds_warped_15_Session_test_0_0,derived,v1,50,True,True,2026-08-19
Learning mFISH-V1omFISH,STAGE_1,drifting_gratings,828cf2c1-8088-481d-8f49-0e1f4bc3ffa0,multiplane-ophys_804363_2025-09-08_09-24-39_processed_2026-08-19_01-05-32,804363,Slc32a1-IRES-Cre/wt;Oi1(TIT2L-jGCaMP8s-WPRE-ICL-IRES-tTA2)/wt,2025-04-27,134,Female,Mus musculus,pophys|behavior,multiplane-ophys_804363_2025-09-08_09-24-39,18,2025-09-08,09:24:39.253310,10:27:15.579420,MESO.1,disc,VISp,8,42|82|120|160|198|240|276|320,42,320,4,9.48,35614,681,634,77,98,,1094.0,,drifting_gratings_contrast|drifting_gratings_TF|spontaneous,drifting_gratings_TF|drifting_gratings_contrast,derived,v1,50,True,True,2026-08-19
LearningmFISHTask1A,STAGE_1,drifting_gratings,5ab4dcb8-fcb4-4031-b86e-54d3b7cd5f56,multiplane-ophys_804363_2025-09-09_11-44-14_processed_2026-08-19_01-05-33,804363,Slc32a1-IRES-Cre/wt;Oi1(TIT2L-jGCaMP8s-WPRE-ICL-IRES-tTA2)/wt,2025-04-27,135,Female,Mus musculus,pophys|behavior,multiplane-ophys_804363_2025-09-09_11-44-14,19,2025-09-09,11:44:14.156559,12:46:50.465559,MESO.1,disc,VISp,8,44|84|122|160|200|240|280|322,44,322,4,9.48,35611,663,617,71,99,,1092.0,,drifting_gratings_contrast|drifting_gratings_TF|spontaneous,drifting_gratings_TF|drifting_gratings_contrast,derived,v1,50,True,True,2026-08-19
Learning mFISH-V1omFISH,STAGE_1,drifting_gratings,acaf55c9-fa2f-460c-a311-ecaefb02d1fa,multiplane-ophys_804363_2025-09-10_14-44-56_processed_2026-08-19_01-05-12,804363,Slc32a1-IRES-Cre/wt;Oi1(TIT2L-jGCaMP8s-WPRE-ICL-IRES-tTA2)/wt,2025-04-27,136,Female,Mus musculus,pophys|behavior,multiplane-ophys_804363_2025-09-10_14-44-56,20,2025-09-10,14:44:56.562364,15:47:32.988574,MESO.1,disc,VISp,8,44|84|124|160|200|240|280|322,44,322,4,9.48,35611,618,563,70,89,,1092.0,,drifting_gratings_contrast|drifting_gratings_TF|spontaneous,drifting_gratings_TF|drifting_gratings_contrast,derived,v1,42,True,True,2026-08-19
Learning mFISH-V1omFISH,CENTER_MOUSEMOTION,,77bf929c-94b7-436b-b2f9-cdd214717c2b,multiplane-ophys_804363_2025-09-24_13-00-27_processed_2026-08-19_01-05-12,804363,Slc32a1-IRES-Cre/wt;Oi1(TIT2L-jGCaMP8s-WPRE-ICL-IRES-tTA2)/wt,2025-04-27,150,Female,Mus musculus,pophys|behavior,multiplane-ophys_804363_2025-09-24_13-00-27,21,2025-09-24,13:00:27.494083,14:09:19.036813,MESO.1,disc,VISp,8,47|85|123|163|206|246|290|328,47,328,4,9.48,39164,534,498,47,79,,2944.0,,receptive_field_block|spontaneous|drifting_gratings_field_block|homogeneous_background|stim_003,drifting_gratings_field_block|homogeneous_background|receptive_field_block,derived,v1,42,True,True,2026-08-19
OpenScope,CENTER_MOUSEMOTION,,11f6f65a-d8f3-446d-a012-3e468be72fd4,multiplane-ophys_804363_2025-09-29_11-55-50_processed_2026-08-19_01-06-15,804363,Slc32a1-IRES-Cre/wt;Oi1(TIT2L-jGCaMP8s-WPRE-ICL-IRES-tTA2)/wt,2025-04-27,155,Female,Mus musculus,pophys|behavior,multiplane-ophys_804363_2025-09-29_11-55-50,22,2025-09-29,11:55:50.008728,13:04:41.618258,MESO.1,disc,VISp,8,40|80|115|155|195|240|280|320,40,320,4,9.48,39167,567,529,61,79,,2948.0,,receptive_field_block|spontaneous|drifting_gratings_field_block|homogeneous_background|stim_003,drifting_gratings_field_block|homogeneous_background|receptive_field_block,derived,v1,50,True,True,2026-08-19
